id,latitude,longitude,bright_ti4,bright_ti5,frp,confidence,acq_date,acq_time,satellite,daynight,scan,track,instrument
FIRMS-FUSION-00001,36.10964,97.79659,330.37,297.35,3.73,n,2026-09-29,553,Suomi-NPP VIIRS,D,0.42,0.61,VIIRS 375m
FIRMS-FUSION-00002,36.11086,97.80111,334.43,297.56,5.27,n,2026-09-29,553,Suomi-NPP VIIRS,D,0.42,0.61,VIIRS 375m
FIRMS-FUSION-00003,6.34318,81.3494,344.57,288.6,7.89,n,2026-09-29,724,Suomi-NPP VIIRS,D,0.5,0.66,VIIRS 375m
FIRMS-FUSION-00004,6.34402,81.35403,329.02,288.21,6.92,n,2026-09-29,724,Suomi-NPP VIIRS,D,0.5,0.66,VIIRS 375m
FIRMS-FUSION-00005,6.60296,81.21747,328.88,288.54,5.73,n,2026-09-29,724,Suomi-NPP VIIRS,D,0.51,0.66,VIIRS 375m
FIRMS-FUSION-00006,6.60324,81.22112,337.36,288.92,4.7,n,2026-09-29,724,Suomi-NPP VIIRS,D,0.51,0.66,VIIRS 375m
FIRMS-FUSION-00007,7.31462,81.74361,333.41,290.25,2.71,n,2026-09-29,724,Suomi-NPP VIIRS,D,0.46,0.63,VIIRS 375m
FIRMS-FUSION-00008,7.43188,81.69707,333.66,289.75,3.51,n,2026-09-29,724,Suomi-NPP VIIRS,D,0.46,0.63,VIIRS 375m
FIRMS-FUSION-00009,8.019,81.17416,329.92,289.83,2.57,n,2026-09-29,724,Suomi-NPP VIIRS,D,0.49,0.65,VIIRS 375m
FIRMS-FUSION-00010,8.41913,80.51995,350.95,292.47,12.14,n,2026-09-29,724,Suomi-NPP VIIRS,D,0.53,0.67,VIIRS 375m
FIRMS-FUSION-00011,8.42008,80.51842,353.54,292.19,12.19,n,2026-09-29,724,Suomi-NPP VIIRS,D,0.53,0.67,VIIRS 375m
FIRMS-FUSION-00012,8.63354,80.48622,342.81,285.56,5.34,n,2026-09-29,724,Suomi-NPP VIIRS,D,0.53,0.67,VIIRS 375m
FIRMS-FUSION-00013,9.4829,80.47287,338.53,292.4,5.81,n,2026-09-29,724,Suomi-NPP VIIRS,D,0.51,0.66,VIIRS 375m
FIRMS-FUSION-00014,10.94042,79.13027,330.01,294.04,9.05,n,2026-09-29,726,Suomi-NPP VIIRS,D,0.59,0.7,VIIRS 375m
FIRMS-FUSION-00015,13.9459,79.8444,330.96,294.49,3.23,n,2026-09-29,726,Suomi-NPP VIIRS,D,0.46,0.64,VIIRS 375m
FIRMS-FUSION-00016,15.11701,79.62191,333.17,299.31,3.08,n,2026-09-29,726,Suomi-NPP VIIRS,D,0.46,0.63,VIIRS 375m
FIRMS-FUSION-00017,15.11725,79.62113,342.55,299.17,3.52,n,2026-09-29,726,Suomi-NPP VIIRS,D,0.46,0.63,VIIRS 375m
FIRMS-FUSION-00018,15.12281,79.6207,337.41,299.05,3.08,n,2026-09-29,726,Suomi-NPP VIIRS,D,0.46,0.63,VIIRS 375m
FIRMS-FUSION-00019,15.12307,79.62001,330.5,299.19,3.52,n,2026-09-29,726,Suomi-NPP VIIRS,D,0.46,0.63,VIIRS 375m
FIRMS-FUSION-00020,15.2537,78.62485,347.49,292.96,6.63,n,2026-09-29,726,Suomi-NPP VIIRS,D,0.53,0.67,VIIRS 375m
FIRMS-FUSION-00021,15.25543,78.62557,333.2,292.62,7.14,n,2026-09-29,726,Suomi-NPP VIIRS,D,0.53,0.67,VIIRS 375m
FIRMS-FUSION-00022,16.62882,80.19833,337.26,295.39,5.93,n,2026-09-29,726,Suomi-NPP VIIRS,D,0.39,0.59,VIIRS 375m
FIRMS-FUSION-00023,17.59761,78.98743,330.28,292.4,2.79,n,2026-09-29,729,Suomi-NPP VIIRS,D,0.45,0.63,VIIRS 375m
FIRMS-FUSION-00024,17.65025,79.25647,335.06,296.19,4.71,n,2026-09-29,729,Suomi-NPP VIIRS,D,0.43,0.62,VIIRS 375m
FIRMS-FUSION-00025,17.65112,79.26048,331.19,295.58,6.19,n,2026-09-29,729,Suomi-NPP VIIRS,D,0.43,0.62,VIIRS 375m
FIRMS-FUSION-00026,17.65367,79.25558,329.99,295.39,3.91,n,2026-09-29,729,Suomi-NPP VIIRS,D,0.43,0.62,VIIRS 375m
FIRMS-FUSION-00027,17.65451,79.25961,334.22,295.83,5.81,n,2026-09-29,729,Suomi-NPP VIIRS,D,0.43,0.62,VIIRS 375m
FIRMS-FUSION-00028,18.61373,83.22314,332.87,299.43,5.7,n,2026-09-29,729,Suomi-NPP VIIRS,D,0.46,0.47,VIIRS 375m
FIRMS-FUSION-00029,20.75973,85.29716,331.4,300.12,4.66,n,2026-09-29,729,Suomi-NPP VIIRS,D,0.49,0.4,VIIRS 375m
FIRMS-FUSION-00030,20.78673,85.26462,329.58,299.75,3.65,l,2026-09-29,729,Suomi-NPP VIIRS,D,0.49,0.4,VIIRS 375m
FIRMS-FUSION-00031,20.79244,85.25388,338.91,301.98,9.76,n,2026-09-29,729,Suomi-NPP VIIRS,D,0.49,0.4,VIIRS 375m
FIRMS-FUSION-00032,20.79613,85.25317,329.63,301.27,6.88,l,2026-09-29,729,Suomi-NPP VIIRS,D,0.49,0.4,VIIRS 375m
FIRMS-FUSION-00033,20.96195,85.18865,340.9,302.57,10.06,n,2026-09-29,729,Suomi-NPP VIIRS,D,0.49,0.4,VIIRS 375m
FIRMS-FUSION-00034,20.96688,85.17313,330.92,298.77,3.87,n,2026-09-29,729,Suomi-NPP VIIRS,D,0.49,0.4,VIIRS 375m
FIRMS-FUSION-00035,20.9677,85.17783,331.82,302.25,3.87,l,2026-09-29,729,Suomi-NPP VIIRS,D,0.49,0.4,VIIRS 375m
FIRMS-FUSION-00036,20.96909,85.17435,342.4,302.16,9.73,n,2026-09-29,729,Suomi-NPP VIIRS,D,0.49,0.4,VIIRS 375m
FIRMS-FUSION-00037,20.97139,85.17707,338.81,301.05,3.87,n,2026-09-29,729,Suomi-NPP VIIRS,D,0.49,0.4,VIIRS 375m
FIRMS-FUSION-00038,20.97794,85.17084,330.36,300.75,2.83,l,2026-09-29,729,Suomi-NPP VIIRS,D,0.49,0.4,VIIRS 375m
FIRMS-FUSION-00039,21.076,85.03734,337.14,306.11,6.97,n,2026-09-29,729,Suomi-NPP VIIRS,D,0.5,0.41,VIIRS 375m
FIRMS-FUSION-00040,21.07971,85.03658,345.91,304.98,6.97,n,2026-09-29,729,Suomi-NPP VIIRS,D,0.5,0.41,VIIRS 375m
FIRMS-FUSION-00041,21.92265,83.34913,329.24,299.29,6.95,l,2026-09-29,729,Suomi-NPP VIIRS,D,0.4,0.44,VIIRS 375m
FIRMS-FUSION-00042,21.98473,83.23291,329.34,299.77,5.51,l,2026-09-29,729,Suomi-NPP VIIRS,D,0.4,0.44,VIIRS 375m
FIRMS-FUSION-00043,22.0171,83.33786,331.34,298.82,3.55,n,2026-09-29,729,Suomi-NPP VIIRS,D,0.4,0.44,VIIRS 375m
FIRMS-FUSION-00044,22.0539,88.12553,331.51,297.72,2.82,n,2026-09-29,729,Suomi-NPP VIIRS,D,0.39,0.36,VIIRS 375m
FIRMS-FUSION-00045,22.32343,82.5892,341.13,299.7,4.76,n,2026-09-29,729,Suomi-NPP VIIRS,D,0.43,0.46,VIIRS 375m
FIRMS-FUSION-00046,22.35922,82.30325,332.27,302.08,5.29,n,2026-09-29,729,Suomi-NPP VIIRS,D,0.45,0.47,VIIRS 375m
FIRMS-FUSION-00047,22.36615,87.30139,334.2,303.24,5.03,n,2026-09-29,729,Suomi-NPP VIIRS,D,0.4,0.37,VIIRS 375m
FIRMS-FUSION-00048,22.78837,86.19756,337.58,301.77,4.98,n,2026-09-29,729,Suomi-NPP VIIRS,D,0.42,0.38,VIIRS 375m
FIRMS-FUSION-00049,23.1147,75.71581,330.8,302.51,2.06,n,2026-09-29,729,Suomi-NPP VIIRS,D,0.55,0.68,VIIRS 375m
FIRMS-FUSION-00050,23.56055,87.23941,336.29,295.36,4.79,n,2026-09-29,729,Suomi-NPP VIIRS,D,0.39,0.36,VIIRS 375m
FIRMS-FUSION-00051,23.64721,85.43923,335.08,297.09,4.66,n,2026-09-29,729,Suomi-NPP VIIRS,D,0.44,0.39,VIIRS 375m
FIRMS-FUSION-00052,23.6876,87.1208,332.23,299.26,2.72,n,2026-09-29,729,Suomi-NPP VIIRS,D,0.4,0.37,VIIRS 375m
FIRMS-FUSION-00053,23.68939,86.08852,339.58,295.33,6.63,n,2026-09-29,729,Suomi-NPP VIIRS,D,0.42,0.38,VIIRS 375m
FIRMS-FUSION-00054,23.73668,86.43343,342.98,298.98,4.2,n,2026-09-29,729,Suomi-NPP VIIRS,D,0.41,0.37,VIIRS 375m
FIRMS-FUSION-00055,23.76327,86.40352,338.01,298.6,3.75,n,2026-09-29,729,Suomi-NPP VIIRS,D,0.41,0.37,VIIRS 375m
FIRMS-FUSION-00056,23.76666,86.40284,329.67,297.99,3.75,n,2026-09-29,729,Suomi-NPP VIIRS,D,0.41,0.37,VIIRS 375m
FIRMS-FUSION-00057,23.77429,86.36414,335.42,296.65,3.62,n,2026-09-29,729,Suomi-NPP VIIRS,D,0.41,0.37,VIIRS 375m
FIRMS-FUSION-00058,23.77827,86.3882,339.51,300.46,5.32,n,2026-09-29,729,Suomi-NPP VIIRS,D,0.41,0.37,VIIRS 375m
FIRMS-FUSION-00059,23.77983,86.2097,340.78,300.54,7.95,n,2026-09-29,729,Suomi-NPP VIIRS,D,0.42,0.37,VIIRS 375m
FIRMS-FUSION-00060,23.80362,86.32985,344.67,302.2,6.93,n,2026-09-29,729,Suomi-NPP VIIRS,D,0.41,0.37,VIIRS 375m
FIRMS-FUSION-00061,24.14644,82.65672,334.13,297.4,3.17,n,2026-09-29,729,Suomi-NPP VIIRS,D,0.4,0.44,VIIRS 375m
FIRMS-FUSION-00062,24.6093,97.80847,335.27,292.82,7.58,n,2026-09-29,729,Suomi-NPP VIIRS,D,0.35,0.57,VIIRS 375m
FIRMS-FUSION-00063,24.61432,97.81004,336.72,291.61,7.96,n,2026-09-29,729,Suomi-NPP VIIRS,D,0.35,0.57,VIIRS 375m
FIRMS-FUSION-00064,25.30898,86.49201,333.38,299.38,3.4,n,2026-09-29,729,Suomi-NPP VIIRS,D,0.4,0.37,VIIRS 375m
FIRMS-FUSION-00065,25.86546,93.36233,332.04,297.62,2.9,n,2026-09-29,729,Suomi-NPP VIIRS,D,0.39,0.44,VIIRS 375m
FIRMS-FUSION-00066,25.86854,96.6283,329.38,296.87,5.87,n,2026-09-29,729,Suomi-NPP VIIRS,D,0.61,0.54,VIIRS 375m
FIRMS-FUSION-00067,25.86871,96.62617,330.53,296.99,4.19,n,2026-09-29,729,Suomi-NPP VIIRS,D,0.61,0.54,VIIRS 375m
FIRMS-FUSION-00068,27.65409,77.45203,334.04,297.26,3.11,n,2026-09-29,729,Suomi-NPP VIIRS,D,0.34,0.56,VIIRS 375m
FIRMS-FUSION-00069,28.12338,77.58401,331.92,297.87,2.54,n,2026-09-29,729,Suomi-NPP VIIRS,D,0.33,0.55,VIIRS 375m
FIRMS-FUSION-00070,28.63075,76.15372,331.8,298.36,2.12,n,2026-09-29,729,Suomi-NPP VIIRS,D,0.39,0.59,VIIRS 375m
FIRMS-FUSION-00071,27.74485,96.28925,345.97,295.87,14.46,n,2026-09-29,731,Suomi-NPP VIIRS,D,0.61,0.54,VIIRS 375m
FIRMS-FUSION-00072,27.7449,96.28738,342.57,296.29,18.25,n,2026-09-29,731,Suomi-NPP VIIRS,D,0.61,0.54,VIIRS 375m
FIRMS-FUSION-00073,27.74833,96.32671,339.91,294.83,6.51,n,2026-09-29,731,Suomi-NPP VIIRS,D,0.62,0.54,VIIRS 375m
FIRMS-FUSION-00074,27.74866,96.33108,339.93,295.16,9.87,n,2026-09-29,731,Suomi-NPP VIIRS,D,0.62,0.54,VIIRS 375m
FIRMS-FUSION-00075,27.75332,96.32629,331.22,294.36,3.16,n,2026-09-29,731,Suomi-NPP VIIRS,D,0.62,0.54,VIIRS 375m
FIRMS-FUSION-00076,27.75366,96.3307,334.74,294.6,9.87,n,2026-09-29,731,Suomi-NPP VIIRS,D,0.62,0.54,VIIRS 375m
FIRMS-FUSION-00077,27.762,96.31081,336.77,294.89,5.82,n,2026-09-29,731,Suomi-NPP VIIRS,D,0.62,0.54,VIIRS 375m
FIRMS-FUSION-00078,27.76212,96.31268,335.87,295.14,7.54,n,2026-09-29,731,Suomi-NPP VIIRS,D,0.62,0.54,VIIRS 375m
FIRMS-FUSION-00079,27.76484,96.11652,341.28,295.42,7.4,n,2026-09-29,731,Suomi-NPP VIIRS,D,0.6,0.53,VIIRS 375m
FIRMS-FUSION-00080,27.76529,96.01178,330.05,295.27,4.77,n,2026-09-29,731,Suomi-NPP VIIRS,D,0.59,0.53,VIIRS 375m
FIRMS-FUSION-00081,27.89012,96.16331,333.19,294.86,4.54,n,2026-09-29,731,Suomi-NPP VIIRS,D,0.61,0.53,VIIRS 375m
FIRMS-FUSION-00082,27.99357,95.51171,331.86,295.71,4.13,n,2026-09-29,731,Suomi-NPP VIIRS,D,0.55,0.51,VIIRS 375m
FIRMS-FUSION-00083,27.99417,95.51117,331.56,295.5,4.03,n,2026-09-29,731,Suomi-NPP VIIRS,D,0.55,0.51,VIIRS 375m
FIRMS-FUSION-00084,30.50002,75.62022,348.99,294.75,6.13,n,2026-09-29,731,Suomi-NPP VIIRS,D,0.38,0.59,VIIRS 375m
FIRMS-FUSION-00085,30.96744,74.19054,335.17,297.17,3.71,n,2026-09-29,731,Suomi-NPP VIIRS,D,0.45,0.63,VIIRS 375m
FIRMS-FUSION-00086,31.05313,74.28538,351.22,299.02,9.04,n,2026-09-29,731,Suomi-NPP VIIRS,D,0.44,0.62,VIIRS 375m
FIRMS-FUSION-00087,31.05706,74.34778,340.49,297.81,5.89,n,2026-09-29,731,Suomi-NPP VIIRS,D,0.44,0.62,VIIRS 375m
FIRMS-FUSION-00088,31.31392,75.34063,346.01,296.73,8.13,n,2026-09-29,731,Suomi-NPP VIIRS,D,0.38,0.59,VIIRS 375m
FIRMS-FUSION-00089,31.33361,74.30579,334.79,299.42,2.02,n,2026-09-29,731,Suomi-NPP VIIRS,D,0.43,0.62,VIIRS 375m
FIRMS-FUSION-00090,31.51509,75.03067,367.0,303.87,7.64,h,2026-09-29,731,Suomi-NPP VIIRS,D,0.39,0.59,VIIRS 375m
FIRMS-FUSION-00091,31.51638,75.03042,367.0,304.75,10.44,h,2026-09-29,731,Suomi-NPP VIIRS,D,0.39,0.59,VIIRS 375m
FIRMS-FUSION-00092,31.56274,74.75707,329.96,300.94,1.61,n,2026-09-29,731,Suomi-NPP VIIRS,D,0.4,0.6,VIIRS 375m
FIRMS-FUSION-00093,31.59668,74.6134,340.61,301.2,3.62,n,2026-09-29,731,Suomi-NPP VIIRS,D,0.41,0.61,VIIRS 375m
FIRMS-FUSION-00094,31.60815,75.23576,351.81,302.28,5.06,n,2026-09-29,731,Suomi-NPP VIIRS,D,0.38,0.58,VIIRS 375m
FIRMS-FUSION-00095,31.74793,73.62749,330.25,296.86,2.44,n,2026-09-29,731,Suomi-NPP VIIRS,D,0.46,0.64,VIIRS 375m
FIRMS-FUSION-00096,31.77238,74.68832,330.33,299.8,1.91,n,2026-09-29,731,Suomi-NPP VIIRS,D,0.4,0.6,VIIRS 375m
FIRMS-FUSION-00097,31.78729,74.22294,344.29,299.85,7.5,n,2026-09-29,731,Suomi-NPP VIIRS,D,0.43,0.62,VIIRS 375m
FIRMS-FUSION-00098,31.80148,74.06763,333.97,298.42,2.7,n,2026-09-29,731,Suomi-NPP VIIRS,D,0.43,0.62,VIIRS 375m
FIRMS-FUSION-00099,31.84049,74.61057,346.86,300.19,3.74,n,2026-09-29,731,Suomi-NPP VIIRS,D,0.4,0.6,VIIRS 375m
FIRMS-FUSION-00100,31.89711,74.15167,335.57,298.6,3.18,n,2026-09-29,731,Suomi-NPP VIIRS,D,0.43,0.62,VIIRS 375m
FIRMS-FUSION-00101,31.89898,74.11232,367.0,300.11,9.25,h,2026-09-29,731,Suomi-NPP VIIRS,D,0.43,0.62,VIIRS 375m
FIRMS-FUSION-00102,31.90263,74.14976,337.36,297.95,6.2,n,2026-09-29,731,Suomi-NPP VIIRS,D,0.43,0.62,VIIRS 375m
FIRMS-FUSION-00103,32.18219,73.94493,339.77,298.78,5.75,n,2026-09-29,731,Suomi-NPP VIIRS,D,0.43,0.62,VIIRS 375m
FIRMS-FUSION-00104,32.2818,75.29955,328.05,296.59,1.9,n,2026-09-29,731,Suomi-NPP VIIRS,D,0.36,0.57,VIIRS 375m
FIRMS-FUSION-00105,32.43046,73.93165,329.17,297.17,0.66,n,2026-09-29,731,Suomi-NPP VIIRS,D,0.43,0.62,VIIRS 375m
FIRMS-FUSION-00106,11.14383,77.24282,332.6,294.01,1.94,n,2026-09-29,905,Suomi-NPP VIIRS,D,0.5,0.66,VIIRS 375m
FIRMS-FUSION-00107,8.99556,77.27133,339.86,295.71,2.59,n,2026-09-29,907,Suomi-NPP VIIRS,D,0.47,0.64,VIIRS 375m
FIRMS-FUSION-00108,9.39216,77.61321,340.83,295.92,5.37,n,2026-09-29,907,Suomi-NPP VIIRS,D,0.5,0.66,VIIRS 375m
FIRMS-FUSION-00109,21.04028,72.87133,341.67,295.1,4.12,n,2026-09-29,907,Suomi-NPP VIIRS,D,0.34,0.56,VIIRS 375m
FIRMS-FUSION-00110,21.04062,72.87466,347.12,295.42,4.12,n,2026-09-29,907,Suomi-NPP VIIRS,D,0.34,0.56,VIIRS 375m
FIRMS-FUSION-00111,21.10107,72.63486,336.79,296.39,4.17,n,2026-09-29,907,Suomi-NPP VIIRS,D,0.33,0.55,VIIRS 375m
FIRMS-FUSION-00112,21.1014,72.63807,341.15,297.61,4.16,n,2026-09-29,907,Suomi-NPP VIIRS,D,0.33,0.55,VIIRS 375m
FIRMS-FUSION-00113,21.10751,72.64716,335.73,297.85,3.89,n,2026-09-29,907,Suomi-NPP VIIRS,D,0.33,0.55,VIIRS 375m
FIRMS-FUSION-00114,21.14508,75.94334,330.4,300.98,3.74,l,2026-09-29,907,Suomi-NPP VIIRS,D,0.54,0.68,VIIRS 375m
FIRMS-FUSION-00115,22.93834,69.18812,334.41,304.56,1.59,l,2026-09-29,909,Suomi-NPP VIIRS,D,0.42,0.45,VIIRS 375m
FIRMS-FUSION-00116,23.5273,68.92737,334.68,305.67,3.01,l,2026-09-29,909,Suomi-NPP VIIRS,D,0.41,0.45,VIIRS 375m
FIRMS-FUSION-00117,23.91867,72.91904,338.71,300.39,2.32,n,2026-09-29,909,Suomi-NPP VIIRS,D,0.37,0.58,VIIRS 375m
FIRMS-FUSION-00118,25.46677,68.74697,330.34,299.47,1.69,n,2026-09-29,909,Suomi-NPP VIIRS,D,0.43,0.46,VIIRS 375m
FIRMS-FUSION-00119,26.08568,72.40668,330.14,300.45,3.0,l,2026-09-29,909,Suomi-NPP VIIRS,D,0.36,0.58,VIIRS 375m
FIRMS-FUSION-00120,27.18698,71.71606,330.14,301.84,2.75,l,2026-09-29,909,Suomi-NPP VIIRS,D,0.34,0.56,VIIRS 375m
FIRMS-FUSION-00121,28.05299,69.36814,331.88,302.11,4.4,n,2026-09-29,909,Suomi-NPP VIIRS,D,0.5,0.49,VIIRS 375m
FIRMS-FUSION-00122,30.76731,74.01038,367.0,298.07,12.81,h,2026-09-29,911,Suomi-NPP VIIRS,D,0.51,0.66,VIIRS 375m
FIRMS-FUSION-00123,30.76766,74.00786,367.0,298.5,9.52,h,2026-09-29,911,Suomi-NPP VIIRS,D,0.51,0.66,VIIRS 375m
FIRMS-FUSION-00124,31.00466,74.43505,338.68,298.34,4.41,n,2026-09-29,911,Suomi-NPP VIIRS,D,0.54,0.68,VIIRS 375m
FIRMS-FUSION-00125,31.00496,74.44086,332.83,298.13,4.41,n,2026-09-29,911,Suomi-NPP VIIRS,D,0.54,0.68,VIIRS 375m
FIRMS-FUSION-00126,31.09123,74.62504,330.08,297.38,2.32,n,2026-09-29,911,Suomi-NPP VIIRS,D,0.55,0.68,VIIRS 375m
FIRMS-FUSION-00127,31.09247,74.62752,332.04,297.05,2.91,n,2026-09-29,911,Suomi-NPP VIIRS,D,0.55,0.68,VIIRS 375m
FIRMS-FUSION-00128,31.10598,74.66026,350.2,299.62,6.37,n,2026-09-29,911,Suomi-NPP VIIRS,D,0.56,0.69,VIIRS 375m
FIRMS-FUSION-00129,31.10701,74.6628,341.62,298.54,9.16,n,2026-09-29,911,Suomi-NPP VIIRS,D,0.56,0.69,VIIRS 375m
FIRMS-FUSION-00130,31.75853,74.98412,329.73,300.44,3.48,l,2026-09-29,911,Suomi-NPP VIIRS,D,0.59,0.7,VIIRS 375m
FIRMS-FUSION-00131,31.86007,74.00643,332.44,298.26,3.96,n,2026-09-29,911,Suomi-NPP VIIRS,D,0.52,0.67,VIIRS 375m
FIRMS-FUSION-00132,31.89677,74.10643,339.86,298.15,4.98,n,2026-09-29,911,Suomi-NPP VIIRS,D,0.52,0.67,VIIRS 375m
FIRMS-FUSION-00133,31.91891,73.85874,331.04,299.01,3.82,n,2026-09-29,911,Suomi-NPP VIIRS,D,0.51,0.66,VIIRS 375m
FIRMS-FUSION-00134,32.10069,75.23662,334.34,296.98,5.52,n,2026-09-29,911,Suomi-NPP VIIRS,D,0.61,0.71,VIIRS 375m
FIRMS-FUSION-00135,32.21089,73.80588,330.68,297.15,4.57,n,2026-09-29,911,Suomi-NPP VIIRS,D,0.51,0.66,VIIRS 375m
FIRMS-FUSION-00136,32.35852,73.4714,339.85,297.49,4.95,n,2026-09-29,911,Suomi-NPP VIIRS,D,0.49,0.65,VIIRS 375m
FIRMS-FUSION-00137,32.43173,73.93186,330.37,296.41,2.26,n,2026-09-29,911,Suomi-NPP VIIRS,D,0.52,0.67,VIIRS 375m
FIRMS-FUSION-00138,34.24412,71.90479,331.77,298.22,2.44,n,2026-09-29,911,Suomi-NPP VIIRS,D,0.41,0.61,VIIRS 375m
FIRMS-FUSION-00139,35.98945,94.82993,303.4,276.96,1.36,n,2026-09-29,1951,Suomi-NPP VIIRS,N,0.41,0.37,VIIRS 375m
FIRMS-FUSION-00140,27.53632,95.39981,303.35,285.86,0.74,n,2026-09-29,1953,Suomi-NPP VIIRS,N,0.55,0.43,VIIRS 375m
FIRMS-FUSION-00141,29.08584,88.01046,311.16,278.62,1.67,n,2026-09-29,1953,Suomi-NPP VIIRS,N,0.43,0.38,VIIRS 375m
FIRMS-FUSION-00142,29.22584,88.34926,295.91,279.97,0.6,n,2026-09-29,1953,Suomi-NPP VIIRS,N,0.42,0.37,VIIRS 375m
FIRMS-FUSION-00143,29.37433,91.15071,308.12,282.29,1.45,n,2026-09-29,1953,Suomi-NPP VIIRS,N,0.39,0.36,VIIRS 375m
FIRMS-FUSION-00144,29.65865,90.89909,304.64,281.72,1.03,n,2026-09-29,1953,Suomi-NPP VIIRS,N,0.38,0.36,VIIRS 375m
FIRMS-FUSION-00145,30.94889,97.36448,299.13,284.96,0.54,n,2026-09-29,1953,Suomi-NPP VIIRS,N,0.41,0.45,VIIRS 375m
FIRMS-FUSION-00146,33.84414,75.56548,309.36,273.67,4.39,n,2026-09-29,1953,Suomi-NPP VIIRS,N,0.77,0.77,VIIRS 375m
FIRMS-FUSION-00147,20.86299,84.99522,309.43,293.38,2.35,n,2026-09-29,1955,Suomi-NPP VIIRS,N,0.47,0.4,VIIRS 375m
FIRMS-FUSION-00148,20.86362,84.99073,309.9,293.81,2.43,n,2026-09-29,1955,Suomi-NPP VIIRS,N,0.47,0.4,VIIRS 375m
FIRMS-FUSION-00149,20.86424,84.98624,326.94,293.28,2.43,n,2026-09-29,1955,Suomi-NPP VIIRS,N,0.47,0.4,VIIRS 375m
FIRMS-FUSION-00150,20.8703,84.99636,322.7,294.73,2.92,n,2026-09-29,1955,Suomi-NPP VIIRS,N,0.47,0.4,VIIRS 375m
FIRMS-FUSION-00151,20.88305,84.98224,307.73,294.24,1.72,n,2026-09-29,1955,Suomi-NPP VIIRS,N,0.47,0.4,VIIRS 375m
FIRMS-FUSION-00152,20.88316,84.98451,307.35,294.58,1.84,n,2026-09-29,1955,Suomi-NPP VIIRS,N,0.47,0.4,VIIRS 375m
FIRMS-FUSION-00153,20.88671,84.98278,318.63,294.71,1.72,n,2026-09-29,1955,Suomi-NPP VIIRS,N,0.47,0.4,VIIRS 375m
FIRMS-FUSION-00154,20.88746,84.98053,320.36,293.93,3.36,n,2026-09-29,1955,Suomi-NPP VIIRS,N,0.47,0.4,VIIRS 375m
FIRMS-FUSION-00155,20.89038,84.98333,306.36,293.51,1.34,n,2026-09-29,1955,Suomi-NPP VIIRS,N,0.47,0.4,VIIRS 375m
FIRMS-FUSION-00156,20.94149,86.06322,324.67,293.48,3.49,n,2026-09-29,1955,Suomi-NPP VIIRS,N,0.43,0.38,VIIRS 375m
FIRMS-FUSION-00157,20.95144,86.04392,320.73,292.92,3.31,n,2026-09-29,1955,Suomi-NPP VIIRS,N,0.43,0.38,VIIRS 375m
FIRMS-FUSION-00158,20.95202,86.04682,312.05,292.98,1.27,n,2026-09-29,1955,Suomi-NPP VIIRS,N,0.43,0.38,VIIRS 375m
FIRMS-FUSION-00159,20.9526,86.04272,307.72,292.57,1.27,n,2026-09-29,1955,Suomi-NPP VIIRS,N,0.43,0.38,VIIRS 375m
FIRMS-FUSION-00160,20.95741,85.0122,308.32,294.06,2.28,n,2026-09-29,1955,Suomi-NPP VIIRS,N,0.47,0.4,VIIRS 375m
FIRMS-FUSION-00161,20.96096,85.17358,313.29,293.6,1.96,n,2026-09-29,1955,Suomi-NPP VIIRS,N,0.46,0.39,VIIRS 375m
FIRMS-FUSION-00162,20.96132,86.00622,310.46,291.75,1.29,n,2026-09-29,1955,Suomi-NPP VIIRS,N,0.43,0.38,VIIRS 375m
FIRMS-FUSION-00163,20.96159,85.16911,309.53,294.04,1.66,n,2026-09-29,1955,Suomi-NPP VIIRS,N,0.46,0.39,VIIRS 375m
FIRMS-FUSION-00164,20.96209,85.19189,307.12,294.23,1.82,n,2026-09-29,1955,Suomi-NPP VIIRS,N,0.46,0.39,VIIRS 375m
FIRMS-FUSION-00165,20.96254,85.18961,330.5,295.5,4.12,n,2026-09-29,1955,Suomi-NPP VIIRS,N,0.46,0.39,VIIRS 375m
FIRMS-FUSION-00166,20.96271,85.1875,337.42,295.29,3.14,n,2026-09-29,1955,Suomi-NPP VIIRS,N,0.46,0.39,VIIRS 375m
FIRMS-FUSION-00167,20.96314,85.18517,320.94,294.62,2.28,n,2026-09-29,1955,Suomi-NPP VIIRS,N,0.46,0.39,VIIRS 375m
FIRMS-FUSION-00168,20.96333,85.18305,309.56,294.02,3.14,n,2026-09-29,1955,Suomi-NPP VIIRS,N,0.46,0.39,VIIRS 375m
FIRMS-FUSION-00169,20.96374,85.18073,313.51,294.25,2.28,n,2026-09-29,1955,Suomi-NPP VIIRS,N,0.46,0.39,VIIRS 375m
FIRMS-FUSION-00170,20.96396,85.1786,309.05,294.33,1.96,n,2026-09-29,1955,Suomi-NPP VIIRS,N,0.46,0.39,VIIRS 375m
FIRMS-FUSION-00171,20.96435,85.17626,311.34,294.3,2.19,n,2026-09-29,1955,Suomi-NPP VIIRS,N,0.46,0.39,VIIRS 375m
FIRMS-FUSION-00172,20.96459,85.17414,324.89,294.39,1.96,n,2026-09-29,1955,Suomi-NPP VIIRS,N,0.46,0.39,VIIRS 375m
FIRMS-FUSION-00173,20.96482,86.00679,313.66,292.91,2.07,n,2026-09-29,1955,Suomi-NPP VIIRS,N,0.43,0.38,VIIRS 375m
FIRMS-FUSION-00174,20.96495,85.1718,315.94,294.02,2.19,n,2026-09-29,1955,Suomi-NPP VIIRS,N,0.46,0.39,VIIRS 375m
FIRMS-FUSION-00175,20.96522,85.16966,313.62,294.22,1.66,n,2026-09-29,1955,Suomi-NPP VIIRS,N,0.46,0.39,VIIRS 375m
FIRMS-FUSION-00176,20.9654,86.00266,320.26,293.35,2.07,n,2026-09-29,1955,Suomi-NPP VIIRS,N,0.43,0.38,VIIRS 375m
FIRMS-FUSION-00177,20.96556,85.16731,318.72,294.39,1.27,n,2026-09-29,1955,Suomi-NPP VIIRS,N,0.46,0.39,VIIRS 375m
FIRMS-FUSION-00178,20.96585,85.1652,311.94,294.02,1.66,n,2026-09-29,1955,Suomi-NPP VIIRS,N,0.46,0.39,VIIRS 375m
FIRMS-FUSION-00179,20.96616,85.16282,309.48,293.57,1.27,n,2026-09-29,1955,Suomi-NPP VIIRS,N,0.46,0.39,VIIRS 375m
FIRMS-FUSION-00180,20.96648,85.16071,306.85,293.41,2.15,n,2026-09-29,1955,Suomi-NPP VIIRS,N,0.46,0.39,VIIRS 375m
FIRMS-FUSION-00181,20.96737,85.15385,310.41,293.61,2.23,n,2026-09-29,1955,Suomi-NPP VIIRS,N,0.46,0.39,VIIRS 375m
FIRMS-FUSION-00182,20.96759,85.17916,306.94,293.48,2.23,n,2026-09-29,1955,Suomi-NPP VIIRS,N,0.46,0.39,VIIRS 375m
FIRMS-FUSION-00183,20.96773,86.01147,328.36,294.38,4.46,n,2026-09-29,1955,Suomi-NPP VIIRS,N,0.43,0.38,VIIRS 375m
FIRMS-FUSION-00184,20.96797,85.17683,330.71,294.02,2.19,n,2026-09-29,1955,Suomi-NPP VIIRS,N,0.46,0.39,VIIRS 375m
FIRMS-FUSION-00185,20.96821,85.1747,333.57,294.43,2.23,n,2026-09-29,1955,Suomi-NPP VIIRS,N,0.46,0.39,VIIRS 375m
FIRMS-FUSION-00186,20.96858,85.17235,316.25,293.6,2.19,n,2026-09-29,1955,Suomi-NPP VIIRS,N,0.46,0.39,VIIRS 375m
FIRMS-FUSION-00187,20.96885,85.17022,310.06,293.74,1.92,n,2026-09-29,1955,Suomi-NPP VIIRS,N,0.46,0.39,VIIRS 375m
FIRMS-FUSION-00188,20.96919,85.16786,305.93,293.23,1.27,n,2026-09-29,1955,Suomi-NPP VIIRS,N,0.46,0.39,VIIRS 375m
FIRMS-FUSION-00189,20.9716,85.17739,310.85,293.38,1.61,n,2026-09-29,1955,Suomi-NPP VIIRS,N,0.46,0.39,VIIRS 375m
FIRMS-FUSION-00190,20.97184,85.17525,312.51,293.8,2.23,n,2026-09-29,1955,Suomi-NPP VIIRS,N,0.46,0.39,VIIRS 375m
FIRMS-FUSION-00191,20.97239,86.00378,317.48,293.86,2.97,n,2026-09-29,1955,Suomi-NPP VIIRS,N,0.43,0.38,VIIRS 375m
FIRMS-FUSION-00192,20.97584,85.17347,316.87,294.03,1.61,n,2026-09-29,1955,Suomi-NPP VIIRS,N,0.46,0.39,VIIRS 375m
FIRMS-FUSION-00193,20.97645,85.16898,315.52,293.92,2.58,n,2026-09-29,1955,Suomi-NPP VIIRS,N,0.46,0.39,VIIRS 375m
FIRMS-FUSION-00194,20.97752,85.13499,308.03,293.97,1.99,n,2026-09-29,1955,Suomi-NPP VIIRS,N,0.47,0.39,VIIRS 375m
FIRMS-FUSION-00195,21.07574,85.04196,312.45,293.4,3.12,n,2026-09-29,1955,Suomi-NPP VIIRS,N,0.47,0.4,VIIRS 375m
FIRMS-FUSION-00196,21.07637,85.03741,328.03,295.75,5.29,n,2026-09-29,1955,Suomi-NPP VIIRS,N,0.47,0.4,VIIRS 375m
FIRMS-FUSION-00197,21.08003,85.03797,321.83,294.6,2.67,n,2026-09-29,1955,Suomi-NPP VIIRS,N,0.47,0.4,VIIRS 375m
FIRMS-FUSION-00198,21.08066,85.03343,324.7,294.12,2.67,n,2026-09-29,1955,Suomi-NPP VIIRS,N,0.47,0.4,VIIRS 375m
FIRMS-FUSION-00199,21.31022,81.59282,309.07,294.73,1.26,n,2026-09-29,1955,Suomi-NPP VIIRS,N,0.49,0.49,VIIRS 375m
FIRMS-FUSION-00200,21.37471,81.64254,310.33,294.52,1.96,n,2026-09-29,1955,Suomi-NPP VIIRS,N,0.49,0.49,VIIRS 375m
FIRMS-FUSION-00201,21.37473,81.68155,310.48,294.67,2.33,n,2026-09-29,1955,Suomi-NPP VIIRS,N,0.49,0.49,VIIRS 375m
FIRMS-FUSION-00202,21.50076,81.8082,305.28,294.18,0.81,n,2026-09-29,1955,Suomi-NPP VIIRS,N,0.48,0.48,VIIRS 375m
FIRMS-FUSION-00203,21.67401,84.03998,307.09,293.71,1.46,n,2026-09-29,1955,Suomi-NPP VIIRS,N,0.54,0.42,VIIRS 375m
FIRMS-FUSION-00204,21.6779,84.04055,311.59,294.47,1.46,n,2026-09-29,1955,Suomi-NPP VIIRS,N,0.54,0.42,VIIRS 375m
FIRMS-FUSION-00205,21.67857,84.03532,305.66,293.86,1.93,n,2026-09-29,1955,Suomi-NPP VIIRS,N,0.54,0.42,VIIRS 375m
FIRMS-FUSION-00206,21.74736,83.84081,315.73,294.34,2.52,n,2026-09-29,1955,Suomi-NPP VIIRS,N,0.55,0.43,VIIRS 375m
FIRMS-FUSION-00207,21.74974,83.9766,307.73,293.91,1.28,n,2026-09-29,1955,Suomi-NPP VIIRS,N,0.54,0.42,VIIRS 375m
FIRMS-FUSION-00208,21.75524,84.02561,314.89,294.83,2.45,n,2026-09-29,1955,Suomi-NPP VIIRS,N,0.54,0.42,VIIRS 375m
FIRMS-FUSION-00209,21.75525,83.84192,313.88,294.49,2.45,n,2026-09-29,1955,Suomi-NPP VIIRS,N,0.55,0.43,VIIRS 375m
FIRMS-FUSION-00210,21.75594,84.02033,308.68,294.96,2.45,n,2026-09-29,1955,Suomi-NPP VIIRS,N,0.54,0.42,VIIRS 375m
FIRMS-FUSION-00211,21.75801,83.82056,304.82,293.31,0.9,n,2026-09-29,1955,Suomi-NPP VIIRS,N,0.55,0.43,VIIRS 375m
FIRMS-FUSION-00212,21.7585,83.84785,307.58,293.7,2.24,n,2026-09-29,1955,Suomi-NPP VIIRS,N,0.55,0.43,VIIRS 375m
FIRMS-FUSION-00213,21.75946,84.0232,308.34,294.59,2.45,n,2026-09-29,1955,Suomi-NPP VIIRS,N,0.54,0.42,VIIRS 375m
FIRMS-FUSION-00214,21.76244,83.84842,318.19,294.89,3.28,n,2026-09-29,1955,Suomi-NPP VIIRS,N,0.55,0.43,VIIRS 375m
FIRMS-FUSION-00215,21.76373,84.02153,311.85,294.89,2.95,n,2026-09-29,1955,Suomi-NPP VIIRS,N,0.54,0.42,VIIRS 375m
FIRMS-FUSION-00216,21.76401,84.01854,315.82,295.61,2.45,n,2026-09-29,1955,Suomi-NPP VIIRS,N,0.54,0.42,VIIRS 375m
FIRMS-FUSION-00217,21.76443,84.01626,305.57,294.13,1.58,n,2026-09-29,1955,Suomi-NPP VIIRS,N,0.54,0.42,VIIRS 375m
FIRMS-FUSION-00218,21.76791,84.01912,315.92,295.31,2.86,n,2026-09-29,1955,Suomi-NPP VIIRS,N,0.54,0.42,VIIRS 375m
FIRMS-FUSION-00219,21.76832,84.01685,312.63,295.18,1.58,n,2026-09-29,1955,Suomi-NPP VIIRS,N,0.54,0.42,VIIRS 375m
FIRMS-FUSION-00220,21.79698,83.88308,309.16,293.63,2.14,n,2026-09-29,1955,Suomi-NPP VIIRS,N,0.55,0.43,VIIRS 375m
FIRMS-FUSION-00221,21.80026,82.03806,308.45,294.07,1.66,n,2026-09-29,1955,Suomi-NPP VIIRS,N,0.47,0.48,VIIRS 375m
FIRMS-FUSION-00222,21.80334,82.04037,305.64,294.54,1.62,n,2026-09-29,1955,Suomi-NPP VIIRS,N,0.47,0.48,VIIRS 375m
FIRMS-FUSION-00223,21.82268,83.99512,305.48,294.16,2.22,n,2026-09-29,1955,Suomi-NPP VIIRS,N,0.54,0.42,VIIRS 375m
FIRMS-FUSION-00224,21.85807,83.96808,305.57,294.08,1.09,n,2026-09-29,1955,Suomi-NPP VIIRS,N,0.54,0.42,VIIRS 375m
FIRMS-FUSION-00225,21.87395,83.49469,306.35,292.64,0.82,n,2026-09-29,1955,Suomi-NPP VIIRS,N,0.39,0.44,VIIRS 375m
FIRMS-FUSION-00226,21.87798,83.4953,304.99,292.94,0.82,n,2026-09-29,1955,Suomi-NPP VIIRS,N,0.39,0.44,VIIRS 375m
FIRMS-FUSION-00227,21.87851,83.55644,312.14,293.71,0.89,n,2026-09-29,1955,Suomi-NPP VIIRS,N,0.38,0.43,VIIRS 375m
FIRMS-FUSION-00228,21.92034,83.35455,319.12,293.89,2.48,n,2026-09-29,1955,Suomi-NPP VIIRS,N,0.39,0.44,VIIRS 375m
FIRMS-FUSION-00229,21.92082,83.35073,337.09,296.65,5.75,n,2026-09-29,1955,Suomi-NPP VIIRS,N,0.39,0.44,VIIRS 375m
FIRMS-FUSION-00230,21.92489,83.35133,305.15,293.57,1.41,n,2026-09-29,1955,Suomi-NPP VIIRS,N,0.39,0.44,VIIRS 375m
FIRMS-FUSION-00231,21.96689,85.31283,304.2,288.59,1.3,n,2026-09-29,1955,Suomi-NPP VIIRS,N,0.47,0.4,VIIRS 375m
FIRMS-FUSION-00232,21.98445,83.23266,317.18,295.22,2.48,n,2026-09-29,1955,Suomi-NPP VIIRS,N,0.4,0.44,VIIRS 375m
FIRMS-FUSION-00233,21.9847,83.36707,305.54,293.61,0.68,n,2026-09-29,1955,Suomi-NPP VIIRS,N,0.39,0.44,VIIRS 375m
FIRMS-FUSION-00234,22.00478,82.67004,318.89,295.97,2.7,n,2026-09-29,1955,Suomi-NPP VIIRS,N,0.43,0.46,VIIRS 375m
FIRMS-FUSION-00235,22.01546,83.75294,310.62,294.35,2.35,n,2026-09-29,1955,Suomi-NPP VIIRS,N,0.56,0.43,VIIRS 375m
FIRMS-FUSION-00236,22.017,83.34053,305.9,293.76,1.17,n,2026-09-29,1955,Suomi-NPP VIIRS,N,0.4,0.44,VIIRS 375m
FIRMS-FUSION-00237,22.0304,83.36599,308.34,294.32,1.74,n,2026-09-29,1955,Suomi-NPP VIIRS,N,0.39,0.44,VIIRS 375m
FIRMS-FUSION-00238,22.03639,83.35127,317.11,295.04,1.99,n,2026-09-29,1955,Suomi-NPP VIIRS,N,0.4,0.44,VIIRS 375m
FIRMS-FUSION-00239,22.03806,83.73395,309.56,294.99,2.53,n,2026-09-29,1955,Suomi-NPP VIIRS,N,0.56,0.43,VIIRS 375m
FIRMS-FUSION-00240,22.03875,83.72844,309.63,294.41,1.79,n,2026-09-29,1955,Suomi-NPP VIIRS,N,0.56,0.43,VIIRS 375m
FIRMS-FUSION-00241,22.05366,88.12751,317.73,282.02,1.4,n,2026-09-29,1955,Suomi-NPP VIIRS,N,0.39,0.36,VIIRS 375m
FIRMS-FUSION-00242,22.05424,88.12377,308.06,283.4,1.4,n,2026-09-29,1955,Suomi-NPP VIIRS,N,0.39,0.36,VIIRS 375m
FIRMS-FUSION-00243,22.06611,83.7044,311.46,293.63,1.78,n,2026-09-29,1955,Suomi-NPP VIIRS,N,0.57,0.43,VIIRS 375m
FIRMS-FUSION-00244,22.15333,82.09572,305.53,293.72,0.54,n,2026-09-29,1955,Suomi-NPP VIIRS,N,0.47,0.48,VIIRS 375m
FIRMS-FUSION-00245,22.20716,84.55076,307.16,294.34,1.36,n,2026-09-29,1955,Suomi-NPP VIIRS,N,0.51,0.41,VIIRS 375m
FIRMS-FUSION-00246,22.20824,84.86313,319.53,295.36,3.27,n,2026-09-29,1955,Suomi-NPP VIIRS,N,0.49,0.41,VIIRS 375m
FIRMS-FUSION-00247,22.21135,84.86852,311.47,294.27,1.72,n,2026-09-29,1955,Suomi-NPP VIIRS,N,0.49,0.41,VIIRS 375m
FIRMS-FUSION-00248,22.2114,84.839,310.45,294.27,2.29,n,2026-09-29,1955,Suomi-NPP VIIRS,N,0.5,0.41,VIIRS 375m
FIRMS-FUSION-00249,22.21198,84.8637,313.03,295.44,2.48,n,2026-09-29,1955,Suomi-NPP VIIRS,N,0.49,0.41,VIIRS 375m
FIRMS-FUSION-00250,22.21509,84.86909,307.3,294.45,1.72,n,2026-09-29,1955,Suomi-NPP VIIRS,N,0.49,0.41,VIIRS 375m
FIRMS-FUSION-00251,22.21515,84.83959,315.46,294.45,2.1,n,2026-09-29,1955,Suomi-NPP VIIRS,N,0.5,0.41,VIIRS 375m
FIRMS-FUSION-00252,22.21839,84.75613,308.01,294.73,3.1,n,2026-09-29,1955,Suomi-NPP VIIRS,N,0.5,0.41,VIIRS 375m
FIRMS-FUSION-00253,22.24447,87.38947,302.24,281.55,0.82,n,2026-09-29,1955,Suomi-NPP VIIRS,N,0.4,0.37,VIIRS 375m
FIRMS-FUSION-00254,22.24784,87.39005,315.01,281.63,0.82,n,2026-09-29,1955,Suomi-NPP VIIRS,N,0.4,0.37,VIIRS 375m
FIRMS-FUSION-00255,22.2646,75.13168,303.81,291.76,1.33,n,2026-09-29,1955,Suomi-NPP VIIRS,N,0.65,0.73,VIIRS 375m
FIRMS-FUSION-00256,22.26505,75.13331,302.44,292.22,1.58,n,2026-09-29,1955,Suomi-NPP VIIRS,N,0.65,0.73,VIIRS 375m
FIRMS-FUSION-00257,22.31661,82.56437,314.9,294.79,1.52,n,2026-09-29,1955,Suomi-NPP VIIRS,N,0.44,0.46,VIIRS 375m
FIRMS-FUSION-00258,22.31713,82.56001,307.68,293.99,1.52,n,2026-09-29,1955,Suomi-NPP VIIRS,N,0.44,0.46,VIIRS 375m
FIRMS-FUSION-00259,22.32091,82.56496,311.85,295.18,1.52,n,2026-09-29,1955,Suomi-NPP VIIRS,N,0.44,0.46,VIIRS 375m
FIRMS-FUSION-00260,22.32212,82.59152,332.18,294.82,3.66,n,2026-09-29,1955,Suomi-NPP VIIRS,N,0.44,0.46,VIIRS 375m
FIRMS-FUSION-00261,22.32916,82.60561,319.2,293.9,2.32,n,2026-09-29,1955,Suomi-NPP VIIRS,N,0.44,0.46,VIIRS 375m
FIRMS-FUSION-00262,22.35602,82.30412,308.45,294.19,1.63,n,2026-09-29,1955,Suomi-NPP VIIRS,N,0.46,0.47,VIIRS 375m
FIRMS-FUSION-00263,22.3574,87.28944,314.8,289.97,2.24,n,2026-09-29,1955,Suomi-NPP VIIRS,N,0.4,0.37,VIIRS 375m
FIRMS-FUSION-00264,22.35855,87.28165,317.41,288.68,1.3,n,2026-09-29,1955,Suomi-NPP VIIRS,N,0.4,0.37,VIIRS 375m
FIRMS-FUSION-00265,22.35913,87.27776,301.85,286.88,1.3,n,2026-09-29,1955,Suomi-NPP VIIRS,N,0.4,0.37,VIIRS 375m
FIRMS-FUSION-00266,22.36092,82.30024,306.66,293.58,1.89,n,2026-09-29,1955,Suomi-NPP VIIRS,N,0.46,0.47,VIIRS 375m
FIRMS-FUSION-00267,22.36243,87.30228,303.77,285.15,0.61,n,2026-09-29,1955,Suomi-NPP VIIRS,N,0.4,0.37,VIIRS 375m
FIRMS-FUSION-00268,22.36275,87.0169,310.04,288.32,1.24,n,2026-09-29,1955,Suomi-NPP VIIRS,N,0.41,0.37,VIIRS 375m
FIRMS-FUSION-00269,22.36581,87.30286,308.19,287.57,1.4,n,2026-09-29,1955,Suomi-NPP VIIRS,N,0.4,0.37,VIIRS 375m
FIRMS-FUSION-00270,22.36639,87.29897,309.09,288.23,2.25,n,2026-09-29,1955,Suomi-NPP VIIRS,N,0.4,0.37,VIIRS 375m
FIRMS-FUSION-00271,22.37606,87.28066,329.23,290.48,4.38,n,2026-09-29,1955,Suomi-NPP VIIRS,N,0.4,0.37,VIIRS 375m
FIRMS-FUSION-00272,22.37664,87.27677,323.38,290.0,2.43,n,2026-09-29,1955,Suomi-NPP VIIRS,N,0.4,0.37,VIIRS 375m
FIRMS-FUSION-00273,22.38003,87.27735,307.02,288.83,2.43,n,2026-09-29,1955,Suomi-NPP VIIRS,N,0.4,0.37,VIIRS 375m
FIRMS-FUSION-00274,22.57313,85.89594,318.43,292.23,1.97,n,2026-09-29,1955,Suomi-NPP VIIRS,N,0.45,0.39,VIIRS 375m
FIRMS-FUSION-00275,22.57374,85.89156,307.23,291.5,1.31,n,2026-09-29,1955,Suomi-NPP VIIRS,N,0.45,0.39,VIIRS 375m
FIRMS-FUSION-00276,22.58829,85.90513,305.42,290.81,1.03,n,2026-09-29,1955,Suomi-NPP VIIRS,N,0.45,0.39,VIIRS 375m
FIRMS-FUSION-00277,22.60909,85.91296,311.96,290.3,1.22,n,2026-09-29,1955,Suomi-NPP VIIRS,N,0.45,0.39,VIIRS 375m
FIRMS-FUSION-00278,22.78473,86.20189,306.43,287.04,0.88,n,2026-09-29,1955,Suomi-NPP VIIRS,N,0.44,0.38,VIIRS 375m
FIRMS-FUSION-00279,22.78885,86.19818,302.98,281.66,0.88,n,2026-09-29,1955,Suomi-NPP VIIRS,N,0.44,0.38,VIIRS 375m
FIRMS-FUSION-00280,22.7906,86.21153,303.91,284.3,1.03,n,2026-09-29,1955,Suomi-NPP VIIRS,N,0.44,0.38,VIIRS 375m
FIRMS-FUSION-00281,22.79178,86.20304,300.68,283.74,0.46,n,2026-09-29,1955,Suomi-NPP VIIRS,N,0.44,0.38,VIIRS 375m
FIRMS-FUSION-00282,22.79238,86.19876,297.36,280.55,0.46,n,2026-09-29,1955,Suomi-NPP VIIRS,N,0.44,0.38,VIIRS 375m
FIRMS-FUSION-00283,22.79472,86.20784,312.93,283.76,1.03,n,2026-09-29,1955,Suomi-NPP VIIRS,N,0.44,0.38,VIIRS 375m
FIRMS-FUSION-00284,22.7959,86.19933,301.53,279.9,0.46,n,2026-09-29,1955,Suomi-NPP VIIRS,N,0.44,0.38,VIIRS 375m
FIRMS-FUSION-00285,22.79825,86.2084,318.22,283.75,1.61,n,2026-09-29,1955,Suomi-NPP VIIRS,N,0.44,0.38,VIIRS 375m
FIRMS-FUSION-00286,22.79944,86.19989,297.84,279.84,0.83,n,2026-09-29,1955,Suomi-NPP VIIRS,N,0.44,0.38,VIIRS 375m
FIRMS-FUSION-00287,22.80016,86.09048,306.8,289.79,1.11,n,2026-09-29,1955,Suomi-NPP VIIRS,N,0.44,0.38,VIIRS 375m
FIRMS-FUSION-00288,22.81794,86.04053,303.88,285.91,0.71,n,2026-09-29,1955,Suomi-NPP VIIRS,N,0.44,0.39,VIIRS 375m
FIRMS-FUSION-00289,22.81854,86.03621,301.62,286.49,0.71,n,2026-09-29,1955,Suomi-NPP VIIRS,N,0.44,0.39,VIIRS 375m
FIRMS-FUSION-00290,22.85582,86.05546,305.16,288.94,0.65,n,2026-09-29,1955,Suomi-NPP VIIRS,N,0.44,0.39,VIIRS 375m
FIRMS-FUSION-00291,22.87297,86.06264,314.24,291.21,1.46,n,2026-09-29,1955,Suomi-NPP VIIRS,N,0.44,0.39,VIIRS 375m
FIRMS-FUSION-00292,23.1654,82.34374,304.83,292.49,1.09,n,2026-09-29,1955,Suomi-NPP VIIRS,N,0.47,0.48,VIIRS 375m
FIRMS-FUSION-00293,23.16591,82.33915,310.33,293.64,2.19,n,2026-09-29,1955,Suomi-NPP VIIRS,N,0.47,0.48,VIIRS 375m
FIRMS-FUSION-00294,23.54864,87.24792,307.99,293.65,1.41,n,2026-09-29,1955,Suomi-NPP VIIRS,N,0.41,0.37,VIIRS 375m
FIRMS-FUSION-00295,23.54923,87.2439,306.84,294.11,1.41,n,2026-09-29,1955,Suomi-NPP VIIRS,N,0.41,0.37,VIIRS 375m
FIRMS-FUSION-00296,23.55664,87.24107,315.87,294.19,2.18,n,2026-09-29,1955,Suomi-NPP VIIRS,N,0.41,0.37,VIIRS 375m
FIRMS-FUSION-00297,23.55723,87.23706,311.27,293.47,2.18,n,2026-09-29,1955,Suomi-NPP VIIRS,N,0.41,0.37,VIIRS 375m
FIRMS-FUSION-00298,23.56006,87.24166,329.92,294.03,2.18,n,2026-09-29,1955,Suomi-NPP VIIRS,N,0.41,0.37,VIIRS 375m
FIRMS-FUSION-00299,23.56065,87.23766,329.91,293.94,2.18,n,2026-09-29,1955,Suomi-NPP VIIRS,N,0.41,0.37,VIIRS 375m
FIRMS-FUSION-00300,23.56178,87.08504,318.23,293.38,2.16,n,2026-09-29,1955,Suomi-NPP VIIRS,N,0.41,0.37,VIIRS 375m
FIRMS-FUSION-00301,23.56463,87.08968,306.45,292.69,0.9,n,2026-09-29,1955,Suomi-NPP VIIRS,N,0.41,0.37,VIIRS 375m
FIRMS-FUSION-00302,23.5811,86.72681,309.62,292.29,1.15,n,2026-09-29,1955,Suomi-NPP VIIRS,N,0.43,0.38,VIIRS 375m
FIRMS-FUSION-00303,23.61027,85.6769,304.8,293.85,0.75,n,2026-09-29,1955,Suomi-NPP VIIRS,N,0.47,0.4,VIIRS 375m
FIRMS-FUSION-00304,23.61196,87.14629,306.27,293.11,1.43,n,2026-09-29,1955,Suomi-NPP VIIRS,N,0.41,0.37,VIIRS 375m
FIRMS-FUSION-00305,23.64539,85.44005,313.08,293.38,2.0,n,2026-09-29,1955,Suomi-NPP VIIRS,N,0.48,0.4,VIIRS 375m
FIRMS-FUSION-00306,23.64908,85.44064,313.53,293.53,1.78,n,2026-09-29,1955,Suomi-NPP VIIRS,N,0.48,0.4,VIIRS 375m
FIRMS-FUSION-00307,23.6497,85.43595,323.6,294.11,1.78,n,2026-09-29,1955,Suomi-NPP VIIRS,N,0.48,0.4,VIIRS 375m
FIRMS-FUSION-00308,23.65508,85.50883,306.16,293.83,1.22,n,2026-09-29,1955,Suomi-NPP VIIRS,N,0.48,0.4,VIIRS 375m
FIRMS-FUSION-00309,23.6628,87.15916,313.32,293.1,1.64,n,2026-09-29,1955,Suomi-NPP VIIRS,N,0.41,0.37,VIIRS 375m
FIRMS-FUSION-00310,23.66291,86.9128,309.16,290.96,1.6,n,2026-09-29,1955,Suomi-NPP VIIRS,N,0.42,0.38,VIIRS 375m
FIRMS-FUSION-00311,23.66339,87.15511,325.97,294.92,1.64,n,2026-09-29,1955,Suomi-NPP VIIRS,N,0.41,0.37,VIIRS 375m
FIRMS-FUSION-00312,23.66465,84.99731,306.79,291.29,1.75,n,2026-09-29,1955,Suomi-NPP VIIRS,N,0.5,0.41,VIIRS 375m
FIRMS-FUSION-00313,23.66623,87.15974,312.96,293.35,1.64,n,2026-09-29,1955,Suomi-NPP VIIRS,N,0.41,0.37,VIIRS 375m
FIRMS-FUSION-00314,23.66842,84.99788,306.19,292.06,0.89,n,2026-09-29,1955,Suomi-NPP VIIRS,N,0.5,0.41,VIIRS 375m
FIRMS-FUSION-00315,23.66899,86.09306,308.75,292.66,1.45,n,2026-09-29,1955,Suomi-NPP VIIRS,N,0.45,0.39,VIIRS 375m
FIRMS-FUSION-00316,23.67035,86.93516,320.79,291.56,2.63,n,2026-09-29,1955,Suomi-NPP VIIRS,N,0.42,0.38,VIIRS 375m
FIRMS-FUSION-00317,23.67074,87.1771,305.92,292.63,0.73,n,2026-09-29,1955,Suomi-NPP VIIRS,N,0.41,0.37,VIIRS 375m
FIRMS-FUSION-00318,23.67362,86.40054,306.28,293.21,1.81,n,2026-09-29,1955,Suomi-NPP VIIRS,N,0.44,0.38,VIIRS 375m
FIRMS-FUSION-00319,23.67377,86.08482,307.64,292.39,0.77,n,2026-09-29,1955,Suomi-NPP VIIRS,N,0.45,0.39,VIIRS 375m
FIRMS-FUSION-00320,23.67422,86.39625,306.59,293.63,1.4,n,2026-09-29,1955,Suomi-NPP VIIRS,N,0.44,0.38,VIIRS 375m
FIRMS-FUSION-00321,23.67581,85.3238,307.55,293.26,1.3,n,2026-09-29,1955,Suomi-NPP VIIRS,N,0.49,0.4,VIIRS 375m
FIRMS-FUSION-00322,23.67715,86.40114,316.08,294.97,2.06,n,2026-09-29,1955,Suomi-NPP VIIRS,N,0.44,0.38,VIIRS 375m
FIRMS-FUSION-00323,23.67735,86.08539,315.51,294.15,3.03,n,2026-09-29,1955,Suomi-NPP VIIRS,N,0.45,0.39,VIIRS 375m
FIRMS-FUSION-00324,23.67774,86.39686,321.3,294.64,1.28,n,2026-09-29,1955,Suomi-NPP VIIRS,N,0.44,0.38,VIIRS 375m
FIRMS-FUSION-00325,23.67835,86.39256,308.27,291.8,1.28,n,2026-09-29,1955,Suomi-NPP VIIRS,N,0.44,0.38,VIIRS 375m
FIRMS-FUSION-00326,23.67912,86.09921,306.74,292.56,1.34,n,2026-09-29,1955,Suomi-NPP VIIRS,N,0.45,0.39,VIIRS 375m
FIRMS-FUSION-00327,23.67972,86.0948,307.35,292.6,2.07,n,2026-09-29,1955,Suomi-NPP VIIRS,N,0.45,0.39,VIIRS 375m
FIRMS-FUSION-00328,23.68122,87.12914,307.16,293.21,1.4,n,2026-09-29,1955,Suomi-NPP VIIRS,N,0.41,0.37,VIIRS 375m
FIRMS-FUSION-00329,23.68127,86.39747,308.0,293.18,1.28,n,2026-09-29,1955,Suomi-NPP VIIRS,N,0.44,0.38,VIIRS 375m
FIRMS-FUSION-00330,23.68188,86.39315,307.69,293.19,1.28,n,2026-09-29,1955,Suomi-NPP VIIRS,N,0.44,0.38,VIIRS 375m
FIRMS-FUSION-00331,23.6854,86.39377,323.92,293.95,2.29,n,2026-09-29,1955,Suomi-NPP VIIRS,N,0.44,0.38,VIIRS 375m
FIRMS-FUSION-00332,23.68583,87.12162,315.81,294.14,1.82,n,2026-09-29,1955,Suomi-NPP VIIRS,N,0.41,0.37,VIIRS 375m
FIRMS-FUSION-00333,23.68877,87.10137,306.44,292.82,1.22,n,2026-09-29,1955,Suomi-NPP VIIRS,N,0.41,0.37,VIIRS 375m
FIRMS-FUSION-00334,23.68926,87.12222,317.31,294.58,2.23,n,2026-09-29,1955,Suomi-NPP VIIRS,N,0.41,0.37,VIIRS 375m
FIRMS-FUSION-00335,23.68936,87.09732,311.75,293.88,1.64,n,2026-09-29,1955,Suomi-NPP VIIRS,N,0.41,0.37,VIIRS 375m
FIRMS-FUSION-00336,23.69103,87.11006,306.95,292.91,1.28,n,2026-09-29,1955,Suomi-NPP VIIRS,N,0.41,0.37,VIIRS 375m
FIRMS-FUSION-00337,23.6927,87.1228,317.53,294.75,2.23,n,2026-09-29,1955,Suomi-NPP VIIRS,N,0.41,0.37,VIIRS 375m
FIRMS-FUSION-00338,23.69387,87.1147,308.49,293.42,1.28,n,2026-09-29,1955,Suomi-NPP VIIRS,N,0.41,0.37,VIIRS 375m
FIRMS-FUSION-00339,23.69505,87.1066,308.66,293.37,2.03,n,2026-09-29,1955,Suomi-NPP VIIRS,N,0.41,0.37,VIIRS 375m
FIRMS-FUSION-00340,23.6951,85.29252,305.52,293.05,1.84,n,2026-09-29,1955,Suomi-NPP VIIRS,N,0.49,0.4,VIIRS 375m
FIRMS-FUSION-00341,23.69573,85.28773,321.0,294.04,1.84,n,2026-09-29,1955,Suomi-NPP VIIRS,N,0.49,0.4,VIIRS 375m
FIRMS-FUSION-00342,23.6967,85.36605,310.98,292.9,1.68,n,2026-09-29,1955,Suomi-NPP VIIRS,N,0.48,0.4,VIIRS 375m
FIRMS-FUSION-00343,23.69682,87.09443,314.48,293.67,2.01,n,2026-09-29,1955,Suomi-NPP VIIRS,N,0.41,0.37,VIIRS 375m
FIRMS-FUSION-00344,23.69706,86.075,317.15,291.34,2.03,n,2026-09-29,1955,Suomi-NPP VIIRS,N,0.45,0.39,VIIRS 375m
FIRMS-FUSION-00345,23.71005,86.44878,309.55,294.87,1.52,n,2026-09-29,1955,Suomi-NPP VIIRS,N,0.44,0.38,VIIRS 375m
FIRMS-FUSION-00346,23.71298,86.45367,309.15,293.67,1.35,n,2026-09-29,1955,Suomi-NPP VIIRS,N,0.44,0.38,VIIRS 375m
FIRMS-FUSION-00347,23.71357,86.44938,316.5,294.83,1.35,n,2026-09-29,1955,Suomi-NPP VIIRS,N,0.44,0.38,VIIRS 375m
FIRMS-FUSION-00348,23.7136,86.42305,315.55,294.92,2.84,n,2026-09-29,1955,Suomi-NPP VIIRS,N,0.44,0.38,VIIRS 375m
FIRMS-FUSION-00349,23.71772,86.41935,306.68,292.27,1.21,n,2026-09-29,1955,Suomi-NPP VIIRS,N,0.44,0.38,VIIRS 375m
FIRMS-FUSION-00350,23.71828,86.4414,314.74,294.61,2.41,n,2026-09-29,1955,Suomi-NPP VIIRS,N,0.44,0.38,VIIRS 375m
FIRMS-FUSION-00351,23.72087,85.00799,306.2,291.91,1.05,n,2026-09-29,1955,Suomi-NPP VIIRS,N,0.5,0.41,VIIRS 375m
FIRMS-FUSION-00352,23.72239,86.4377,312.26,293.9,2.13,n,2026-09-29,1955,Suomi-NPP VIIRS,N,0.44,0.38,VIIRS 375m
FIRMS-FUSION-00353,23.73708,86.43577,328.57,296.3,2.96,n,2026-09-29,1955,Suomi-NPP VIIRS,N,0.44,0.38,VIIRS 375m
FIRMS-FUSION-00354,23.73767,86.43149,326.25,295.35,3.71,n,2026-09-29,1955,Suomi-NPP VIIRS,N,0.44,0.38,VIIRS 375m
FIRMS-FUSION-00355,23.73975,85.01097,310.64,293.84,2.46,n,2026-09-29,1955,Suomi-NPP VIIRS,N,0.5,0.41,VIIRS 375m
FIRMS-FUSION-00356,23.74405,85.50594,303.87,292.92,0.56,n,2026-09-29,1955,Suomi-NPP VIIRS,N,0.48,0.4,VIIRS 375m
FIRMS-FUSION-00357,23.75063,86.41612,318.81,294.23,2.3,n,2026-09-29,1955,Suomi-NPP VIIRS,N,0.44,0.38,VIIRS 375m
FIRMS-FUSION-00358,23.75294,85.85539,307.35,293.35,1.43,n,2026-09-29,1955,Suomi-NPP VIIRS,N,0.46,0.39,VIIRS 375m
FIRMS-FUSION-00359,23.75596,86.4038,313.68,294.0,1.53,n,2026-09-29,1955,Suomi-NPP VIIRS,N,0.44,0.38,VIIRS 375m
FIRMS-FUSION-00360,23.75655,85.856,311.71,294.85,1.43,n,2026-09-29,1955,Suomi-NPP VIIRS,N,0.46,0.39,VIIRS 375m
FIRMS-FUSION-00361,23.75717,85.85145,307.15,293.63,1.87,n,2026-09-29,1955,Suomi-NPP VIIRS,N,0.46,0.39,VIIRS 375m
FIRMS-FUSION-00362,23.75949,86.4044,315.57,293.96,1.53,n,2026-09-29,1955,Suomi-NPP VIIRS,N,0.44,0.38,VIIRS 375m
FIRMS-FUSION-00363,23.75955,85.86108,304.84,292.8,0.96,n,2026-09-29,1955,Suomi-NPP VIIRS,N,0.46,0.39,VIIRS 375m
FIRMS-FUSION-00364,23.76009,86.40007,318.89,294.12,3.71,n,2026-09-29,1955,Suomi-NPP VIIRS,N,0.44,0.38,VIIRS 375m
FIRMS-FUSION-00365,23.76017,85.85657,311.78,293.58,0.96,n,2026-09-29,1955,Suomi-NPP VIIRS,N,0.46,0.39,VIIRS 375m
FIRMS-FUSION-00366,23.76302,86.405,330.76,295.0,3.15,n,2026-09-29,1955,Suomi-NPP VIIRS,N,0.44,0.38,VIIRS 375m
FIRMS-FUSION-00367,23.76362,86.40067,309.68,293.25,1.65,n,2026-09-29,1955,Suomi-NPP VIIRS,N,0.44,0.38,VIIRS 375m
FIRMS-FUSION-00368,23.76422,86.39635,307.21,294.51,1.65,n,2026-09-29,1955,Suomi-NPP VIIRS,N,0.44,0.38,VIIRS 375m
FIRMS-FUSION-00369,23.76482,86.39204,311.48,295.08,2.78,n,2026-09-29,1955,Suomi-NPP VIIRS,N,0.44,0.38,VIIRS 375m
FIRMS-FUSION-00370,23.76655,86.40557,328.44,295.37,3.15,n,2026-09-29,1955,Suomi-NPP VIIRS,N,0.44,0.38,VIIRS 375m
FIRMS-FUSION-00371,23.76715,86.40125,317.57,294.7,1.65,n,2026-09-29,1955,Suomi-NPP VIIRS,N,0.44,0.38,VIIRS 375m
FIRMS-FUSION-00372,23.77196,86.36679,308.72,291.84,1.57,n,2026-09-29,1955,Suomi-NPP VIIRS,N,0.44,0.38,VIIRS 375m
FIRMS-FUSION-00373,23.77257,86.36246,319.96,291.67,1.57,n,2026-09-29,1955,Suomi-NPP VIIRS,N,0.44,0.38,VIIRS 375m
FIRMS-FUSION-00374,23.77355,86.19801,312.21,290.66,2.43,n,2026-09-29,1955,Suomi-NPP VIIRS,N,0.45,0.39,VIIRS 375m
FIRMS-FUSION-00375,23.77559,85.9948,306.82,292.49,1.5,n,2026-09-29,1955,Suomi-NPP VIIRS,N,0.46,0.39,VIIRS 375m
FIRMS-FUSION-00376,23.7759,86.20737,305.27,290.57,1.73,n,2026-09-29,1955,Suomi-NPP VIIRS,N,0.45,0.39,VIIRS 375m
FIRMS-FUSION-00377,23.77601,86.38954,315.6,293.42,2.62,n,2026-09-29,1955,Suomi-NPP VIIRS,N,0.44,0.38,VIIRS 375m
FIRMS-FUSION-00378,23.7761,86.36304,313.54,292.57,2.16,n,2026-09-29,1955,Suomi-NPP VIIRS,N,0.44,0.38,VIIRS 375m
FIRMS-FUSION-00379,23.77661,86.38525,306.54,292.71,1.87,n,2026-09-29,1955,Suomi-NPP VIIRS,N,0.44,0.38,VIIRS 375m
FIRMS-FUSION-00380,23.77852,86.34573,304.68,290.79,0.74,n,2026-09-29,1955,Suomi-NPP VIIRS,N,0.44,0.38,VIIRS 375m
FIRMS-FUSION-00381,23.77885,86.21238,320.45,290.93,2.62,n,2026-09-29,1955,Suomi-NPP VIIRS,N,0.45,0.39,VIIRS 375m
FIRMS-FUSION-00382,23.77946,86.20799,311.83,291.55,1.73,n,2026-09-29,1955,Suomi-NPP VIIRS,N,0.45,0.39,VIIRS 375m
FIRMS-FUSION-00383,23.77954,86.39014,333.55,295.89,4.96,n,2026-09-29,1955,Suomi-NPP VIIRS,N,0.44,0.38,VIIRS 375m
FIRMS-FUSION-00384,23.78004,85.57371,307.33,294.52,1.7,n,2026-09-29,1955,Suomi-NPP VIIRS,N,0.47,0.4,VIIRS 375m
FIRMS-FUSION-00385,23.78017,86.14973,305.41,289.24,0.7,n,2026-09-29,1955,Suomi-NPP VIIRS,N,0.45,0.39,VIIRS 375m
FIRMS-FUSION-00386,23.78196,86.37286,306.7,292.65,0.86,n,2026-09-29,1955,Suomi-NPP VIIRS,N,0.44,0.38,VIIRS 375m
FIRMS-FUSION-00387,23.78205,86.34634,304.79,291.4,0.74,n,2026-09-29,1955,Suomi-NPP VIIRS,N,0.44,0.38,VIIRS 375m
FIRMS-FUSION-00388,23.79423,86.23276,304.13,289.35,1.18,n,2026-09-29,1955,Suomi-NPP VIIRS,N,0.45,0.39,VIIRS 375m
FIRMS-FUSION-00389,23.7956,86.35303,316.94,292.98,1.75,n,2026-09-29,1955,Suomi-NPP VIIRS,N,0.44,0.38,VIIRS 375m
FIRMS-FUSION-00390,23.79621,86.34869,308.66,292.33,1.75,n,2026-09-29,1955,Suomi-NPP VIIRS,N,0.44,0.38,VIIRS 375m
FIRMS-FUSION-00391,23.79974,86.3493,308.66,293.56,1.24,n,2026-09-29,1955,Suomi-NPP VIIRS,N,0.44,0.38,VIIRS 375m
FIRMS-FUSION-00392,23.80216,86.33202,326.03,293.41,2.91,n,2026-09-29,1955,Suomi-NPP VIIRS,N,0.44,0.38,VIIRS 375m
FIRMS-FUSION-00393,23.80277,86.32767,316.01,293.18,1.5,n,2026-09-29,1955,Suomi-NPP VIIRS,N,0.44,0.38,VIIRS 375m
FIRMS-FUSION-00394,23.80338,86.32331,308.38,291.74,1.5,n,2026-09-29,1955,Suomi-NPP VIIRS,N,0.44,0.38,VIIRS 375m
FIRMS-FUSION-00395,23.80527,86.64165,306.13,292.42,0.62,n,2026-09-29,1955,Suomi-NPP VIIRS,N,0.43,0.38,VIIRS 375m
FIRMS-FUSION-00396,23.80632,86.32825,309.59,292.99,1.5,n,2026-09-29,1955,Suomi-NPP VIIRS,N,0.44,0.38,VIIRS 375m
FIRMS-FUSION-00397,23.82536,84.9393,303.84,291.27,0.95,n,2026-09-29,1955,Suomi-NPP VIIRS,N,0.51,0.41,VIIRS 375m
FIRMS-FUSION-00398,23.83772,85.47009,309.98,293.81,1.39,n,2026-09-29,1955,Suomi-NPP VIIRS,N,0.48,0.4,VIIRS 375m
FIRMS-FUSION-00399,23.83877,85.47296,304.82,292.1,0.76,n,2026-09-29,1955,Suomi-NPP VIIRS,N,0.48,0.4,VIIRS 375m
FIRMS-FUSION-00400,23.83989,84.94671,306.47,290.51,1.29,n,2026-09-29,1955,Suomi-NPP VIIRS,N,0.51,0.41,VIIRS 375m
FIRMS-FUSION-00401,23.92619,85.34388,302.6,290.78,0.88,n,2026-09-29,1955,Suomi-NPP VIIRS,N,0.49,0.4,VIIRS 375m
FIRMS-FUSION-00402,24.11604,86.86101,315.2,292.61,1.71,n,2026-09-29,1955,Suomi-NPP VIIRS,N,0.42,0.38,VIIRS 375m
FIRMS-FUSION-00403,24.14825,82.65551,305.78,292.55,0.94,n,2026-09-29,1955,Suomi-NPP VIIRS,N,0.46,0.47,VIIRS 375m
FIRMS-FUSION-00404,24.18326,82.6604,306.37,292.72,1.05,n,2026-09-29,1955,Suomi-NPP VIIRS,N,0.46,0.47,VIIRS 375m
FIRMS-FUSION-00405,24.18331,82.66257,306.44,293.08,0.78,n,2026-09-29,1955,Suomi-NPP VIIRS,N,0.46,0.47,VIIRS 375m
FIRMS-FUSION-00406,24.19522,82.71527,307.09,292.41,0.97,n,2026-09-29,1955,Suomi-NPP VIIRS,N,0.46,0.47,VIIRS 375m
FIRMS-FUSION-00407,24.1996,82.71571,306.44,293.13,0.97,n,2026-09-29,1955,Suomi-NPP VIIRS,N,0.46,0.47,VIIRS 375m
FIRMS-FUSION-00408,24.20451,82.7114,309.58,293.64,1.87,n,2026-09-29,1955,Suomi-NPP VIIRS,N,0.46,0.47,VIIRS 375m
FIRMS-FUSION-00409,25.54023,91.23734,299.21,286.97,0.3,n,2026-09-29,1955,Suomi-NPP VIIRS,N,0.4,0.37,VIIRS 375m
FIRMS-FUSION-00410,26.639,79.47474,303.9,292.09,0.98,n,2026-09-29,1955,Suomi-NPP VIIRS,N,0.39,0.59,VIIRS 375m
FIRMS-FUSION-00411,15.33143,76.28563,303.51,286.41,2.0,n,2026-09-29,1957,Suomi-NPP VIIRS,N,0.46,0.64,VIIRS 375m
FIRMS-FUSION-00412,15.33838,76.27738,305.94,284.12,1.11,n,2026-09-29,1957,Suomi-NPP VIIRS,N,0.46,0.64,VIIRS 375m
FIRMS-FUSION-00413,17.24468,81.11156,304.49,293.45,0.37,n,2026-09-29,1957,Suomi-NPP VIIRS,N,0.47,0.48,VIIRS 375m
FIRMS-FUSION-00414,17.45981,78.41205,311.01,291.05,1.22,n,2026-09-29,1957,Suomi-NPP VIIRS,N,0.36,0.57,VIIRS 375m
FIRMS-FUSION-00415,17.46372,80.6531,309.91,294.13,1.12,n,2026-09-29,1957,Suomi-NPP VIIRS,N,0.51,0.49,VIIRS 375m
FIRMS-FUSION-00416,17.60643,83.20132,308.91,293.5,1.44,n,2026-09-29,1957,Suomi-NPP VIIRS,N,0.53,0.42,VIIRS 375m
FIRMS-FUSION-00417,17.61031,83.20188,312.97,293.34,1.61,n,2026-09-29,1957,Suomi-NPP VIIRS,N,0.53,0.42,VIIRS 375m
FIRMS-FUSION-00418,17.95651,80.79853,306.13,295.4,1.4,n,2026-09-29,1957,Suomi-NPP VIIRS,N,0.5,0.49,VIIRS 375m
FIRMS-FUSION-00419,19.09526,82.16817,309.21,294.74,1.79,n,2026-09-29,1957,Suomi-NPP VIIRS,N,0.43,0.46,VIIRS 375m
FIRMS-FUSION-00420,19.09949,82.16874,314.42,293.17,0.87,n,2026-09-29,1957,Suomi-NPP VIIRS,N,0.43,0.46,VIIRS 375m
FIRMS-FUSION-00421,19.10371,82.1693,305.61,294.45,0.87,n,2026-09-29,1957,Suomi-NPP VIIRS,N,0.43,0.46,VIIRS 375m
FIRMS-FUSION-00422,19.10379,82.16805,307.75,294.86,1.05,n,2026-09-29,1957,Suomi-NPP VIIRS,N,0.43,0.46,VIIRS 375m
FIRMS-FUSION-00423,19.10423,82.16523,312.33,293.54,2.14,n,2026-09-29,1957,Suomi-NPP VIIRS,N,0.43,0.46,VIIRS 375m
FIRMS-FUSION-00424,19.10429,82.16396,313.35,292.77,0.82,n,2026-09-29,1957,Suomi-NPP VIIRS,N,0.43,0.46,VIIRS 375m
FIRMS-FUSION-00425,19.80173,78.86405,303.68,291.96,0.53,n,2026-09-29,1957,Suomi-NPP VIIRS,N,0.35,0.57,VIIRS 375m
FIRMS-FUSION-00426,19.81931,79.33651,308.82,292.33,1.01,n,2026-09-29,1957,Suomi-NPP VIIRS,N,0.33,0.55,VIIRS 375m
FIRMS-FUSION-00427,19.93568,73.70862,300.68,283.55,1.83,n,2026-09-29,1957,Suomi-NPP VIIRS,N,0.76,0.77,VIIRS 375m
FIRMS-FUSION-00428,19.9377,73.70798,298.33,283.09,0.89,n,2026-09-29,1957,Suomi-NPP VIIRS,N,0.76,0.77,VIIRS 375m
FIRMS-FUSION-00429,19.96234,79.33559,307.42,291.14,0.55,n,2026-09-29,1957,Suomi-NPP VIIRS,N,0.33,0.55,VIIRS 375m
FIRMS-FUSION-00430,19.96391,79.3338,312.48,291.5,0.95,n,2026-09-29,1957,Suomi-NPP VIIRS,N,0.33,0.55,VIIRS 375m
FIRMS-FUSION-00431,20.00572,79.18333,304.65,291.23,0.43,n,2026-09-29,1957,Suomi-NPP VIIRS,N,0.34,0.56,VIIRS 375m
FIRMS-FUSION-00432,20.53192,85.90924,308.45,293.67,0.61,n,2026-09-29,1957,Suomi-NPP VIIRS,N,0.43,0.38,VIIRS 375m
FIRMS-FUSION-00433,20.69602,78.63638,304.49,292.48,0.72,n,2026-09-29,1957,Suomi-NPP VIIRS,N,0.38,0.58,VIIRS 375m
FIRMS-FUSION-00434,20.70292,78.62224,307.29,292.04,1.03,n,2026-09-29,1957,Suomi-NPP VIIRS,N,0.38,0.59,VIIRS 375m
FIRMS-FUSION-00435,20.75825,85.29709,311.53,294.28,1.74,n,2026-09-29,1957,Suomi-NPP VIIRS,N,0.46,0.39,VIIRS 375m
FIRMS-FUSION-00436,20.75886,85.29269,309.24,293.76,1.57,n,2026-09-29,1957,Suomi-NPP VIIRS,N,0.46,0.39,VIIRS 375m
FIRMS-FUSION-00437,20.76185,85.29765,312.36,294.7,1.61,n,2026-09-29,1957,Suomi-NPP VIIRS,N,0.46,0.39,VIIRS 375m
FIRMS-FUSION-00438,20.76246,85.29323,306.79,294.49,0.98,n,2026-09-29,1957,Suomi-NPP VIIRS,N,0.46,0.39,VIIRS 375m
FIRMS-FUSION-00439,20.77437,85.33986,305.81,293.63,0.9,n,2026-09-29,1957,Suomi-NPP VIIRS,N,0.45,0.39,VIIRS 375m
FIRMS-FUSION-00440,20.78533,85.26091,308.55,295.04,2.08,n,2026-09-29,1957,Suomi-NPP VIIRS,N,0.46,0.39,VIIRS 375m
FIRMS-FUSION-00441,20.79376,85.2533,329.0,294.94,4.0,n,2026-09-29,1957,Suomi-NPP VIIRS,N,0.46,0.39,VIIRS 375m
FIRMS-FUSION-00442,20.80397,85.25938,309.18,294.09,1.63,n,2026-09-29,1957,Suomi-NPP VIIRS,N,0.46,0.39,VIIRS 375m
FIRMS-FUSION-00443,20.80458,85.25497,308.2,293.95,1.63,n,2026-09-29,1957,Suomi-NPP VIIRS,N,0.46,0.39,VIIRS 375m
FIRMS-FUSION-00444,20.80819,85.25553,316.29,295.16,1.63,n,2026-09-29,1957,Suomi-NPP VIIRS,N,0.46,0.39,VIIRS 375m
FIRMS-FUSION-00445,21.18172,81.38607,312.83,295.57,3.34,n,2026-09-29,1957,Suomi-NPP VIIRS,N,0.51,0.49,VIIRS 375m
FIRMS-FUSION-00446,21.19201,81.41743,333.56,293.72,6.84,n,2026-09-29,1957,Suomi-NPP VIIRS,N,0.51,0.49,VIIRS 375m
FIRMS-FUSION-00447,21.19657,81.41804,342.6,295.85,24.76,n,2026-09-29,1957,Suomi-NPP VIIRS,N,0.51,0.49,VIIRS 375m
FIRMS-FUSION-00448,21.24138,79.22517,311.3,291.62,1.05,n,2026-09-29,1957,Suomi-NPP VIIRS,N,0.35,0.57,VIIRS 375m
FIRMS-FUSION-00449,21.24561,79.22462,309.61,292.16,0.73,n,2026-09-29,1957,Suomi-NPP VIIRS,N,0.35,0.57,VIIRS 375m
FIRMS-FUSION-00450,21.24701,79.2224,303.47,291.35,0.57,n,2026-09-29,1957,Suomi-NPP VIIRS,N,0.35,0.57,VIIRS 375m
FIRMS-FUSION-00451,21.3355,78.96945,316.38,291.5,1.04,n,2026-09-29,1957,Suomi-NPP VIIRS,N,0.36,0.58,VIIRS 375m
FIRMS-FUSION-00452,21.33586,78.96586,302.04,290.87,1.04,n,2026-09-29,1957,Suomi-NPP VIIRS,N,0.36,0.58,VIIRS 375m
FIRMS-FUSION-00453,9.41584,77.35786,301.32,286.26,1.42,n,2026-09-29,2000,Suomi-NPP VIIRS,N,0.33,0.55,VIIRS 375m
FIRMS-FUSION-00454,9.42079,77.35973,330.84,286.99,1.42,n,2026-09-29,2000,Suomi-NPP VIIRS,N,0.33,0.55,VIIRS 375m
FIRMS-FUSION-00455,9.42111,77.35734,321.66,286.24,1.85,n,2026-09-29,2000,Suomi-NPP VIIRS,N,0.33,0.55,VIIRS 375m
FIRMS-FUSION-00456,9.42143,77.35502,300.21,285.47,1.85,n,2026-09-29,2000,Suomi-NPP VIIRS,N,0.33,0.55,VIIRS 375m
FIRMS-FUSION-00457,10.52886,77.20297,306.88,283.2,1.22,n,2026-09-29,2000,Suomi-NPP VIIRS,N,0.35,0.56,VIIRS 375m
FIRMS-FUSION-00458,31.24967,76.93013,298.55,288.27,0.3,n,2026-09-29,2133,Suomi-NPP VIIRS,N,0.38,0.59,VIIRS 375m
FIRMS-FUSION-00459,31.25669,76.92491,298.54,287.53,0.96,n,2026-09-29,2133,Suomi-NPP VIIRS,N,0.38,0.59,VIIRS 375m
FIRMS-FUSION-00460,31.76661,70.10979,303.43,292.46,1.08,n,2026-09-29,2133,Suomi-NPP VIIRS,N,0.48,0.4,VIIRS 375m
FIRMS-FUSION-00461,32.2889,70.74062,306.54,294.27,0.92,n,2026-09-29,2133,Suomi-NPP VIIRS,N,0.5,0.41,VIIRS 375m
FIRMS-FUSION-00462,32.28917,70.7384,305.79,294.64,1.42,n,2026-09-29,2133,Suomi-NPP VIIRS,N,0.5,0.41,VIIRS 375m
FIRMS-FUSION-00463,32.37943,72.1384,305.46,293.96,0.85,n,2026-09-29,2133,Suomi-NPP VIIRS,N,0.39,0.44,VIIRS 375m
FIRMS-FUSION-00464,32.88863,71.61884,309.77,294.13,1.57,n,2026-09-29,2133,Suomi-NPP VIIRS,N,0.54,0.42,VIIRS 375m
FIRMS-FUSION-00465,33.29644,71.18954,303.48,291.72,0.83,n,2026-09-29,2133,Suomi-NPP VIIRS,N,0.51,0.41,VIIRS 375m
FIRMS-FUSION-00466,33.29704,71.18862,313.52,292.23,2.15,n,2026-09-29,2133,Suomi-NPP VIIRS,N,0.51,0.41,VIIRS 375m
FIRMS-FUSION-00467,33.29753,71.18412,304.36,291.65,1.37,n,2026-09-29,2133,Suomi-NPP VIIRS,N,0.51,0.41,VIIRS 375m
FIRMS-FUSION-00468,33.54489,71.55284,306.96,292.32,1.13,n,2026-09-29,2133,Suomi-NPP VIIRS,N,0.52,0.42,VIIRS 375m
FIRMS-FUSION-00469,33.54648,71.55125,308.89,293.87,0.96,n,2026-09-29,2133,Suomi-NPP VIIRS,N,0.52,0.42,VIIRS 375m
FIRMS-FUSION-00470,33.84869,75.55066,296.71,276.65,0.89,n,2026-09-29,2133,Suomi-NPP VIIRS,N,0.55,0.51,VIIRS 375m
FIRMS-FUSION-00471,33.84886,72.87262,303.37,292.8,0.39,n,2026-09-29,2133,Suomi-NPP VIIRS,N,0.4,0.44,VIIRS 375m
FIRMS-FUSION-00472,35.96788,68.68555,303.69,289.63,0.81,n,2026-09-29,2133,Suomi-NPP VIIRS,N,0.39,0.36,VIIRS 375m
FIRMS-FUSION-00473,36.9984,80.19275,302.48,284.23,1.21,n,2026-09-29,2133,Suomi-NPP VIIRS,N,0.41,0.61,VIIRS 375m
FIRMS-FUSION-00474,24.6609,74.63479,306.43,292.55,1.61,n,2026-09-29,2136,Suomi-NPP VIIRS,N,0.39,0.59,VIIRS 375m
FIRMS-FUSION-00475,24.66112,74.63511,306.11,292.54,1.4,n,2026-09-29,2136,Suomi-NPP VIIRS,N,0.39,0.59,VIIRS 375m
FIRMS-FUSION-00476,24.82164,73.09316,307.19,296.25,1.66,n,2026-09-29,2136,Suomi-NPP VIIRS,N,0.62,0.54,VIIRS 375m
FIRMS-FUSION-00477,25.38806,68.58279,318.3,294.91,1.87,n,2026-09-29,2136,Suomi-NPP VIIRS,N,0.5,0.41,VIIRS 375m
FIRMS-FUSION-00478,26.259,74.09779,305.33,294.31,0.96,n,2026-09-29,2136,Suomi-NPP VIIRS,N,0.33,0.56,VIIRS 375m
FIRMS-FUSION-00479,26.64306,79.48026,304.33,290.87,1.08,n,2026-09-29,2136,Suomi-NPP VIIRS,N,0.68,0.74,VIIRS 375m
FIRMS-FUSION-00480,27.28817,73.83855,303.1,292.88,1.11,n,2026-09-29,2136,Suomi-NPP VIIRS,N,0.61,0.54,VIIRS 375m
FIRMS-FUSION-00481,28.05328,69.36877,317.25,295.98,1.91,n,2026-09-29,2136,Suomi-NPP VIIRS,N,0.5,0.41,VIIRS 375m
FIRMS-FUSION-00482,28.42275,69.70257,312.79,294.39,2.05,n,2026-09-29,2136,Suomi-NPP VIIRS,N,0.51,0.41,VIIRS 375m
FIRMS-FUSION-00483,28.7709,77.56691,307.47,292.42,0.78,n,2026-09-29,2136,Suomi-NPP VIIRS,N,0.47,0.64,VIIRS 375m
FIRMS-FUSION-00484,28.7745,77.56652,303.35,292.79,0.58,n,2026-09-29,2136,Suomi-NPP VIIRS,N,0.47,0.64,VIIRS 375m
FIRMS-FUSION-00485,30.44605,70.56792,305.98,295.72,1.25,n,2026-09-29,2136,Suomi-NPP VIIRS,N,0.53,0.42,VIIRS 375m
FIRMS-FUSION-00486,18.67977,73.03778,301.01,286.21,1.1,n,2026-09-29,2138,Suomi-NPP VIIRS,N,0.41,0.61,VIIRS 375m
FIRMS-FUSION-00487,18.6806,73.03391,304.28,286.37,1.36,n,2026-09-29,2138,Suomi-NPP VIIRS,N,0.41,0.61,VIIRS 375m
FIRMS-FUSION-00488,18.6829,73.03904,312.23,286.66,1.99,n,2026-09-29,2138,Suomi-NPP VIIRS,N,0.41,0.61,VIIRS 375m
FIRMS-FUSION-00489,18.68375,73.03517,308.88,286.86,1.32,n,2026-09-29,2138,Suomi-NPP VIIRS,N,0.41,0.61,VIIRS 375m
FIRMS-FUSION-00490,18.6846,73.03132,306.54,286.36,1.32,n,2026-09-29,2138,Suomi-NPP VIIRS,N,0.41,0.61,VIIRS 375m
FIRMS-FUSION-00491,18.6853,73.03912,312.39,286.66,1.3,n,2026-09-29,2138,Suomi-NPP VIIRS,N,0.41,0.61,VIIRS 375m
FIRMS-FUSION-00492,18.68695,73.03137,306.28,286.35,1.96,n,2026-09-29,2138,Suomi-NPP VIIRS,N,0.41,0.61,VIIRS 375m
FIRMS-FUSION-00493,18.69083,73.04044,305.13,286.6,1.3,n,2026-09-29,2138,Suomi-NPP VIIRS,N,0.41,0.61,VIIRS 375m
FIRMS-FUSION-00494,18.69396,73.04168,303.0,286.7,1.52,n,2026-09-29,2138,Suomi-NPP VIIRS,N,0.41,0.61,VIIRS 375m
FIRMS-FUSION-00495,19.23537,73.02673,309.11,289.85,0.95,n,2026-09-29,2138,Suomi-NPP VIIRS,N,0.4,0.6,VIIRS 375m
FIRMS-FUSION-00496,19.23583,73.02592,306.94,289.64,1.13,n,2026-09-29,2138,Suomi-NPP VIIRS,N,0.4,0.6,VIIRS 375m
FIRMS-FUSION-00497,19.93762,73.7139,312.04,284.13,1.15,n,2026-09-29,2138,Suomi-NPP VIIRS,N,0.43,0.62,VIIRS 375m
FIRMS-FUSION-00498,21.10168,72.63642,346.63,293.81,4.79,n,2026-09-29,2138,Suomi-NPP VIIRS,N,0.35,0.56,VIIRS 375m
FIRMS-FUSION-00499,21.10465,72.64767,332.86,293.75,4.85,n,2026-09-29,2138,Suomi-NPP VIIRS,N,0.35,0.56,VIIRS 375m
FIRMS-FUSION-00500,21.10537,72.64434,327.21,292.89,5.31,n,2026-09-29,2138,Suomi-NPP VIIRS,N,0.35,0.56,VIIRS 375m
FIRMS-FUSION-00501,21.10682,72.63771,310.03,293.83,2.68,n,2026-09-29,2138,Suomi-NPP VIIRS,N,0.35,0.56,VIIRS 375m
FIRMS-FUSION-00502,21.26401,72.94138,309.83,292.45,1.0,n,2026-09-29,2138,Suomi-NPP VIIRS,N,0.36,0.57,VIIRS 375m
FIRMS-FUSION-00503,22.26718,75.13565,303.03,292.9,1.51,n,2026-09-29,2138,Suomi-NPP VIIRS,N,0.47,0.64,VIIRS 375m
FIRMS-FUSION-00504,22.33992,69.85526,307.37,296.76,1.66,n,2026-09-29,2138,Suomi-NPP VIIRS,N,0.44,0.46,VIIRS 375m
FIRMS-FUSION-00505,22.36373,73.11809,306.61,295.65,3.38,n,2026-09-29,2138,Suomi-NPP VIIRS,N,0.35,0.57,VIIRS 375m
FIRMS-FUSION-00506,22.36388,73.11867,307.64,295.71,3.32,n,2026-09-29,2138,Suomi-NPP VIIRS,N,0.35,0.57,VIIRS 375m
FIRMS-FUSION-00507,22.41619,69.03839,320.89,296.42,2.96,n,2026-09-29,2138,Suomi-NPP VIIRS,N,0.39,0.44,VIIRS 375m
FIRMS-FUSION-00508,22.90718,69.69958,310.9,295.66,1.02,n,2026-09-29,2138,Suomi-NPP VIIRS,N,0.42,0.45,VIIRS 375m
FIRMS-FUSION-00509,22.93284,69.70114,309.3,295.93,1.5,n,2026-09-29,2138,Suomi-NPP VIIRS,N,0.42,0.45,VIIRS 375m
FIRMS-FUSION-00510,22.93364,69.69706,312.95,296.08,1.43,n,2026-09-29,2138,Suomi-NPP VIIRS,N,0.42,0.45,VIIRS 375m
FIRMS-FUSION-00511,23.11472,70.08511,306.64,295.91,1.18,n,2026-09-29,2138,Suomi-NPP VIIRS,N,0.44,0.46,VIIRS 375m
FIRMS-FUSION-00512,23.11894,70.08611,309.1,295.86,1.25,n,2026-09-29,2138,Suomi-NPP VIIRS,N,0.44,0.46,VIIRS 375m
FIRMS-FUSION-00513,23.12253,70.08498,317.92,295.45,1.5,n,2026-09-29,2138,Suomi-NPP VIIRS,N,0.44,0.46,VIIRS 375m
FIRMS-FUSION-00514,23.12316,70.08709,314.5,295.58,1.25,n,2026-09-29,2138,Suomi-NPP VIIRS,N,0.44,0.46,VIIRS 375m
FIRMS-FUSION-00515,25.44352,97.31567,338.05,292.59,2.13,n,2026-09-29,608,NOAA-20 VIIRS,D,0.34,0.56,VIIRS 375m
FIRMS-FUSION-00516,25.4467,97.31372,336.79,292.72,3.28,n,2026-09-29,608,NOAA-20 VIIRS,D,0.34,0.56,VIIRS 375m
FIRMS-FUSION-00517,25.55583,96.56409,326.82,291.64,2.18,n,2026-09-29,608,NOAA-20 VIIRS,D,0.37,0.58,VIIRS 375m
FIRMS-FUSION-00518,25.8622,96.63002,336.08,293.7,3.47,n,2026-09-29,608,NOAA-20 VIIRS,D,0.36,0.58,VIIRS 375m
FIRMS-FUSION-00519,25.86656,96.62511,340.38,294.12,8.03,n,2026-09-29,608,NOAA-20 VIIRS,D,0.36,0.58,VIIRS 375m
FIRMS-FUSION-00520,25.86736,96.62861,367.0,295.34,7.92,h,2026-09-29,608,NOAA-20 VIIRS,D,0.36,0.58,VIIRS 375m
FIRMS-FUSION-00521,25.86816,96.63206,336.81,293.15,7.92,n,2026-09-29,608,NOAA-20 VIIRS,D,0.36,0.58,VIIRS 375m
FIRMS-FUSION-00522,26.36885,96.61267,326.73,293.37,1.54,n,2026-09-29,608,NOAA-20 VIIRS,D,0.36,0.57,VIIRS 375m
FIRMS-FUSION-00523,27.70373,96.19749,328.33,293.63,1.77,n,2026-09-29,608,NOAA-20 VIIRS,D,0.35,0.57,VIIRS 375m
FIRMS-FUSION-00524,27.75938,96.12536,352.02,296.43,11.28,n,2026-09-29,608,NOAA-20 VIIRS,D,0.35,0.57,VIIRS 375m
FIRMS-FUSION-00525,27.76019,96.12885,350.89,293.49,11.28,n,2026-09-29,608,NOAA-20 VIIRS,D,0.35,0.57,VIIRS 375m
FIRMS-FUSION-00526,27.78161,96.17458,326.84,293.7,2.09,n,2026-09-29,608,NOAA-20 VIIRS,D,0.35,0.57,VIIRS 375m
FIRMS-FUSION-00527,6.2087,80.85428,340.3,295.98,3.23,n,2026-09-29,744,NOAA-20 VIIRS,D,0.4,0.44,VIIRS 375m
FIRMS-FUSION-00528,6.26998,80.81895,334.32,294.8,3.69,n,2026-09-29,744,NOAA-20 VIIRS,D,0.4,0.44,VIIRS 375m
FIRMS-FUSION-00529,6.3382,80.85527,341.16,296.81,6.1,n,2026-09-29,744,NOAA-20 VIIRS,D,0.4,0.44,VIIRS 375m
FIRMS-FUSION-00530,6.35103,81.13634,334.37,295.92,3.23,n,2026-09-29,744,NOAA-20 VIIRS,D,0.38,0.43,VIIRS 375m
FIRMS-FUSION-00531,6.55959,81.00917,341.52,298.34,3.48,n,2026-09-29,744,NOAA-20 VIIRS,D,0.39,0.44,VIIRS 375m
FIRMS-FUSION-00532,6.58515,81.01558,336.06,298.84,2.5,n,2026-09-29,744,NOAA-20 VIIRS,D,0.39,0.44,VIIRS 375m
FIRMS-FUSION-00533,6.60585,81.21908,331.77,301.03,3.56,n,2026-09-29,744,NOAA-20 VIIRS,D,0.56,0.43,VIIRS 375m
FIRMS-FUSION-00534,7.18669,81.74257,335.72,297.55,7.66,l,2026-09-29,744,NOAA-20 VIIRS,D,0.51,0.41,VIIRS 375m
FIRMS-FUSION-00535,7.30504,81.75372,330.85,298.62,7.12,l,2026-09-29,744,NOAA-20 VIIRS,D,0.51,0.41,VIIRS 375m
FIRMS-FUSION-00536,7.86593,79.90137,331.74,296.26,4.52,n,2026-09-29,744,NOAA-20 VIIRS,D,0.43,0.46,VIIRS 375m
FIRMS-FUSION-00537,7.9283,80.06871,334.67,297.8,2.15,n,2026-09-29,744,NOAA-20 VIIRS,D,0.42,0.45,VIIRS 375m
FIRMS-FUSION-00538,7.95251,80.06062,330.27,296.18,2.3,n,2026-09-29,744,NOAA-20 VIIRS,D,0.42,0.45,VIIRS 375m
FIRMS-FUSION-00539,8.03135,80.062,342.18,283.12,14.1,n,2026-09-29,744,NOAA-20 VIIRS,D,0.42,0.45,VIIRS 375m
FIRMS-FUSION-00540,8.05402,80.14719,338.82,282.29,4.16,n,2026-09-29,744,NOAA-20 VIIRS,D,0.42,0.45,VIIRS 375m
FIRMS-FUSION-00541,8.10409,79.87289,341.61,292.53,4.77,n,2026-09-29,744,NOAA-20 VIIRS,D,0.43,0.46,VIIRS 375m
FIRMS-FUSION-00542,8.23071,80.18237,339.41,297.6,4.71,n,2026-09-29,744,NOAA-20 VIIRS,D,0.41,0.45,VIIRS 375m
FIRMS-FUSION-00543,8.23759,80.72263,330.94,295.16,4.53,n,2026-09-29,744,NOAA-20 VIIRS,D,0.57,0.43,VIIRS 375m
FIRMS-FUSION-00544,8.24131,80.76941,331.66,297.38,4.16,n,2026-09-29,744,NOAA-20 VIIRS,D,0.57,0.43,VIIRS 375m
FIRMS-FUSION-00545,8.27536,80.65558,336.13,296.61,3.65,n,2026-09-29,744,NOAA-20 VIIRS,D,0.38,0.43,VIIRS 375m
FIRMS-FUSION-00546,8.28692,80.56387,347.17,298.32,5.08,n,2026-09-29,744,NOAA-20 VIIRS,D,0.39,0.44,VIIRS 375m
FIRMS-FUSION-00547,8.30118,80.76441,337.23,297.04,3.57,n,2026-09-29,744,NOAA-20 VIIRS,D,0.57,0.43,VIIRS 375m
FIRMS-FUSION-00548,8.30945,80.64914,341.81,298.26,4.59,n,2026-09-29,744,NOAA-20 VIIRS,D,0.38,0.43,VIIRS 375m
FIRMS-FUSION-00549,8.36436,80.48608,336.18,296.98,3.89,n,2026-09-29,744,NOAA-20 VIIRS,D,0.39,0.44,VIIRS 375m
FIRMS-FUSION-00550,8.37656,80.27831,332.03,300.69,3.62,n,2026-09-29,744,NOAA-20 VIIRS,D,0.4,0.44,VIIRS 375m
FIRMS-FUSION-00551,8.42104,80.51949,350.14,302.89,14.22,n,2026-09-29,744,NOAA-20 VIIRS,D,0.39,0.44,VIIRS 375m
FIRMS-FUSION-00552,8.42969,80.54678,339.65,300.92,5.25,n,2026-09-29,744,NOAA-20 VIIRS,D,0.39,0.44,VIIRS 375m
FIRMS-FUSION-00553,8.44567,80.5691,336.64,299.71,4.09,n,2026-09-29,744,NOAA-20 VIIRS,D,0.39,0.44,VIIRS 375m
FIRMS-FUSION-00554,8.46851,80.73171,330.2,299.61,2.94,n,2026-09-29,744,NOAA-20 VIIRS,D,0.57,0.43,VIIRS 375m
FIRMS-FUSION-00555,8.48484,80.17716,354.94,299.51,11.37,n,2026-09-29,744,NOAA-20 VIIRS,D,0.41,0.45,VIIRS 375m
FIRMS-FUSION-00556,8.49177,80.16844,332.33,297.66,2.13,n,2026-09-29,744,NOAA-20 VIIRS,D,0.41,0.45,VIIRS 375m
FIRMS-FUSION-00557,8.49563,80.48837,343.75,300.98,6.6,n,2026-09-29,744,NOAA-20 VIIRS,D,0.39,0.44,VIIRS 375m
FIRMS-FUSION-00558,8.49866,80.23495,331.47,298.48,1.39,n,2026-09-29,744,NOAA-20 VIIRS,D,0.4,0.45,VIIRS 375m
FIRMS-FUSION-00559,8.5159,80.74982,331.15,301.0,5.64,n,2026-09-29,744,NOAA-20 VIIRS,D,0.56,0.43,VIIRS 375m
FIRMS-FUSION-00560,8.57673,80.32469,331.29,301.04,5.03,n,2026-09-29,744,NOAA-20 VIIRS,D,0.4,0.44,VIIRS 375m
FIRMS-FUSION-00561,8.64532,80.51244,343.12,295.25,4.52,n,2026-09-29,744,NOAA-20 VIIRS,D,0.39,0.44,VIIRS 375m
FIRMS-FUSION-00562,8.64927,80.70632,331.59,296.18,3.4,n,2026-09-29,744,NOAA-20 VIIRS,D,0.56,0.43,VIIRS 375m
FIRMS-FUSION-00563,8.76177,80.20799,330.77,299.77,5.24,n,2026-09-29,744,NOAA-20 VIIRS,D,0.4,0.44,VIIRS 375m
FIRMS-FUSION-00564,8.78926,77.69003,335.54,305.76,4.65,l,2026-09-29,744,NOAA-20 VIIRS,D,0.59,0.53,VIIRS 375m
FIRMS-FUSION-00565,8.82293,78.12508,330.35,298.18,2.96,n,2026-09-29,744,NOAA-20 VIIRS,D,0.55,0.51,VIIRS 375m
FIRMS-FUSION-00566,8.86704,78.15784,331.42,298.68,4.78,n,2026-09-29,744,NOAA-20 VIIRS,D,0.55,0.51,VIIRS 375m
FIRMS-FUSION-00567,8.88203,80.45733,339.84,297.47,6.49,n,2026-09-29,744,NOAA-20 VIIRS,D,0.39,0.44,VIIRS 375m
FIRMS-FUSION-00568,8.92473,77.4861,337.07,303.7,5.86,n,2026-09-29,744,NOAA-20 VIIRS,D,0.61,0.53,VIIRS 375m
FIRMS-FUSION-00569,8.92647,77.48721,343.48,303.15,9.2,n,2026-09-29,744,NOAA-20 VIIRS,D,0.61,0.53,VIIRS 375m
FIRMS-FUSION-00570,8.94205,80.06474,344.18,297.51,7.62,n,2026-09-29,744,NOAA-20 VIIRS,D,0.41,0.45,VIIRS 375m
FIRMS-FUSION-00571,8.94226,80.06449,341.01,297.3,7.89,n,2026-09-29,744,NOAA-20 VIIRS,D,0.41,0.45,VIIRS 375m
FIRMS-FUSION-00572,8.94268,80.06841,340.23,295.64,7.62,n,2026-09-29,744,NOAA-20 VIIRS,D,0.41,0.45,VIIRS 375m
FIRMS-FUSION-00573,8.94287,80.06815,343.09,295.86,7.89,n,2026-09-29,744,NOAA-20 VIIRS,D,0.41,0.45,VIIRS 375m
FIRMS-FUSION-00574,9.00094,80.06601,333.0,297.64,2.24,n,2026-09-29,744,NOAA-20 VIIRS,D,0.41,0.45,VIIRS 375m
FIRMS-FUSION-00575,9.21624,80.25036,339.95,299.3,4.4,n,2026-09-29,744,NOAA-20 VIIRS,D,0.39,0.44,VIIRS 375m
FIRMS-FUSION-00576,9.45077,80.37487,333.33,299.46,2.48,n,2026-09-29,744,NOAA-20 VIIRS,D,0.38,0.43,VIIRS 375m
FIRMS-FUSION-00577,9.68816,80.2757,331.72,300.02,4.24,n,2026-09-29,744,NOAA-20 VIIRS,D,0.39,0.44,VIIRS 375m
FIRMS-FUSION-00578,9.6946,78.82972,330.47,297.44,2.34,n,2026-09-29,744,NOAA-20 VIIRS,D,0.48,0.48,VIIRS 375m
FIRMS-FUSION-00579,9.88835,78.82493,334.78,298.04,2.2,n,2026-09-29,744,NOAA-20 VIIRS,D,0.47,0.48,VIIRS 375m
FIRMS-FUSION-00580,10.15889,78.61168,339.97,298.13,4.34,n,2026-09-29,744,NOAA-20 VIIRS,D,0.48,0.48,VIIRS 375m
FIRMS-FUSION-00581,10.53391,79.64426,332.39,303.0,2.39,l,2026-09-29,744,NOAA-20 VIIRS,D,0.41,0.45,VIIRS 375m
FIRMS-FUSION-00582,10.54987,79.61479,343.91,304.66,3.52,n,2026-09-29,744,NOAA-20 VIIRS,D,0.41,0.45,VIIRS 375m
FIRMS-FUSION-00583,10.64989,79.66122,331.95,300.07,1.33,n,2026-09-29,744,NOAA-20 VIIRS,D,0.41,0.45,VIIRS 375m
FIRMS-FUSION-00584,10.67371,78.76625,339.29,300.64,3.92,n,2026-09-29,744,NOAA-20 VIIRS,D,0.46,0.47,VIIRS 375m
FIRMS-FUSION-00585,10.72566,77.99836,335.75,299.1,5.65,n,2026-09-29,744,NOAA-20 VIIRS,D,0.52,0.5,VIIRS 375m
FIRMS-FUSION-00586,10.80482,78.70608,335.86,296.27,2.31,n,2026-09-29,744,NOAA-20 VIIRS,D,0.47,0.47,VIIRS 375m
FIRMS-FUSION-00587,10.91853,78.17508,332.18,295.58,3.41,n,2026-09-29,744,NOAA-20 VIIRS,D,0.5,0.49,VIIRS 375m
FIRMS-FUSION-00588,10.93981,79.12971,343.7,304.55,4.39,n,2026-09-29,744,NOAA-20 VIIRS,D,0.44,0.46,VIIRS 375m
FIRMS-FUSION-00589,11.25402,79.47878,333.7,297.27,2.14,n,2026-09-29,744,NOAA-20 VIIRS,D,0.41,0.45,VIIRS 375m
FIRMS-FUSION-00590,11.65912,78.41797,342.05,298.47,4.32,n,2026-09-29,744,NOAA-20 VIIRS,D,0.47,0.48,VIIRS 375m
FIRMS-FUSION-00591,11.75572,79.01936,330.21,300.13,2.72,n,2026-09-29,744,NOAA-20 VIIRS,D,0.43,0.46,VIIRS 375m
FIRMS-FUSION-00592,11.66898,78.16704,333.44,296.83,2.13,n,2026-09-29,746,NOAA-20 VIIRS,D,0.49,0.48,VIIRS 375m
FIRMS-FUSION-00593,11.70492,78.2152,336.75,297.26,4.41,n,2026-09-29,746,NOAA-20 VIIRS,D,0.48,0.48,VIIRS 375m
FIRMS-FUSION-00594,14.00939,79.78369,333.68,305.71,4.96,l,2026-09-29,746,NOAA-20 VIIRS,D,0.53,0.42,VIIRS 375m
FIRMS-FUSION-00595,14.07529,79.89146,336.2,301.67,4.64,n,2026-09-29,746,NOAA-20 VIIRS,D,0.53,0.42,VIIRS 375m
FIRMS-FUSION-00596,14.14442,79.79692,335.76,302.68,3.06,n,2026-09-29,746,NOAA-20 VIIRS,D,0.53,0.42,VIIRS 375m
FIRMS-FUSION-00597,14.25638,79.63275,330.01,301.83,4.61,l,2026-09-29,746,NOAA-20 VIIRS,D,0.54,0.42,VIIRS 375m
FIRMS-FUSION-00598,14.93597,78.32538,336.25,300.02,4.63,n,2026-09-29,746,NOAA-20 VIIRS,D,0.42,0.45,VIIRS 375m
FIRMS-FUSION-00599,15.04553,78.10429,336.4,301.35,5.58,n,2026-09-29,746,NOAA-20 VIIRS,D,0.43,0.46,VIIRS 375m
FIRMS-FUSION-00600,15.04969,78.10345,337.14,298.41,3.17,n,2026-09-29,746,NOAA-20 VIIRS,D,0.43,0.46,VIIRS 375m
FIRMS-FUSION-00601,15.11771,79.62009,351.06,312.0,13.24,n,2026-09-29,746,NOAA-20 VIIRS,D,0.53,0.42,VIIRS 375m
FIRMS-FUSION-00602,15.22657,78.61636,332.44,297.55,2.61,n,2026-09-29,746,NOAA-20 VIIRS,D,0.4,0.44,VIIRS 375m
FIRMS-FUSION-00603,15.25272,78.62293,338.99,302.09,5.57,n,2026-09-29,746,NOAA-20 VIIRS,D,0.4,0.44,VIIRS 375m
FIRMS-FUSION-00604,15.25339,78.62666,332.44,300.03,5.57,n,2026-09-29,746,NOAA-20 VIIRS,D,0.4,0.44,VIIRS 375m
FIRMS-FUSION-00605,15.4571,79.09087,330.02,302.99,3.24,l,2026-09-29,746,NOAA-20 VIIRS,D,0.56,0.43,VIIRS 375m
FIRMS-FUSION-00606,15.62222,79.86205,337.51,304.09,5.26,n,2026-09-29,746,NOAA-20 VIIRS,D,0.5,0.41,VIIRS 375m
FIRMS-FUSION-00607,16.29234,77.3502,331.34,297.58,0.91,n,2026-09-29,746,NOAA-20 VIIRS,D,0.46,0.47,VIIRS 375m
FIRMS-FUSION-00608,16.29464,77.3526,331.48,298.43,1.07,n,2026-09-29,746,NOAA-20 VIIRS,D,0.46,0.47,VIIRS 375m
FIRMS-FUSION-00609,16.35003,81.40497,339.82,302.4,3.38,n,2026-09-29,746,NOAA-20 VIIRS,D,0.42,0.38,VIIRS 375m
FIRMS-FUSION-00610,16.35042,81.40434,335.29,301.77,3.08,n,2026-09-29,746,NOAA-20 VIIRS,D,0.42,0.38,VIIRS 375m
FIRMS-FUSION-00611,16.57848,77.64194,330.31,297.88,2.95,n,2026-09-29,746,NOAA-20 VIIRS,D,0.44,0.46,VIIRS 375m
FIRMS-FUSION-00612,16.70156,76.84869,330.88,298.19,3.46,n,2026-09-29,746,NOAA-20 VIIRS,D,0.49,0.48,VIIRS 375m
FIRMS-FUSION-00613,17.59553,78.98637,332.0,298.95,1.77,n,2026-09-29,746,NOAA-20 VIIRS,D,0.53,0.42,VIIRS 375m
FIRMS-FUSION-00614,17.65134,79.25768,344.76,300.92,11.03,n,2026-09-29,746,NOAA-20 VIIRS,D,0.51,0.41,VIIRS 375m
FIRMS-FUSION-00615,17.78785,79.67275,332.41,298.14,3.56,n,2026-09-29,746,NOAA-20 VIIRS,D,0.48,0.4,VIIRS 375m
FIRMS-FUSION-00616,18.61534,83.2235,332.49,301.18,2.49,n,2026-09-29,746,NOAA-20 VIIRS,D,0.38,0.36,VIIRS 375m
FIRMS-FUSION-00617,18.78663,78.40167,333.4,303.41,3.18,n,2026-09-29,746,NOAA-20 VIIRS,D,0.54,0.42,VIIRS 375m
FIRMS-FUSION-00618,18.86722,78.39889,331.9,301.05,4.02,n,2026-09-29,746,NOAA-20 VIIRS,D,0.54,0.42,VIIRS 375m
FIRMS-FUSION-00619,19.09761,82.1674,338.71,307.94,4.6,n,2026-09-29,746,NOAA-20 VIIRS,D,0.39,0.36,VIIRS 375m
FIRMS-FUSION-00620,19.35904,83.93087,330.42,298.57,1.38,n,2026-09-29,746,NOAA-20 VIIRS,D,0.39,0.36,VIIRS 375m
FIRMS-FUSION-00621,20.53314,85.90697,331.99,292.45,2.9,n,2026-09-29,746,NOAA-20 VIIRS,D,0.46,0.39,VIIRS 375m
FIRMS-FUSION-00622,20.76124,85.29874,336.93,306.07,6.64,n,2026-09-29,748,NOAA-20 VIIRS,D,0.44,0.38,VIIRS 375m
FIRMS-FUSION-00623,20.79462,85.25541,335.5,302.9,10.24,n,2026-09-29,748,NOAA-20 VIIRS,D,0.43,0.38,VIIRS 375m
FIRMS-FUSION-00624,20.80569,85.25799,332.41,303.86,5.38,l,2026-09-29,748,NOAA-20 VIIRS,D,0.43,0.38,VIIRS 375m
FIRMS-FUSION-00625,20.86268,84.98952,338.43,299.83,7.21,n,2026-09-29,748,NOAA-20 VIIRS,D,0.43,0.38,VIIRS 375m
FIRMS-FUSION-00626,20.88634,84.98168,332.33,302.2,4.5,n,2026-09-29,748,NOAA-20 VIIRS,D,0.42,0.38,VIIRS 375m
FIRMS-FUSION-00627,20.96212,85.18442,332.24,302.91,5.82,l,2026-09-29,748,NOAA-20 VIIRS,D,0.43,0.38,VIIRS 375m
FIRMS-FUSION-00628,20.96268,85.18859,346.68,307.12,5.82,n,2026-09-29,748,NOAA-20 VIIRS,D,0.43,0.38,VIIRS 375m
FIRMS-FUSION-00629,20.96392,85.17146,335.19,303.19,7.07,n,2026-09-29,748,NOAA-20 VIIRS,D,0.43,0.38,VIIRS 375m
FIRMS-FUSION-00630,20.96797,85.17506,347.45,304.35,9.06,n,2026-09-29,748,NOAA-20 VIIRS,D,0.43,0.38,VIIRS 375m
FIRMS-FUSION-00631,20.97496,85.17401,331.06,302.44,2.55,l,2026-09-29,748,NOAA-20 VIIRS,D,0.43,0.38,VIIRS 375m
FIRMS-FUSION-00632,20.98032,85.13517,330.22,301.25,3.28,l,2026-09-29,748,NOAA-20 VIIRS,D,0.43,0.38,VIIRS 375m
FIRMS-FUSION-00633,21.04826,80.82903,332.27,305.36,5.18,l,2026-09-29,748,NOAA-20 VIIRS,D,0.4,0.37,VIIRS 375m
FIRMS-FUSION-00634,21.07859,85.03606,344.01,305.93,8.17,n,2026-09-29,748,NOAA-20 VIIRS,D,0.43,0.38,VIIRS 375m
FIRMS-FUSION-00635,21.09685,72.71104,334.39,293.64,2.92,n,2026-09-29,748,NOAA-20 VIIRS,D,0.37,0.58,VIIRS 375m
FIRMS-FUSION-00636,21.67659,84.03939,333.93,305.84,5.98,l,2026-09-29,748,NOAA-20 VIIRS,D,0.4,0.37,VIIRS 375m
FIRMS-FUSION-00637,21.74679,83.8428,338.19,301.5,4.06,n,2026-09-29,748,NOAA-20 VIIRS,D,0.4,0.37,VIIRS 375m
FIRMS-FUSION-00638,21.92001,83.35057,343.04,308.13,5.5,n,2026-09-29,748,NOAA-20 VIIRS,D,0.39,0.36,VIIRS 375m
FIRMS-FUSION-00639,21.92333,83.35001,333.6,304.71,3.86,l,2026-09-29,748,NOAA-20 VIIRS,D,0.39,0.36,VIIRS 375m
FIRMS-FUSION-00640,21.98388,83.23184,330.01,303.83,1.93,l,2026-09-29,748,NOAA-20 VIIRS,D,0.39,0.36,VIIRS 375m
FIRMS-FUSION-00641,22.01636,83.75478,335.09,306.01,5.18,l,2026-09-29,748,NOAA-20 VIIRS,D,0.4,0.37,VIIRS 375m
FIRMS-FUSION-00642,22.03896,83.73139,339.58,306.72,4.25,n,2026-09-29,748,NOAA-20 VIIRS,D,0.4,0.37,VIIRS 375m
FIRMS-FUSION-00643,22.04231,83.73085,335.34,303.85,4.25,n,2026-09-29,748,NOAA-20 VIIRS,D,0.4,0.37,VIIRS 375m
FIRMS-FUSION-00644,22.31907,82.56245,332.26,302.04,3.19,n,2026-09-29,748,NOAA-20 VIIRS,D,0.38,0.36,VIIRS 375m
FIRMS-FUSION-00645,22.32297,82.58841,342.38,298.56,6.03,n,2026-09-29,748,NOAA-20 VIIRS,D,0.39,0.36,VIIRS 375m
FIRMS-FUSION-00646,22.35728,82.30122,335.66,305.37,5.26,n,2026-09-29,748,NOAA-20 VIIRS,D,0.38,0.36,VIIRS 375m
FIRMS-FUSION-00647,22.35785,82.30492,337.85,307.36,5.26,n,2026-09-29,748,NOAA-20 VIIRS,D,0.38,0.36,VIIRS 375m
FIRMS-FUSION-00648,22.37796,87.27955,343.75,302.5,11.43,n,2026-09-29,748,NOAA-20 VIIRS,D,0.57,0.43,VIIRS 375m
FIRMS-FUSION-00649,22.49149,76.73888,341.46,304.13,2.83,n,2026-09-29,748,NOAA-20 VIIRS,D,0.39,0.44,VIIRS 375m
FIRMS-FUSION-00650,22.5474,75.42942,341.94,309.16,3.14,n,2026-09-29,748,NOAA-20 VIIRS,D,0.47,0.48,VIIRS 375m
FIRMS-FUSION-00651,22.59205,76.71364,331.02,305.65,1.32,l,2026-09-29,748,NOAA-20 VIIRS,D,0.39,0.44,VIIRS 375m
FIRMS-FUSION-00652,22.72738,75.43676,338.3,308.15,3.46,n,2026-09-29,748,NOAA-20 VIIRS,D,0.46,0.47,VIIRS 375m
FIRMS-FUSION-00653,22.75153,76.07218,340.14,308.58,3.76,n,2026-09-29,748,NOAA-20 VIIRS,D,0.42,0.46,VIIRS 375m
FIRMS-FUSION-00654,22.79021,76.44679,332.19,306.95,1.93,l,2026-09-29,748,NOAA-20 VIIRS,D,0.4,0.44,VIIRS 375m
FIRMS-FUSION-00655,22.81262,75.20267,338.75,309.0,3.51,n,2026-09-29,748,NOAA-20 VIIRS,D,0.48,0.48,VIIRS 375m
FIRMS-FUSION-00656,23.04185,75.87617,333.34,307.88,0.91,l,2026-09-29,748,NOAA-20 VIIRS,D,0.43,0.46,VIIRS 375m
FIRMS-FUSION-00657,23.08401,76.44513,334.4,308.51,2.03,l,2026-09-29,748,NOAA-20 VIIRS,D,0.4,0.44,VIIRS 375m
FIRMS-FUSION-00658,23.09866,76.14652,333.83,308.59,2.53,n,2026-09-29,748,NOAA-20 VIIRS,D,0.41,0.45,VIIRS 375m
FIRMS-FUSION-00659,23.16474,82.33713,330.58,301.8,3.41,n,2026-09-29,748,NOAA-20 VIIRS,D,0.38,0.36,VIIRS 375m
FIRMS-FUSION-00660,23.1653,82.34086,339.74,304.31,6.23,n,2026-09-29,748,NOAA-20 VIIRS,D,0.38,0.36,VIIRS 375m
FIRMS-FUSION-00661,23.28979,92.81496,327.92,284.43,3.02,n,2026-09-29,748,NOAA-20 VIIRS,D,0.43,0.62,VIIRS 375m
FIRMS-FUSION-00662,23.55724,87.23998,343.69,295.35,4.7,n,2026-09-29,748,NOAA-20 VIIRS,D,0.39,0.44,VIIRS 375m
FIRMS-FUSION-00663,23.67652,86.39893,331.26,298.23,7.82,n,2026-09-29,748,NOAA-20 VIIRS,D,0.52,0.42,VIIRS 375m
FIRMS-FUSION-00664,23.67957,86.08732,331.11,296.56,6.06,n,2026-09-29,748,NOAA-20 VIIRS,D,0.51,0.41,VIIRS 375m
FIRMS-FUSION-00665,23.68019,86.09227,334.37,296.16,6.22,n,2026-09-29,748,NOAA-20 VIIRS,D,0.51,0.41,VIIRS 375m
FIRMS-FUSION-00666,23.68081,86.09723,334.3,294.23,6.22,n,2026-09-29,748,NOAA-20 VIIRS,D,0.51,0.41,VIIRS 375m
FIRMS-FUSION-00667,23.68351,86.39266,329.93,296.95,4.97,n,2026-09-29,748,NOAA-20 VIIRS,D,0.52,0.42,VIIRS 375m
FIRMS-FUSION-00668,23.68709,86.08624,333.06,294.6,3.89,n,2026-09-29,748,NOAA-20 VIIRS,D,0.51,0.41,VIIRS 375m
FIRMS-FUSION-00669,23.77962,86.21001,345.24,296.18,5.76,n,2026-09-29,748,NOAA-20 VIIRS,D,0.51,0.41,VIIRS 375m
FIRMS-FUSION-00670,23.77984,86.21276,334.11,296.45,3.68,n,2026-09-29,748,NOAA-20 VIIRS,D,0.51,0.41,VIIRS 375m
FIRMS-FUSION-00671,27.74186,96.28973,333.83,290.07,8.48,n,2026-09-29,748,NOAA-20 VIIRS,D,0.78,0.78,VIIRS 375m
FIRMS-FUSION-00672,27.74904,96.32979,327.23,289.68,8.44,n,2026-09-29,748,NOAA-20 VIIRS,D,0.79,0.78,VIIRS 375m
FIRMS-FUSION-00673,27.75081,96.329,327.7,290.18,5.8,n,2026-09-29,748,NOAA-20 VIIRS,D,0.79,0.78,VIIRS 375m
FIRMS-FUSION-00674,25.65714,72.23977,346.83,305.39,5.84,n,2026-09-29,750,NOAA-20 VIIRS,D,0.32,0.55,VIIRS 375m
FIRMS-FUSION-00675,25.65765,72.23819,330.29,303.71,4.63,n,2026-09-29,750,NOAA-20 VIIRS,D,0.32,0.55,VIIRS 375m
FIRMS-FUSION-00676,25.6578,72.24281,343.83,299.6,4.54,n,2026-09-29,750,NOAA-20 VIIRS,D,0.32,0.55,VIIRS 375m
FIRMS-FUSION-00677,25.65833,72.24123,367.0,299.51,4.88,h,2026-09-29,750,NOAA-20 VIIRS,D,0.32,0.54,VIIRS 375m
FIRMS-FUSION-00678,26.52156,77.69675,331.11,304.45,1.95,n,2026-09-29,750,NOAA-20 VIIRS,D,0.46,0.39,VIIRS 375m
FIRMS-FUSION-00679,26.91471,81.05251,331.98,298.76,4.74,n,2026-09-29,750,NOAA-20 VIIRS,D,0.38,0.36,VIIRS 375m
FIRMS-FUSION-00680,26.91529,81.05634,342.89,300.56,5.48,n,2026-09-29,750,NOAA-20 VIIRS,D,0.38,0.36,VIIRS 375m
FIRMS-FUSION-00681,28.19149,77.61999,331.89,301.88,1.61,n,2026-09-29,750,NOAA-20 VIIRS,D,0.44,0.38,VIIRS 375m
FIRMS-FUSION-00682,28.19499,77.61921,330.03,301.18,1.94,l,2026-09-29,750,NOAA-20 VIIRS,D,0.44,0.38,VIIRS 375m
FIRMS-FUSION-00683,28.24633,76.66773,335.16,303.52,3.07,n,2026-09-29,750,NOAA-20 VIIRS,D,0.48,0.4,VIIRS 375m
FIRMS-FUSION-00684,28.62781,76.15293,337.69,305.75,3.94,n,2026-09-29,750,NOAA-20 VIIRS,D,0.5,0.41,VIIRS 375m
FIRMS-FUSION-00685,28.6315,76.15203,338.55,305.3,5.92,n,2026-09-29,750,NOAA-20 VIIRS,D,0.5,0.41,VIIRS 375m
FIRMS-FUSION-00686,29.53447,74.48869,334.41,300.35,3.09,n,2026-09-29,750,NOAA-20 VIIRS,D,0.39,0.44,VIIRS 375m
FIRMS-FUSION-00687,29.62198,77.99657,331.7,300.4,2.5,n,2026-09-29,750,NOAA-20 VIIRS,D,0.42,0.37,VIIRS 375m
FIRMS-FUSION-00688,29.87124,77.74375,342.16,300.37,3.09,n,2026-09-29,750,NOAA-20 VIIRS,D,0.42,0.38,VIIRS 375m
FIRMS-FUSION-00689,30.05832,73.25651,339.52,296.4,3.5,n,2026-09-29,750,NOAA-20 VIIRS,D,0.45,0.47,VIIRS 375m
FIRMS-FUSION-00690,30.48381,73.68839,341.0,299.1,8.87,n,2026-09-29,750,NOAA-20 VIIRS,D,0.42,0.45,VIIRS 375m
FIRMS-FUSION-00691,30.56248,73.98853,338.33,299.61,2.07,n,2026-09-29,750,NOAA-20 VIIRS,D,0.4,0.44,VIIRS 375m
FIRMS-FUSION-00692,30.829,73.80161,352.45,303.86,15.1,n,2026-09-29,750,NOAA-20 VIIRS,D,0.41,0.45,VIIRS 375m
FIRMS-FUSION-00693,30.85542,73.95421,343.8,301.07,3.57,n,2026-09-29,750,NOAA-20 VIIRS,D,0.4,0.44,VIIRS 375m
FIRMS-FUSION-00694,30.85627,73.95464,340.2,301.77,3.6,n,2026-09-29,750,NOAA-20 VIIRS,D,0.4,0.44,VIIRS 375m
FIRMS-FUSION-00695,30.94599,76.82039,354.26,299.96,14.7,n,2026-09-29,750,NOAA-20 VIIRS,D,0.44,0.38,VIIRS 375m
FIRMS-FUSION-00696,31.10948,74.64301,331.2,304.59,2.34,n,2026-09-29,750,NOAA-20 VIIRS,D,0.54,0.42,VIIRS 375m
FIRMS-FUSION-00697,31.11901,72.06223,330.65,297.6,2.63,n,2026-09-29,750,NOAA-20 VIIRS,D,0.5,0.49,VIIRS 375m
FIRMS-FUSION-00698,31.20181,74.55953,332.09,300.46,2.89,n,2026-09-29,750,NOAA-20 VIIRS,D,0.55,0.43,VIIRS 375m
FIRMS-FUSION-00699,31.40313,75.06059,336.14,305.01,3.93,n,2026-09-29,750,NOAA-20 VIIRS,D,0.51,0.41,VIIRS 375m
FIRMS-FUSION-00700,31.4032,75.05873,336.19,303.69,3.54,n,2026-09-29,750,NOAA-20 VIIRS,D,0.51,0.41,VIIRS 375m
FIRMS-FUSION-00701,31.52016,74.02271,341.41,301.82,4.54,n,2026-09-29,750,NOAA-20 VIIRS,D,0.38,0.44,VIIRS 375m
FIRMS-FUSION-00702,31.63489,74.93806,345.55,305.97,6.29,n,2026-09-29,750,NOAA-20 VIIRS,D,0.52,0.41,VIIRS 375m
FIRMS-FUSION-00703,31.64517,74.99128,334.51,305.36,3.28,n,2026-09-29,750,NOAA-20 VIIRS,D,0.51,0.41,VIIRS 375m
FIRMS-FUSION-00704,31.67799,74.9994,335.77,307.32,3.23,n,2026-09-29,750,NOAA-20 VIIRS,D,0.51,0.41,VIIRS 375m
FIRMS-FUSION-00705,31.73813,73.7951,332.85,301.27,2.32,n,2026-09-29,750,NOAA-20 VIIRS,D,0.39,0.44,VIIRS 375m
FIRMS-FUSION-00706,31.76988,75.0891,331.94,302.67,3.3,n,2026-09-29,750,NOAA-20 VIIRS,D,0.51,0.41,VIIRS 375m
FIRMS-FUSION-00707,31.77913,74.79035,330.55,304.07,2.58,n,2026-09-29,750,NOAA-20 VIIRS,D,0.52,0.42,VIIRS 375m
FIRMS-FUSION-00708,31.78327,74.22134,340.27,302.45,7.81,n,2026-09-29,750,NOAA-20 VIIRS,D,0.56,0.43,VIIRS 375m
FIRMS-FUSION-00709,31.78347,74.22315,337.95,300.67,11.4,n,2026-09-29,750,NOAA-20 VIIRS,D,0.56,0.43,VIIRS 375m
FIRMS-FUSION-00710,31.78713,74.22029,338.04,302.91,8.85,n,2026-09-29,750,NOAA-20 VIIRS,D,0.56,0.43,VIIRS 375m
FIRMS-FUSION-00711,31.78733,74.2221,342.88,304.36,11.4,n,2026-09-29,750,NOAA-20 VIIRS,D,0.56,0.43,VIIRS 375m
FIRMS-FUSION-00712,31.80175,74.06958,333.33,302.46,5.51,n,2026-09-29,750,NOAA-20 VIIRS,D,0.57,0.43,VIIRS 375m
FIRMS-FUSION-00713,31.87343,74.79098,331.19,301.17,2.84,n,2026-09-29,750,NOAA-20 VIIRS,D,0.52,0.42,VIIRS 375m
FIRMS-FUSION-00714,31.9014,74.13927,339.82,304.06,7.85,n,2026-09-29,750,NOAA-20 VIIRS,D,0.56,0.43,VIIRS 375m
FIRMS-FUSION-00715,31.91951,73.86031,347.78,304.0,7.3,n,2026-09-29,750,NOAA-20 VIIRS,D,0.39,0.44,VIIRS 375m
FIRMS-FUSION-00716,31.92376,73.62509,332.51,300.02,3.05,n,2026-09-29,750,NOAA-20 VIIRS,D,0.4,0.44,VIIRS 375m
FIRMS-FUSION-00717,31.95382,74.96368,332.6,301.69,3.32,n,2026-09-29,750,NOAA-20 VIIRS,D,0.51,0.41,VIIRS 375m
FIRMS-FUSION-00718,31.98582,73.9104,330.43,301.47,6.49,n,2026-09-29,750,NOAA-20 VIIRS,D,0.57,0.43,VIIRS 375m
FIRMS-FUSION-00719,31.98701,73.91632,330.61,298.03,6.49,n,2026-09-29,750,NOAA-20 VIIRS,D,0.57,0.43,VIIRS 375m
FIRMS-FUSION-00720,32.17649,73.94369,335.19,301.8,6.7,n,2026-09-29,750,NOAA-20 VIIRS,D,0.57,0.43,VIIRS 375m
FIRMS-FUSION-00721,32.1765,73.94708,330.97,300.23,4.41,n,2026-09-29,750,NOAA-20 VIIRS,D,0.57,0.43,VIIRS 375m
FIRMS-FUSION-00722,32.18039,73.94601,335.64,302.83,5.34,n,2026-09-29,750,NOAA-20 VIIRS,D,0.57,0.43,VIIRS 375m
FIRMS-FUSION-00723,32.21074,73.83167,332.1,301.01,7.13,n,2026-09-29,750,NOAA-20 VIIRS,D,0.57,0.43,VIIRS 375m
FIRMS-FUSION-00724,32.2237,73.79349,332.5,302.4,2.94,n,2026-09-29,750,NOAA-20 VIIRS,D,0.38,0.43,VIIRS 375m
FIRMS-FUSION-00725,33.80534,74.93096,330.67,300.27,2.47,n,2026-09-29,752,NOAA-20 VIIRS,D,0.48,0.4,VIIRS 375m
FIRMS-FUSION-00726,33.80629,74.93597,325.65,300.53,2.3,l,2026-09-29,752,NOAA-20 VIIRS,D,0.48,0.4,VIIRS 375m
FIRMS-FUSION-00727,36.99935,80.19151,298.51,285.96,0.96,n,2026-09-29,2012,NOAA-20 VIIRS,N,0.39,0.44,VIIRS 375m
FIRMS-FUSION-00728,25.54339,91.23318,299.08,285.61,0.5,n,2026-09-29,2014,NOAA-20 VIIRS,N,0.56,0.51,VIIRS 375m
FIRMS-FUSION-00729,26.52332,89.18643,307.29,294.87,0.81,n,2026-09-29,2014,NOAA-20 VIIRS,N,0.4,0.44,VIIRS 375m
FIRMS-FUSION-00730,26.75937,83.20023,308.39,296.61,1.0,n,2026-09-29,2014,NOAA-20 VIIRS,N,0.38,0.36,VIIRS 375m
FIRMS-FUSION-00731,27.37572,95.08583,305.89,288.77,0.45,n,2026-09-29,2014,NOAA-20 VIIRS,N,0.43,0.62,VIIRS 375m
FIRMS-FUSION-00732,27.38053,95.33327,306.05,283.52,1.38,n,2026-09-29,2014,NOAA-20 VIIRS,N,0.45,0.63,VIIRS 375m
FIRMS-FUSION-00733,28.34634,77.25459,306.72,294.33,0.62,n,2026-09-29,2014,NOAA-20 VIIRS,N,0.44,0.46,VIIRS 375m
FIRMS-FUSION-00734,28.66267,77.57812,304.26,294.22,0.54,n,2026-09-29,2014,NOAA-20 VIIRS,N,0.43,0.46,VIIRS 375m
FIRMS-FUSION-00735,29.08673,88.00874,298.73,275.59,1.64,n,2026-09-29,2014,NOAA-20 VIIRS,N,0.48,0.4,VIIRS 375m
FIRMS-FUSION-00736,29.37634,91.14913,301.81,281.9,1.36,n,2026-09-29,2014,NOAA-20 VIIRS,N,0.46,0.47,VIIRS 375m
FIRMS-FUSION-00737,29.7604,77.73344,302.86,292.65,0.63,n,2026-09-29,2014,NOAA-20 VIIRS,N,0.43,0.46,VIIRS 375m
FIRMS-FUSION-00738,30.94879,97.36015,297.06,283.35,0.91,n,2026-09-29,2014,NOAA-20 VIIRS,N,0.49,0.65,VIIRS 375m
FIRMS-FUSION-00739,32.28999,70.73421,300.98,290.96,1.08,n,2026-09-29,2014,NOAA-20 VIIRS,N,0.6,0.7,VIIRS 375m
FIRMS-FUSION-00740,32.48594,75.34841,301.21,290.87,0.38,n,2026-09-29,2014,NOAA-20 VIIRS,N,0.32,0.55,VIIRS 375m
FIRMS-FUSION-00741,33.29992,71.18241,312.92,289.71,1.82,n,2026-09-29,2014,NOAA-20 VIIRS,N,0.57,0.69,VIIRS 375m
FIRMS-FUSION-00742,33.68899,72.70959,302.87,291.55,0.84,n,2026-09-29,2014,NOAA-20 VIIRS,N,0.47,0.64,VIIRS 375m
FIRMS-FUSION-00743,33.84776,75.55185,326.18,278.58,2.15,n,2026-09-29,2014,NOAA-20 VIIRS,N,0.32,0.55,VIIRS 375m
FIRMS-FUSION-00744,33.8481,75.54721,309.86,275.63,2.15,n,2026-09-29,2014,NOAA-20 VIIRS,N,0.32,0.55,VIIRS 375m
FIRMS-FUSION-00745,34.59275,73.72616,301.84,284.23,1.49,n,2026-09-29,2014,NOAA-20 VIIRS,N,0.42,0.61,VIIRS 375m
FIRMS-FUSION-00746,15.17335,76.68999,303.99,280.27,0.96,n,2026-09-29,2017,NOAA-20 VIIRS,N,0.5,0.41,VIIRS 375m
FIRMS-FUSION-00747,15.17785,76.6576,307.27,286.47,2.88,n,2026-09-29,2017,NOAA-20 VIIRS,N,0.5,0.41,VIIRS 375m
FIRMS-FUSION-00748,15.1803,76.66738,310.25,285.97,1.98,n,2026-09-29,2017,NOAA-20 VIIRS,N,0.5,0.41,VIIRS 375m
FIRMS-FUSION-00749,15.18339,76.67255,306.1,284.85,3.37,n,2026-09-29,2017,NOAA-20 VIIRS,N,0.5,0.41,VIIRS 375m
FIRMS-FUSION-00750,15.18403,76.66793,316.69,283.73,1.98,n,2026-09-29,2017,NOAA-20 VIIRS,N,0.5,0.41,VIIRS 375m
FIRMS-FUSION-00751,15.18906,76.65923,302.6,284.59,1.98,n,2026-09-29,2017,NOAA-20 VIIRS,N,0.5,0.41,VIIRS 375m
FIRMS-FUSION-00752,15.68571,78.45859,306.72,294.85,1.08,n,2026-09-29,2017,NOAA-20 VIIRS,N,0.42,0.38,VIIRS 375m
FIRMS-FUSION-00753,15.91503,77.36149,305.96,293.16,1.79,n,2026-09-29,2017,NOAA-20 VIIRS,N,0.47,0.4,VIIRS 375m
FIRMS-FUSION-00754,16.36152,81.28519,310.78,296.35,0.25,n,2026-09-29,2017,NOAA-20 VIIRS,N,0.39,0.36,VIIRS 375m
FIRMS-FUSION-00755,16.54608,79.75668,308.14,296.09,0.82,n,2026-09-29,2017,NOAA-20 VIIRS,N,0.39,0.36,VIIRS 375m
FIRMS-FUSION-00756,16.81078,79.91611,308.68,297.6,0.96,n,2026-09-29,2017,NOAA-20 VIIRS,N,0.39,0.36,VIIRS 375m
FIRMS-FUSION-00757,16.87224,80.02306,308.84,296.51,0.47,n,2026-09-29,2017,NOAA-20 VIIRS,N,0.39,0.36,VIIRS 375m
FIRMS-FUSION-00758,18.86354,83.56973,309.01,293.52,0.97,n,2026-09-29,2017,NOAA-20 VIIRS,N,0.42,0.37,VIIRS 375m
FIRMS-FUSION-00759,18.86357,83.57063,307.05,293.27,0.96,n,2026-09-29,2017,NOAA-20 VIIRS,N,0.42,0.37,VIIRS 375m
FIRMS-FUSION-00760,19.09407,82.16978,312.94,296.2,1.6,n,2026-09-29,2017,NOAA-20 VIIRS,N,0.39,0.36,VIIRS 375m
FIRMS-FUSION-00761,19.0981,82.1664,321.87,293.88,2.62,n,2026-09-29,2017,NOAA-20 VIIRS,N,0.39,0.36,VIIRS 375m
FIRMS-FUSION-00762,19.10471,82.16759,307.49,295.04,1.11,n,2026-09-29,2017,NOAA-20 VIIRS,N,0.39,0.36,VIIRS 375m
FIRMS-FUSION-00763,19.1053,82.16395,317.12,293.29,0.63,n,2026-09-29,2017,NOAA-20 VIIRS,N,0.39,0.36,VIIRS 375m
FIRMS-FUSION-00764,19.72263,79.17379,310.13,295.18,1.07,n,2026-09-29,2017,NOAA-20 VIIRS,N,0.43,0.38,VIIRS 375m
FIRMS-FUSION-00765,19.78872,79.14558,305.59,293.94,0.76,n,2026-09-29,2017,NOAA-20 VIIRS,N,0.43,0.38,VIIRS 375m
FIRMS-FUSION-00766,19.80267,78.86632,305.7,294.92,0.65,n,2026-09-29,2017,NOAA-20 VIIRS,N,0.44,0.38,VIIRS 375m
FIRMS-FUSION-00767,19.81803,79.33649,312.69,294.08,1.23,n,2026-09-29,2017,NOAA-20 VIIRS,N,0.42,0.38,VIIRS 375m
FIRMS-FUSION-00768,19.92923,79.12043,305.79,294.91,1.02,n,2026-09-29,2017,NOAA-20 VIIRS,N,0.43,0.38,VIIRS 375m
FIRMS-FUSION-00769,19.96232,79.33381,314.99,293.35,1.48,n,2026-09-29,2017,NOAA-20 VIIRS,N,0.42,0.38,VIIRS 375m
FIRMS-FUSION-00770,19.96459,79.33292,311.28,293.24,0.98,n,2026-09-29,2017,NOAA-20 VIIRS,N,0.42,0.38,VIIRS 375m
FIRMS-FUSION-00771,20.53217,85.90509,309.04,292.58,1.78,n,2026-09-29,2017,NOAA-20 VIIRS,N,0.5,0.41,VIIRS 375m
FIRMS-FUSION-00772,20.5334,85.90805,307.09,292.78,1.63,n,2026-09-29,2017,NOAA-20 VIIRS,N,0.5,0.41,VIIRS 375m
FIRMS-FUSION-00773,20.76115,85.29979,308.22,294.58,1.84,n,2026-09-29,2017,NOAA-20 VIIRS,N,0.46,0.39,VIIRS 375m
FIRMS-FUSION-00774,20.76193,85.29544,320.15,295.31,1.84,n,2026-09-29,2017,NOAA-20 VIIRS,N,0.46,0.39,VIIRS 375m
FIRMS-FUSION-00775,20.76272,85.29106,307.38,294.14,1.4,n,2026-09-29,2017,NOAA-20 VIIRS,N,0.46,0.39,VIIRS 375m
FIRMS-FUSION-00776,20.78255,85.26324,304.95,292.99,0.93,n,2026-09-29,2017,NOAA-20 VIIRS,N,0.46,0.39,VIIRS 375m
FIRMS-FUSION-00777,20.78613,85.26395,320.57,295.04,2.87,n,2026-09-29,2017,NOAA-20 VIIRS,N,0.46,0.39,VIIRS 375m
FIRMS-FUSION-00778,20.79564,85.2522,330.91,294.52,2.98,n,2026-09-29,2017,NOAA-20 VIIRS,N,0.46,0.39,VIIRS 375m
FIRMS-FUSION-00779,20.80557,85.25877,312.06,294.89,1.78,n,2026-09-29,2017,NOAA-20 VIIRS,N,0.46,0.39,VIIRS 375m
FIRMS-FUSION-00780,20.80635,85.25439,310.23,294.48,1.69,n,2026-09-29,2017,NOAA-20 VIIRS,N,0.46,0.39,VIIRS 375m
FIRMS-FUSION-00781,20.80992,85.25513,310.58,294.35,1.42,n,2026-09-29,2017,NOAA-20 VIIRS,N,0.46,0.39,VIIRS 375m
FIRMS-FUSION-00782,20.86371,84.99262,317.57,294.54,3.41,n,2026-09-29,2017,NOAA-20 VIIRS,N,0.45,0.39,VIIRS 375m
FIRMS-FUSION-00783,20.86447,84.98831,332.26,294.93,4.63,n,2026-09-29,2017,NOAA-20 VIIRS,N,0.45,0.39,VIIRS 375m
FIRMS-FUSION-00784,20.87077,84.99401,320.94,294.67,3.06,n,2026-09-29,2017,NOAA-20 VIIRS,N,0.45,0.39,VIIRS 375m
FIRMS-FUSION-00785,20.88712,84.98407,309.21,294.03,1.71,n,2026-09-29,2017,NOAA-20 VIIRS,N,0.45,0.39,VIIRS 375m
FIRMS-FUSION-00786,20.88787,84.9798,318.7,293.53,1.71,n,2026-09-29,2017,NOAA-20 VIIRS,N,0.45,0.39,VIIRS 375m
FIRMS-FUSION-00787,20.91094,71.45554,305.42,292.26,1.01,n,2026-09-29,2017,NOAA-20 VIIRS,N,0.42,0.61,VIIRS 375m
FIRMS-FUSION-00788,20.91326,71.45761,305.91,292.45,0.92,n,2026-09-29,2017,NOAA-20 VIIRS,N,0.42,0.61,VIIRS 375m
FIRMS-FUSION-00789,20.95355,86.04295,318.17,292.78,2.32,n,2026-09-29,2017,NOAA-20 VIIRS,N,0.5,0.41,VIIRS 375m
FIRMS-FUSION-00790,20.95538,85.00982,306.04,293.46,2.51,n,2026-09-29,2017,NOAA-20 VIIRS,N,0.45,0.39,VIIRS 375m
FIRMS-FUSION-00791,20.96122,85.18466,306.33,293.58,2.12,n,2026-09-29,2017,NOAA-20 VIIRS,N,0.46,0.39,VIIRS 375m
FIRMS-FUSION-00792,20.96351,85.17165,318.31,293.71,1.95,n,2026-09-29,2017,NOAA-20 VIIRS,N,0.46,0.39,VIIRS 375m
FIRMS-FUSION-00793,20.96401,85.18974,327.19,295.69,4.01,n,2026-09-29,2017,NOAA-20 VIIRS,N,0.46,0.39,VIIRS 375m
FIRMS-FUSION-00794,20.96426,86.00578,323.71,292.96,2.76,n,2026-09-29,2017,NOAA-20 VIIRS,N,0.5,0.41,VIIRS 375m
FIRMS-FUSION-00795,20.96427,85.16734,319.92,294.28,1.63,n,2026-09-29,2017,NOAA-20 VIIRS,N,0.46,0.39,VIIRS 375m
FIRMS-FUSION-00796,20.96478,85.18539,330.45,294.07,2.12,n,2026-09-29,2017,NOAA-20 VIIRS,N,0.46,0.39,VIIRS 375m
FIRMS-FUSION-00797,20.96503,85.16302,308.11,293.48,1.63,n,2026-09-29,2017,NOAA-20 VIIRS,N,0.46,0.39,VIIRS 375m
FIRMS-FUSION-00798,20.96513,86.00105,313.01,292.16,2.76,n,2026-09-29,2017,NOAA-20 VIIRS,N,0.5,0.41,VIIRS 375m
FIRMS-FUSION-00799,20.96554,85.18104,310.25,293.53,2.12,n,2026-09-29,2017,NOAA-20 VIIRS,N,0.46,0.39,VIIRS 375m
FIRMS-FUSION-00800,20.9663,85.1767,312.73,293.68,1.95,n,2026-09-29,2017,NOAA-20 VIIRS,N,0.46,0.39,VIIRS 375m
FIRMS-FUSION-00801,20.96655,85.15438,311.3,292.68,2.05,n,2026-09-29,2017,NOAA-20 VIIRS,N,0.46,0.39,VIIRS 375m
FIRMS-FUSION-00802,20.96706,85.17239,312.73,293.24,1.95,n,2026-09-29,2017,NOAA-20 VIIRS,N,0.46,0.39,VIIRS 375m
FIRMS-FUSION-00803,20.96708,86.0113,331.06,293.61,6.22,n,2026-09-29,2017,NOAA-20 VIIRS,N,0.5,0.41,VIIRS 375m
FIRMS-FUSION-00804,20.96782,85.16807,311.41,293.34,1.63,n,2026-09-29,2017,NOAA-20 VIIRS,N,0.46,0.39,VIIRS 375m
FIRMS-FUSION-00805,20.96985,85.17743,313.43,293.37,2.87,n,2026-09-29,2017,NOAA-20 VIIRS,N,0.46,0.39,VIIRS 375m
FIRMS-FUSION-00806,20.97062,85.17311,341.67,295.0,2.87,n,2026-09-29,2017,NOAA-20 VIIRS,N,0.46,0.39,VIIRS 375m
FIRMS-FUSION-00807,20.97252,86.00261,312.21,293.63,2.79,n,2026-09-29,2017,NOAA-20 VIIRS,N,0.5,0.41,VIIRS 375m
FIRMS-FUSION-00808,20.97416,85.17383,309.72,293.61,2.87,n,2026-09-29,2017,NOAA-20 VIIRS,N,0.46,0.39,VIIRS 375m
FIRMS-FUSION-00809,20.97743,85.13422,307.96,293.87,1.96,n,2026-09-29,2017,NOAA-20 VIIRS,N,0.45,0.39,VIIRS 375m
FIRMS-FUSION-00810,20.97847,85.17024,323.45,293.99,2.77,n,2026-09-29,2017,NOAA-20 VIIRS,N,0.46,0.39,VIIRS 375m
FIRMS-FUSION-00811,20.98098,85.13494,318.75,294.12,1.96,n,2026-09-29,2017,NOAA-20 VIIRS,N,0.45,0.39,VIIRS 375m
FIRMS-FUSION-00812,21.07451,85.03581,309.97,295.04,1.97,n,2026-09-29,2017,NOAA-20 VIIRS,N,0.45,0.39,VIIRS 375m
FIRMS-FUSION-00813,21.07728,85.04079,308.87,293.45,3.06,n,2026-09-29,2017,NOAA-20 VIIRS,N,0.45,0.39,VIIRS 375m
FIRMS-FUSION-00814,21.07803,85.03653,327.57,295.71,1.97,n,2026-09-29,2017,NOAA-20 VIIRS,N,0.45,0.39,VIIRS 375m
FIRMS-FUSION-00815,21.07878,85.03226,310.85,293.88,1.97,n,2026-09-29,2017,NOAA-20 VIIRS,N,0.45,0.39,VIIRS 375m
FIRMS-FUSION-00816,21.08156,85.03724,305.93,293.51,1.26,n,2026-09-29,2017,NOAA-20 VIIRS,N,0.45,0.39,VIIRS 375m
FIRMS-FUSION-00817,21.08231,85.03297,319.13,293.05,1.26,n,2026-09-29,2017,NOAA-20 VIIRS,N,0.45,0.39,VIIRS 375m
FIRMS-FUSION-00818,21.10051,72.6331,308.63,293.14,0.92,n,2026-09-29,2017,NOAA-20 VIIRS,N,0.35,0.57,VIIRS 375m
FIRMS-FUSION-00819,21.10467,72.64394,331.39,293.49,2.6,n,2026-09-29,2017,NOAA-20 VIIRS,N,0.35,0.57,VIIRS 375m
FIRMS-FUSION-00820,21.10501,72.64459,327.23,293.81,2.31,n,2026-09-29,2017,NOAA-20 VIIRS,N,0.35,0.57,VIIRS 375m
FIRMS-FUSION-00821,21.10534,72.64119,309.71,293.2,4.59,n,2026-09-29,2017,NOAA-20 VIIRS,N,0.35,0.57,VIIRS 375m
FIRMS-FUSION-00822,21.10575,72.63374,348.66,293.63,2.3,n,2026-09-29,2017,NOAA-20 VIIRS,N,0.35,0.57,VIIRS 375m
FIRMS-FUSION-00823,21.10601,72.63437,343.77,293.89,1.94,n,2026-09-29,2017,NOAA-20 VIIRS,N,0.35,0.57,VIIRS 375m
FIRMS-FUSION-00824,21.10991,72.64457,322.75,294.04,2.6,n,2026-09-29,2017,NOAA-20 VIIRS,N,0.35,0.57,VIIRS 375m
FIRMS-FUSION-00825,21.11025,72.64523,313.87,294.1,2.31,n,2026-09-29,2017,NOAA-20 VIIRS,N,0.35,0.57,VIIRS 375m
FIRMS-FUSION-00826,21.11099,72.63436,311.13,294.51,2.3,n,2026-09-29,2017,NOAA-20 VIIRS,N,0.35,0.57,VIIRS 375m
FIRMS-FUSION-00827,21.11126,72.63501,309.46,294.26,1.94,n,2026-09-29,2017,NOAA-20 VIIRS,N,0.35,0.57,VIIRS 375m
FIRMS-FUSION-00828,21.11135,72.63095,317.51,294.14,2.3,n,2026-09-29,2017,NOAA-20 VIIRS,N,0.35,0.57,VIIRS 375m
FIRMS-FUSION-00829,21.11159,72.63159,316.26,294.37,1.94,n,2026-09-29,2017,NOAA-20 VIIRS,N,0.35,0.57,VIIRS 375m
FIRMS-FUSION-00830,21.18016,81.38789,308.72,295.88,1.09,n,2026-09-29,2017,NOAA-20 VIIRS,N,0.39,0.36,VIIRS 375m
FIRMS-FUSION-00831,21.18073,81.38419,313.42,296.43,1.39,n,2026-09-29,2017,NOAA-20 VIIRS,N,0.39,0.36,VIIRS 375m
FIRMS-FUSION-00832,21.18346,81.38847,313.2,296.12,1.09,n,2026-09-29,2017,NOAA-20 VIIRS,N,0.39,0.36,VIIRS 375m
FIRMS-FUSION-00833,21.18403,81.38477,330.09,296.61,1.39,n,2026-09-29,2017,NOAA-20 VIIRS,N,0.39,0.36,VIIRS 375m
FIRMS-FUSION-00834,21.1846,81.38107,307.57,295.08,1.39,n,2026-09-29,2017,NOAA-20 VIIRS,N,0.39,0.36,VIIRS 375m
FIRMS-FUSION-00835,21.18677,81.38904,330.42,297.59,3.32,n,2026-09-29,2017,NOAA-20 VIIRS,N,0.39,0.36,VIIRS 375m
FIRMS-FUSION-00836,21.19338,81.3902,311.66,296.88,1.34,n,2026-09-29,2017,NOAA-20 VIIRS,N,0.39,0.36,VIIRS 375m
FIRMS-FUSION-00837,21.19383,81.40926,305.41,294.29,0.27,n,2026-09-29,2017,NOAA-20 VIIRS,N,0.39,0.36,VIIRS 375m
FIRMS-FUSION-00838,21.196,81.41723,334.81,295.89,3.71,n,2026-09-29,2017,NOAA-20 VIIRS,N,0.39,0.36,VIIRS 375m
FIRMS-FUSION-00839,21.23322,79.62959,312.31,296.07,1.83,n,2026-09-29,2017,NOAA-20 VIIRS,N,0.42,0.38,VIIRS 375m
FIRMS-FUSION-00840,21.24212,79.23083,305.96,293.85,0.85,n,2026-09-29,2017,NOAA-20 VIIRS,N,0.44,0.38,VIIRS 375m
FIRMS-FUSION-00841,21.24331,79.22242,309.63,293.59,1.43,n,2026-09-29,2017,NOAA-20 VIIRS,N,0.44,0.38,VIIRS 375m
FIRMS-FUSION-00842,21.24683,79.22299,314.12,295.36,1.43,n,2026-09-29,2017,NOAA-20 VIIRS,N,0.44,0.38,VIIRS 375m
FIRMS-FUSION-00843,21.24862,79.21035,308.99,293.71,1.28,n,2026-09-29,2017,NOAA-20 VIIRS,N,0.44,0.38,VIIRS 375m
FIRMS-FUSION-00844,21.29447,81.59366,306.69,294.82,0.64,n,2026-09-29,2017,NOAA-20 VIIRS,N,0.39,0.36,VIIRS 375m
FIRMS-FUSION-00845,21.29935,81.60588,313.02,294.93,0.79,n,2026-09-29,2017,NOAA-20 VIIRS,N,0.39,0.36,VIIRS 375m
FIRMS-FUSION-00846,21.31211,81.5892,306.63,295.23,0.32,n,2026-09-29,2017,NOAA-20 VIIRS,N,0.39,0.36,VIIRS 375m
FIRMS-FUSION-00847,21.33619,78.96964,314.05,293.99,1.5,n,2026-09-29,2017,NOAA-20 VIIRS,N,0.45,0.39,VIIRS 375m
FIRMS-FUSION-00848,21.33679,78.96531,312.06,293.2,1.5,n,2026-09-29,2017,NOAA-20 VIIRS,N,0.45,0.39,VIIRS 375m
FIRMS-FUSION-00849,21.34408,81.66681,316.32,295.17,1.62,n,2026-09-29,2017,NOAA-20 VIIRS,N,0.39,0.36,VIIRS 375m
FIRMS-FUSION-00850,21.36375,81.65089,311.54,295.91,1.28,n,2026-09-29,2017,NOAA-20 VIIRS,N,0.39,0.36,VIIRS 375m
FIRMS-FUSION-00851,21.36634,81.67786,308.23,295.72,0.73,n,2026-09-29,2017,NOAA-20 VIIRS,N,0.39,0.36,VIIRS 375m
FIRMS-FUSION-00852,21.37133,81.44792,307.32,295.03,0.54,n,2026-09-29,2017,NOAA-20 VIIRS,N,0.39,0.36,VIIRS 375m
FIRMS-FUSION-00853,21.37536,81.64159,311.08,295.89,0.74,n,2026-09-29,2017,NOAA-20 VIIRS,N,0.39,0.36,VIIRS 375m
FIRMS-FUSION-00854,21.37623,81.67963,316.88,296.88,1.92,n,2026-09-29,2017,NOAA-20 VIIRS,N,0.39,0.36,VIIRS 375m
FIRMS-FUSION-00855,21.43306,72.97411,306.42,293.01,0.48,n,2026-09-29,2017,NOAA-20 VIIRS,N,0.34,0.56,VIIRS 375m
FIRMS-FUSION-00856,21.50234,81.80793,307.42,294.95,0.56,n,2026-09-29,2017,NOAA-20 VIIRS,N,0.38,0.36,VIIRS 375m
FIRMS-FUSION-00857,21.54523,81.94691,308.31,295.93,0.73,n,2026-09-29,2017,NOAA-20 VIIRS,N,0.38,0.36,VIIRS 375m
FIRMS-FUSION-00858,21.57762,82.02084,307.27,295.95,0.85,n,2026-09-29,2017,NOAA-20 VIIRS,N,0.38,0.36,VIIRS 375m
FIRMS-FUSION-00859,21.60496,81.82518,306.36,295.31,0.36,n,2026-09-29,2017,NOAA-20 VIIRS,N,0.38,0.36,VIIRS 375m
FIRMS-FUSION-00860,21.67975,84.03979,317.73,296.7,3.21,n,2026-09-29,2017,NOAA-20 VIIRS,N,0.41,0.37,VIIRS 375m
FIRMS-FUSION-00861,21.68313,84.04047,308.24,295.43,1.69,n,2026-09-29,2017,NOAA-20 VIIRS,N,0.41,0.37,VIIRS 375m
FIRMS-FUSION-00862,21.73082,82.21453,313.19,297.14,0.9,n,2026-09-29,2017,NOAA-20 VIIRS,N,0.38,0.36,VIIRS 375m
FIRMS-FUSION-00863,21.7408,83.84293,308.88,295.58,1.84,n,2026-09-29,2017,NOAA-20 VIIRS,N,0.4,0.37,VIIRS 375m
FIRMS-FUSION-00864,21.74416,83.84359,310.5,295.87,2.0,n,2026-09-29,2017,NOAA-20 VIIRS,N,0.4,0.37,VIIRS 375m
FIRMS-FUSION-00865,21.74752,83.84425,312.38,296.15,2.0,n,2026-09-29,2017,NOAA-20 VIIRS,N,0.4,0.37,VIIRS 375m
FIRMS-FUSION-00866,21.74817,83.84037,329.69,295.34,2.0,n,2026-09-29,2017,NOAA-20 VIIRS,N,0.4,0.37,VIIRS 375m
FIRMS-FUSION-00867,21.75099,83.97585,315.36,294.97,2.17,n,2026-09-29,2017,NOAA-20 VIIRS,N,0.41,0.37,VIIRS 375m
FIRMS-FUSION-00868,21.75166,83.97194,313.24,294.37,1.69,n,2026-09-29,2017,NOAA-20 VIIRS,N,0.41,0.37,VIIRS 375m
FIRMS-FUSION-00869,21.75489,83.84169,330.12,297.2,4.22,n,2026-09-29,2017,NOAA-20 VIIRS,N,0.4,0.37,VIIRS 375m
FIRMS-FUSION-00870,21.75825,83.84234,313.66,295.55,1.86,n,2026-09-29,2017,NOAA-20 VIIRS,N,0.4,0.37,VIIRS 375m
FIRMS-FUSION-00871,21.75877,83.8185,306.5,294.62,0.73,n,2026-09-29,2017,NOAA-20 VIIRS,N,0.4,0.37,VIIRS 375m
FIRMS-FUSION-00872,21.76032,83.85073,313.74,295.09,1.66,n,2026-09-29,2017,NOAA-20 VIIRS,N,0.4,0.37,VIIRS 375m
FIRMS-FUSION-00873,21.76097,83.84686,313.64,294.52,1.86,n,2026-09-29,2017,NOAA-20 VIIRS,N,0.4,0.37,VIIRS 375m
FIRMS-FUSION-00874,21.762,83.84995,318.37,295.92,2.81,n,2026-09-29,2017,NOAA-20 VIIRS,N,0.4,0.37,VIIRS 375m
FIRMS-FUSION-00875,21.76266,83.84608,318.1,295.33,2.14,n,2026-09-29,2017,NOAA-20 VIIRS,N,0.4,0.37,VIIRS 375m
FIRMS-FUSION-00876,21.7646,84.01872,318.63,296.7,3.67,n,2026-09-29,2017,NOAA-20 VIIRS,N,0.41,0.37,VIIRS 375m
FIRMS-FUSION-00877,21.76798,84.01938,321.02,296.53,2.73,n,2026-09-29,2017,NOAA-20 VIIRS,N,0.41,0.37,VIIRS 375m
FIRMS-FUSION-00878,21.79843,83.88091,310.57,294.46,2.11,n,2026-09-29,2017,NOAA-20 VIIRS,N,0.4,0.37,VIIRS 375m
FIRMS-FUSION-00879,21.80271,82.03811,309.22,295.27,0.73,n,2026-09-29,2017,NOAA-20 VIIRS,N,0.38,0.36,VIIRS 375m
FIRMS-FUSION-00880,21.82389,83.99803,308.35,294.44,1.52,n,2026-09-29,2017,NOAA-20 VIIRS,N,0.41,0.37,VIIRS 375m
FIRMS-FUSION-00881,21.84065,83.9812,307.27,294.72,0.73,n,2026-09-29,2017,NOAA-20 VIIRS,N,0.41,0.37,VIIRS 375m
FIRMS-FUSION-00882,21.85794,83.96764,306.16,294.7,1.35,n,2026-09-29,2017,NOAA-20 VIIRS,N,0.41,0.37,VIIRS 375m
FIRMS-FUSION-00883,21.87663,83.49687,311.02,294.75,1.68,n,2026-09-29,2017,NOAA-20 VIIRS,N,0.4,0.37,VIIRS 375m
FIRMS-FUSION-00884,21.87716,83.55572,311.83,293.94,0.92,n,2026-09-29,2017,NOAA-20 VIIRS,N,0.4,0.37,VIIRS 375m
FIRMS-FUSION-00885,21.88844,83.55,312.0,293.46,1.01,n,2026-09-29,2017,NOAA-20 VIIRS,N,0.4,0.37,VIIRS 375m
FIRMS-FUSION-00886,21.91768,83.35262,309.18,294.82,0.98,n,2026-09-29,2017,NOAA-20 VIIRS,N,0.39,0.36,VIIRS 375m
FIRMS-FUSION-00887,21.921,83.35325,329.99,297.32,3.74,n,2026-09-29,2017,NOAA-20 VIIRS,N,0.39,0.36,VIIRS 375m
FIRMS-FUSION-00888,21.92162,83.34948,334.48,298.51,2.71,n,2026-09-29,2017,NOAA-20 VIIRS,N,0.39,0.36,VIIRS 375m
FIRMS-FUSION-00889,21.92494,83.35011,314.83,295.83,2.71,n,2026-09-29,2017,NOAA-20 VIIRS,N,0.39,0.36,VIIRS 375m
FIRMS-FUSION-00890,21.92592,85.22404,312.15,292.09,2.12,n,2026-09-29,2017,NOAA-20 VIIRS,N,0.45,0.39,VIIRS 375m
FIRMS-FUSION-00891,21.93019,85.22045,301.06,290.08,1.21,n,2026-09-29,2017,NOAA-20 VIIRS,N,0.45,0.39,VIIRS 375m
FIRMS-FUSION-00892,21.9546,83.80659,306.55,295.17,0.94,n,2026-09-29,2017,NOAA-20 VIIRS,N,0.4,0.37,VIIRS 375m
FIRMS-FUSION-00893,21.96374,83.77262,308.37,295.26,1.1,n,2026-09-29,2017,NOAA-20 VIIRS,N,0.4,0.37,VIIRS 375m
FIRMS-FUSION-00894,21.98475,83.23293,324.52,296.85,2.6,n,2026-09-29,2017,NOAA-20 VIIRS,N,0.39,0.36,VIIRS 375m
FIRMS-FUSION-00895,21.9869,82.01379,308.7,295.06,0.75,n,2026-09-29,2017,NOAA-20 VIIRS,N,0.38,0.36,VIIRS 375m
FIRMS-FUSION-00896,22.00516,82.66969,322.3,297.05,2.31,n,2026-09-29,2017,NOAA-20 VIIRS,N,0.39,0.36,VIIRS 375m
FIRMS-FUSION-00897,22.01377,83.7541,306.64,294.32,0.96,n,2026-09-29,2017,NOAA-20 VIIRS,N,0.4,0.37,VIIRS 375m
FIRMS-FUSION-00898,22.01711,83.75475,311.8,295.79,1.35,n,2026-09-29,2017,NOAA-20 VIIRS,N,0.4,0.37,VIIRS 375m
FIRMS-FUSION-00899,22.01776,83.75089,307.65,295.7,1.36,n,2026-09-29,2017,NOAA-20 VIIRS,N,0.4,0.37,VIIRS 375m
FIRMS-FUSION-00900,22.01839,83.33999,310.28,295.04,0.91,n,2026-09-29,2017,NOAA-20 VIIRS,N,0.39,0.36,VIIRS 375m
FIRMS-FUSION-00901,22.03127,83.36575,309.77,295.39,1.56,n,2026-09-29,2017,NOAA-20 VIIRS,N,0.39,0.36,VIIRS 375m
FIRMS-FUSION-00902,22.03313,83.35442,305.49,294.6,0.78,n,2026-09-29,2017,NOAA-20 VIIRS,N,0.39,0.36,VIIRS 375m
FIRMS-FUSION-00903,22.03708,83.35129,314.89,295.77,1.16,n,2026-09-29,2017,NOAA-20 VIIRS,N,0.39,0.36,VIIRS 375m
FIRMS-FUSION-00904,22.03836,83.73114,312.05,296.37,1.02,n,2026-09-29,2017,NOAA-20 VIIRS,N,0.4,0.37,VIIRS 375m
FIRMS-FUSION-00905,22.03901,83.72731,305.88,294.72,1.02,n,2026-09-29,2017,NOAA-20 VIIRS,N,0.4,0.37,VIIRS 375m
FIRMS-FUSION-00906,22.0404,83.35191,310.09,294.88,1.16,n,2026-09-29,2017,NOAA-20 VIIRS,N,0.39,0.36,VIIRS 375m
FIRMS-FUSION-00907,22.04107,83.73562,307.06,295.11,1.83,n,2026-09-29,2017,NOAA-20 VIIRS,N,0.4,0.37,VIIRS 375m
FIRMS-FUSION-00908,22.04171,83.73179,308.43,295.32,1.31,n,2026-09-29,2017,NOAA-20 VIIRS,N,0.4,0.37,VIIRS 375m
FIRMS-FUSION-00909,22.04235,83.72796,318.29,295.15,1.31,n,2026-09-29,2017,NOAA-20 VIIRS,N,0.4,0.37,VIIRS 375m
FIRMS-FUSION-00910,22.05494,88.12339,313.81,289.81,3.01,n,2026-09-29,2017,NOAA-20 VIIRS,N,0.42,0.45,VIIRS 375m
FIRMS-FUSION-00911,22.0669,83.70503,318.57,294.72,1.67,n,2026-09-29,2017,NOAA-20 VIIRS,N,0.4,0.37,VIIRS 375m
FIRMS-FUSION-00912,22.13458,85.38331,304.21,290.61,0.92,n,2026-09-29,2017,NOAA-20 VIIRS,N,0.45,0.39,VIIRS 375m
FIRMS-FUSION-00913,22.20338,84.57899,305.75,294.61,0.72,n,2026-09-29,2017,NOAA-20 VIIRS,N,0.42,0.38,VIIRS 375m
FIRMS-FUSION-00914,22.20756,84.86225,329.52,295.48,3.19,n,2026-09-29,2017,NOAA-20 VIIRS,N,0.43,0.38,VIIRS 375m
FIRMS-FUSION-00915,22.20827,84.85813,311.88,294.49,2.54,n,2026-09-29,2017,NOAA-20 VIIRS,N,0.43,0.38,VIIRS 375m
FIRMS-FUSION-00916,22.20828,84.55077,311.83,295.18,1.16,n,2026-09-29,2017,NOAA-20 VIIRS,N,0.42,0.38,VIIRS 375m
FIRMS-FUSION-00917,22.21101,84.86295,313.68,295.91,1.58,n,2026-09-29,2017,NOAA-20 VIIRS,N,0.43,0.38,VIIRS 375m
FIRMS-FUSION-00918,22.21376,84.86777,309.14,294.54,1.58,n,2026-09-29,2017,NOAA-20 VIIRS,N,0.43,0.38,VIIRS 375m
FIRMS-FUSION-00919,22.21458,84.84239,323.87,295.24,2.51,n,2026-09-29,2017,NOAA-20 VIIRS,N,0.43,0.38,VIIRS 375m
FIRMS-FUSION-00920,22.21915,84.75423,313.64,296.18,2.01,n,2026-09-29,2017,NOAA-20 VIIRS,N,0.43,0.38,VIIRS 375m
FIRMS-FUSION-00921,22.22188,84.75901,310.65,296.0,1.65,n,2026-09-29,2017,NOAA-20 VIIRS,N,0.43,0.38,VIIRS 375m
FIRMS-FUSION-00922,22.2233,84.75085,306.8,295.61,1.28,n,2026-09-29,2017,NOAA-20 VIIRS,N,0.43,0.38,VIIRS 375m
FIRMS-FUSION-00923,22.3133,82.53119,309.48,294.61,1.97,n,2026-09-29,2017,NOAA-20 VIIRS,N,0.38,0.36,VIIRS 375m
FIRMS-FUSION-00924,22.31529,84.76833,306.08,295.11,0.95,n,2026-09-29,2017,NOAA-20 VIIRS,N,0.43,0.38,VIIRS 375m
FIRMS-FUSION-00925,22.316,82.5355,305.87,294.89,0.64,n,2026-09-29,2017,NOAA-20 VIIRS,N,0.38,0.36,VIIRS 375m
FIRMS-FUSION-00926,22.31844,82.56261,315.24,297.13,1.63,n,2026-09-29,2017,NOAA-20 VIIRS,N,0.38,0.36,VIIRS 375m
FIRMS-FUSION-00927,22.31903,82.55891,316.08,295.14,1.63,n,2026-09-29,2017,NOAA-20 VIIRS,N,0.38,0.36,VIIRS 375m
FIRMS-FUSION-00928,22.32088,82.58972,321.94,295.36,1.69,n,2026-09-29,2017,NOAA-20 VIIRS,N,0.38,0.36,VIIRS 375m
FIRMS-FUSION-00929,22.32173,82.56322,315.51,296.29,1.53,n,2026-09-29,2017,NOAA-20 VIIRS,N,0.38,0.36,VIIRS 375m
FIRMS-FUSION-00930,22.32569,82.60204,306.64,295.24,0.98,n,2026-09-29,2017,NOAA-20 VIIRS,N,0.38,0.36,VIIRS 375m
FIRMS-FUSION-00931,22.33168,82.60696,312.53,295.47,1.28,n,2026-09-29,2017,NOAA-20 VIIRS,N,0.38,0.36,VIIRS 375m
FIRMS-FUSION-00932,22.33227,82.60326,309.88,294.4,1.45,n,2026-09-29,2017,NOAA-20 VIIRS,N,0.38,0.36,VIIRS 375m
FIRMS-FUSION-00933,22.3563,82.30316,314.94,296.62,2.13,n,2026-09-29,2017,NOAA-20 VIIRS,N,0.38,0.36,VIIRS 375m
FIRMS-FUSION-00934,22.35951,87.29063,306.82,285.99,2.2,n,2026-09-29,2017,NOAA-20 VIIRS,N,0.56,0.43,VIIRS 375m
FIRMS-FUSION-00935,22.35959,82.30376,313.92,297.01,2.13,n,2026-09-29,2017,NOAA-20 VIIRS,N,0.38,0.36,VIIRS 375m
FIRMS-FUSION-00936,22.36018,82.30006,331.79,296.07,2.13,n,2026-09-29,2017,NOAA-20 VIIRS,N,0.38,0.36,VIIRS 375m
FIRMS-FUSION-00937,22.36523,87.30296,307.71,287.76,2.1,n,2026-09-29,2017,NOAA-20 VIIRS,N,0.56,0.43,VIIRS 375m
FIRMS-FUSION-00938,22.36596,87.01807,311.12,289.7,1.53,n,2026-09-29,2017,NOAA-20 VIIRS,N,0.54,0.42,VIIRS 375m
FIRMS-FUSION-00939,22.36619,73.1121,307.46,295.86,2.82,n,2026-09-29,2017,NOAA-20 VIIRS,N,0.34,0.56,VIIRS 375m
FIRMS-FUSION-00940,22.36625,87.29763,307.34,287.42,2.32,n,2026-09-29,2017,NOAA-20 VIIRS,N,0.56,0.43,VIIRS 375m
FIRMS-FUSION-00941,22.37013,87.29848,313.67,287.39,2.05,n,2026-09-29,2017,NOAA-20 VIIRS,N,0.56,0.43,VIIRS 375m
FIRMS-FUSION-00942,22.37807,87.27811,328.11,289.48,5.04,n,2026-09-29,2017,NOAA-20 VIIRS,N,0.55,0.43,VIIRS 375m
FIRMS-FUSION-00943,22.38869,87.28596,304.84,287.78,1.42,n,2026-09-29,2017,NOAA-20 VIIRS,N,0.56,0.43,VIIRS 375m
FIRMS-FUSION-00944,22.41958,69.03594,305.63,293.98,1.25,n,2026-09-29,2017,NOAA-20 VIIRS,N,0.62,0.71,VIIRS 375m
FIRMS-FUSION-00945,22.57509,85.8959,313.2,293.23,1.4,n,2026-09-29,2017,NOAA-20 VIIRS,N,0.47,0.4,VIIRS 375m
FIRMS-FUSION-00946,22.5759,85.8914,309.4,292.58,1.4,n,2026-09-29,2017,NOAA-20 VIIRS,N,0.47,0.4,VIIRS 375m
FIRMS-FUSION-00947,22.58867,85.90345,306.64,292.17,1.5,n,2026-09-29,2017,NOAA-20 VIIRS,N,0.47,0.4,VIIRS 375m
FIRMS-FUSION-00948,22.60991,85.91509,306.16,292.35,0.93,n,2026-09-29,2017,NOAA-20 VIIRS,N,0.47,0.4,VIIRS 375m
FIRMS-FUSION-00949,22.79221,86.19576,308.2,292.1,3.2,n,2026-09-29,2017,NOAA-20 VIIRS,N,0.48,0.4,VIIRS 375m
FIRMS-FUSION-00950,22.79778,86.20657,321.54,292.06,2.87,n,2026-09-29,2017,NOAA-20 VIIRS,N,0.48,0.4,VIIRS 375m
FIRMS-FUSION-00951,22.80076,86.08785,318.06,291.05,1.88,n,2026-09-29,2017,NOAA-20 VIIRS,N,0.48,0.4,VIIRS 375m
FIRMS-FUSION-00952,22.81245,86.08555,305.83,290.73,1.39,n,2026-09-29,2017,NOAA-20 VIIRS,N,0.48,0.4,VIIRS 375m
FIRMS-FUSION-00953,22.81719,86.03919,324.32,292.62,1.83,n,2026-09-29,2017,NOAA-20 VIIRS,N,0.47,0.4,VIIRS 375m
FIRMS-FUSION-00954,22.87327,86.06057,311.33,289.86,1.75,n,2026-09-29,2017,NOAA-20 VIIRS,N,0.47,0.4,VIIRS 375m
FIRMS-FUSION-00955,22.93216,69.69979,327.32,294.58,2.04,n,2026-09-29,2017,NOAA-20 VIIRS,N,0.57,0.69,VIIRS 375m
FIRMS-FUSION-00956,22.9326,69.69412,304.72,294.68,2.04,n,2026-09-29,2017,NOAA-20 VIIRS,N,0.57,0.69,VIIRS 375m
FIRMS-FUSION-00957,22.96408,85.99797,306.27,291.89,0.89,n,2026-09-29,2017,NOAA-20 VIIRS,N,0.47,0.4,VIIRS 375m
FIRMS-FUSION-00958,23.16373,82.33694,314.34,293.88,1.2,n,2026-09-29,2017,NOAA-20 VIIRS,N,0.38,0.36,VIIRS 375m
FIRMS-FUSION-00959,23.16644,82.34126,336.4,296.23,2.22,n,2026-09-29,2017,NOAA-20 VIIRS,N,0.38,0.36,VIIRS 375m
FIRMS-FUSION-00960,23.16702,82.33753,307.81,294.08,2.22,n,2026-09-29,2017,NOAA-20 VIIRS,N,0.38,0.36,VIIRS 375m
FIRMS-FUSION-00961,23.55494,87.24171,307.1,292.72,1.77,n,2026-09-29,2017,NOAA-20 VIIRS,N,0.53,0.42,VIIRS 375m
FIRMS-FUSION-00962,23.55822,87.23955,331.0,292.71,4.81,n,2026-09-29,2017,NOAA-20 VIIRS,N,0.53,0.42,VIIRS 375m
FIRMS-FUSION-00963,23.55873,87.24257,305.02,291.97,1.77,n,2026-09-29,2017,NOAA-20 VIIRS,N,0.53,0.42,VIIRS 375m
FIRMS-FUSION-00964,23.55967,87.23746,324.54,292.58,1.77,n,2026-09-29,2017,NOAA-20 VIIRS,N,0.53,0.42,VIIRS 375m
FIRMS-FUSION-00965,23.56048,87.0849,310.6,291.95,2.56,n,2026-09-29,2017,NOAA-20 VIIRS,N,0.52,0.41,VIIRS 375m
FIRMS-FUSION-00966,23.58069,86.72651,305.42,290.37,0.71,n,2026-09-29,2017,NOAA-20 VIIRS,N,0.5,0.41,VIIRS 375m
FIRMS-FUSION-00967,23.61157,87.14571,307.1,291.56,1.33,n,2026-09-29,2017,NOAA-20 VIIRS,N,0.52,0.42,VIIRS 375m
FIRMS-FUSION-00968,23.64666,85.43906,317.84,294.46,2.11,n,2026-09-29,2017,NOAA-20 VIIRS,N,0.44,0.38,VIIRS 375m
FIRMS-FUSION-00969,23.6474,85.43481,306.03,292.93,1.16,n,2026-09-29,2017,NOAA-20 VIIRS,N,0.44,0.38,VIIRS 375m
FIRMS-FUSION-00970,23.65088,85.43552,310.97,293.89,1.16,n,2026-09-29,2017,NOAA-20 VIIRS,N,0.44,0.38,VIIRS 375m
FIRMS-FUSION-00971,23.65644,85.50695,310.04,294.07,1.26,n,2026-09-29,2017,NOAA-20 VIIRS,N,0.44,0.38,VIIRS 375m
FIRMS-FUSION-00972,23.65762,85.50523,304.06,293.15,0.66,n,2026-09-29,2017,NOAA-20 VIIRS,N,0.44,0.38,VIIRS 375m
FIRMS-FUSION-00973,23.66395,85.5507,304.35,293.0,0.42,n,2026-09-29,2017,NOAA-20 VIIRS,N,0.44,0.38,VIIRS 375m
FIRMS-FUSION-00974,23.66436,87.15735,317.78,290.96,1.66,n,2026-09-29,2017,NOAA-20 VIIRS,N,0.52,0.42,VIIRS 375m
FIRMS-FUSION-00975,23.66529,87.15232,315.85,290.95,1.66,n,2026-09-29,2017,NOAA-20 VIIRS,N,0.52,0.42,VIIRS 375m
FIRMS-FUSION-00976,23.66813,87.15817,306.58,289.85,1.66,n,2026-09-29,2017,NOAA-20 VIIRS,N,0.52,0.42,VIIRS 375m
FIRMS-FUSION-00977,23.66825,86.08952,309.41,293.01,1.66,n,2026-09-29,2017,NOAA-20 VIIRS,N,0.46,0.39,VIIRS 375m
FIRMS-FUSION-00978,23.67051,86.93585,316.11,291.3,1.83,n,2026-09-29,2017,NOAA-20 VIIRS,N,0.51,0.41,VIIRS 375m
FIRMS-FUSION-00979,23.67528,86.39898,309.59,291.14,1.44,n,2026-09-29,2017,NOAA-20 VIIRS,N,0.48,0.4,VIIRS 375m
FIRMS-FUSION-00980,23.67612,86.39435,307.18,290.66,1.44,n,2026-09-29,2017,NOAA-20 VIIRS,N,0.48,0.4,VIIRS 375m
FIRMS-FUSION-00981,23.67621,86.08658,323.42,294.74,1.97,n,2026-09-29,2017,NOAA-20 VIIRS,N,0.46,0.39,VIIRS 375m
FIRMS-FUSION-00982,23.6765,86.10529,323.7,293.76,2.65,n,2026-09-29,2017,NOAA-20 VIIRS,N,0.46,0.39,VIIRS 375m
FIRMS-FUSION-00983,23.67766,85.32336,307.16,293.44,1.28,n,2026-09-29,2017,NOAA-20 VIIRS,N,0.43,0.38,VIIRS 375m
FIRMS-FUSION-00984,23.67892,86.39972,314.37,291.61,1.77,n,2026-09-29,2017,NOAA-20 VIIRS,N,0.48,0.4,VIIRS 375m
FIRMS-FUSION-00985,23.67976,86.39509,319.4,291.2,1.77,n,2026-09-29,2017,NOAA-20 VIIRS,N,0.48,0.4,VIIRS 375m
FIRMS-FUSION-00986,23.6806,86.08288,308.81,294.44,1.97,n,2026-09-29,2017,NOAA-20 VIIRS,N,0.46,0.39,VIIRS 375m
FIRMS-FUSION-00987,23.68254,86.0926,338.52,294.5,6.28,n,2026-09-29,2017,NOAA-20 VIIRS,N,0.46,0.39,VIIRS 375m
FIRMS-FUSION-00988,23.68339,86.39584,314.79,291.53,1.77,n,2026-09-29,2017,NOAA-20 VIIRS,N,0.48,0.4,VIIRS 375m
FIRMS-FUSION-00989,23.68422,86.39127,315.63,290.72,2.72,n,2026-09-29,2017,NOAA-20 VIIRS,N,0.48,0.4,VIIRS 375m
FIRMS-FUSION-00990,23.68618,87.12234,308.11,290.69,1.28,n,2026-09-29,2017,NOAA-20 VIIRS,N,0.52,0.41,VIIRS 375m
FIRMS-FUSION-00991,23.68688,87.12045,307.43,290.05,1.46,n,2026-09-29,2017,NOAA-20 VIIRS,N,0.52,0.41,VIIRS 375m
FIRMS-FUSION-00992,23.68785,86.39201,309.61,290.38,1.83,n,2026-09-29,2017,NOAA-20 VIIRS,N,0.48,0.4,VIIRS 375m
FIRMS-FUSION-00993,23.68994,87.12316,308.89,291.1,1.28,n,2026-09-29,2017,NOAA-20 VIIRS,N,0.52,0.41,VIIRS 375m
FIRMS-FUSION-00994,23.6906,87.10032,310.51,290.25,1.4,n,2026-09-29,2017,NOAA-20 VIIRS,N,0.52,0.41,VIIRS 375m
FIRMS-FUSION-00995,23.69065,87.12127,312.17,291.21,1.46,n,2026-09-29,2017,NOAA-20 VIIRS,N,0.52,0.41,VIIRS 375m
FIRMS-FUSION-00996,23.69097,87.09726,309.24,290.3,1.44,n,2026-09-29,2017,NOAA-20 VIIRS,N,0.52,0.41,VIIRS 375m
FIRMS-FUSION-00997,23.6925,87.1112,307.79,290.6,1.97,n,2026-09-29,2017,NOAA-20 VIIRS,N,0.52,0.41,VIIRS 375m
FIRMS-FUSION-00998,23.69282,87.10811,304.87,290.25,2.11,n,2026-09-29,2017,NOAA-20 VIIRS,N,0.52,0.41,VIIRS 375m
FIRMS-FUSION-00999,23.69371,87.12397,308.12,290.64,1.39,n,2026-09-29,2017,NOAA-20 VIIRS,N,0.52,0.41,VIIRS 375m
FIRMS-FUSION-01000,23.69441,87.12209,312.87,291.42,1.45,n,2026-09-29,2017,NOAA-20 VIIRS,N,0.52,0.41,VIIRS 375m
FIRMS-FUSION-01001,23.69457,85.28793,318.39,293.35,1.48,n,2026-09-29,2017,NOAA-20 VIIRS,N,0.43,0.38,VIIRS 375m
FIRMS-FUSION-01002,23.69528,87.09615,306.93,290.46,1.4,n,2026-09-29,2017,NOAA-20 VIIRS,N,0.52,0.41,VIIRS 375m
FIRMS-FUSION-01003,23.69534,87.11707,306.79,290.43,1.45,n,2026-09-29,2017,NOAA-20 VIIRS,N,0.52,0.41,VIIRS 375m
FIRMS-FUSION-01004,23.69562,87.11395,305.82,290.01,2.47,n,2026-09-29,2017,NOAA-20 VIIRS,N,0.52,0.41,VIIRS 375m
FIRMS-FUSION-01005,23.69568,87.09309,308.17,289.69,1.44,n,2026-09-29,2017,NOAA-20 VIIRS,N,0.52,0.41,VIIRS 375m
FIRMS-FUSION-01006,23.69593,85.29074,308.84,293.5,1.72,n,2026-09-29,2017,NOAA-20 VIIRS,N,0.43,0.38,VIIRS 375m
FIRMS-FUSION-01007,23.6964,85.36885,318.79,294.07,2.13,n,2026-09-29,2017,NOAA-20 VIIRS,N,0.43,0.38,VIIRS 375m
FIRMS-FUSION-01008,23.69667,85.28658,322.27,294.45,1.95,n,2026-09-29,2017,NOAA-20 VIIRS,N,0.43,0.38,VIIRS 375m
FIRMS-FUSION-01009,23.69719,87.10702,303.95,289.69,1.55,n,2026-09-29,2017,NOAA-20 VIIRS,N,0.52,0.41,VIIRS 375m
FIRMS-FUSION-01010,23.69731,85.29282,307.36,293.74,1.04,n,2026-09-29,2017,NOAA-20 VIIRS,N,0.43,0.38,VIIRS 375m
FIRMS-FUSION-01011,23.69753,87.10393,304.28,289.43,1.14,n,2026-09-29,2017,NOAA-20 VIIRS,N,0.52,0.41,VIIRS 375m
FIRMS-FUSION-01012,23.69803,85.28864,306.28,293.77,1.48,n,2026-09-29,2017,NOAA-20 VIIRS,N,0.43,0.38,VIIRS 375m
FIRMS-FUSION-01013,23.7009,86.0733,308.57,292.56,0.82,n,2026-09-29,2017,NOAA-20 VIIRS,N,0.46,0.39,VIIRS 375m
FIRMS-FUSION-01014,23.71131,86.44999,306.88,291.3,1.65,n,2026-09-29,2017,NOAA-20 VIIRS,N,0.48,0.4,VIIRS 375m
FIRMS-FUSION-01015,23.71161,86.44805,312.91,291.7,1.89,n,2026-09-29,2017,NOAA-20 VIIRS,N,0.48,0.4,VIIRS 375m
FIRMS-FUSION-01016,23.71525,86.44881,312.84,291.19,1.89,n,2026-09-29,2017,NOAA-20 VIIRS,N,0.48,0.4,VIIRS 375m
FIRMS-FUSION-01017,23.71549,86.4268,306.73,291.88,1.51,n,2026-09-29,2017,NOAA-20 VIIRS,N,0.48,0.4,VIIRS 375m
FIRMS-FUSION-01018,23.71591,86.4249,307.25,292.14,2.26,n,2026-09-29,2017,NOAA-20 VIIRS,N,0.48,0.4,VIIRS 375m
FIRMS-FUSION-01019,23.71633,86.42215,306.81,291.6,1.51,n,2026-09-29,2017,NOAA-20 VIIRS,N,0.48,0.4,VIIRS 375m
FIRMS-FUSION-01020,23.72179,85.00703,311.51,292.09,1.11,n,2026-09-29,2017,NOAA-20 VIIRS,N,0.42,0.38,VIIRS 375m
FIRMS-FUSION-01021,23.72403,86.42181,306.7,292.23,1.35,n,2026-09-29,2017,NOAA-20 VIIRS,N,0.48,0.4,VIIRS 375m
FIRMS-FUSION-01022,23.72509,86.43647,304.65,290.2,0.91,n,2026-09-29,2017,NOAA-20 VIIRS,N,0.48,0.4,VIIRS 375m
FIRMS-FUSION-01023,23.73685,86.43414,329.84,294.05,4.9,n,2026-09-29,2017,NOAA-20 VIIRS,N,0.48,0.4,VIIRS 375m
FIRMS-FUSION-01024,23.7377,86.42951,310.09,291.27,2.04,n,2026-09-29,2017,NOAA-20 VIIRS,N,0.48,0.4,VIIRS 375m
FIRMS-FUSION-01025,23.73891,85.01051,309.35,293.18,1.73,n,2026-09-29,2017,NOAA-20 VIIRS,N,0.42,0.38,VIIRS 375m
FIRMS-FUSION-01026,23.73961,85.00642,305.63,292.78,1.11,n,2026-09-29,2017,NOAA-20 VIIRS,N,0.42,0.38,VIIRS 375m
FIRMS-FUSION-01027,23.75115,86.41791,306.21,291.8,1.63,n,2026-09-29,2017,NOAA-20 VIIRS,N,0.48,0.4,VIIRS 375m
FIRMS-FUSION-01028,23.75507,85.85503,309.88,296.29,1.57,n,2026-09-29,2017,NOAA-20 VIIRS,N,0.45,0.39,VIIRS 375m
FIRMS-FUSION-01029,23.75586,85.85067,313.77,295.34,1.57,n,2026-09-29,2017,NOAA-20 VIIRS,N,0.45,0.39,VIIRS 375m
FIRMS-FUSION-01030,23.75733,86.40482,317.85,291.47,3.01,n,2026-09-29,2017,NOAA-20 VIIRS,N,0.48,0.4,VIIRS 375m
FIRMS-FUSION-01031,23.75861,85.85578,313.17,295.87,1.57,n,2026-09-29,2017,NOAA-20 VIIRS,N,0.45,0.39,VIIRS 375m
FIRMS-FUSION-01032,23.7618,86.40099,324.87,292.3,3.01,n,2026-09-29,2017,NOAA-20 VIIRS,N,0.48,0.4,VIIRS 375m
FIRMS-FUSION-01033,23.76458,86.40635,312.63,292.49,2.3,n,2026-09-29,2017,NOAA-20 VIIRS,N,0.48,0.4,VIIRS 375m
FIRMS-FUSION-01034,23.76542,86.40176,326.16,292.35,2.3,n,2026-09-29,2017,NOAA-20 VIIRS,N,0.48,0.4,VIIRS 375m
FIRMS-FUSION-01035,23.76711,86.39254,308.94,293.12,3.07,n,2026-09-29,2017,NOAA-20 VIIRS,N,0.48,0.4,VIIRS 375m
FIRMS-FUSION-01036,23.76904,86.40255,318.43,291.97,2.3,n,2026-09-29,2017,NOAA-20 VIIRS,N,0.48,0.4,VIIRS 375m
FIRMS-FUSION-01037,23.77257,86.1991,308.11,293.0,1.86,n,2026-09-29,2017,NOAA-20 VIIRS,N,0.47,0.4,VIIRS 375m
FIRMS-FUSION-01038,23.7734,86.19457,320.73,293.35,1.86,n,2026-09-29,2017,NOAA-20 VIIRS,N,0.47,0.4,VIIRS 375m
FIRMS-FUSION-01039,23.77578,86.36567,311.53,291.31,2.08,n,2026-09-29,2017,NOAA-20 VIIRS,N,0.48,0.4,VIIRS 375m
FIRMS-FUSION-01040,23.77662,86.36108,314.86,290.79,1.94,n,2026-09-29,2017,NOAA-20 VIIRS,N,0.48,0.4,VIIRS 375m
FIRMS-FUSION-01041,23.77809,86.14866,304.63,291.63,0.56,n,2026-09-29,2017,NOAA-20 VIIRS,N,0.47,0.39,VIIRS 375m
FIRMS-FUSION-01042,23.7781,86.20963,316.55,294.4,3.73,n,2026-09-29,2017,NOAA-20 VIIRS,N,0.47,0.4,VIIRS 375m
FIRMS-FUSION-01043,23.77883,86.39019,315.43,292.38,3.06,n,2026-09-29,2017,NOAA-20 VIIRS,N,0.48,0.4,VIIRS 375m
FIRMS-FUSION-01044,23.77914,86.34732,305.73,290.03,0.94,n,2026-09-29,2017,NOAA-20 VIIRS,N,0.47,0.4,VIIRS 375m
FIRMS-FUSION-01045,23.78004,85.57315,306.0,295.22,1.6,n,2026-09-29,2017,NOAA-20 VIIRS,N,0.44,0.38,VIIRS 375m
FIRMS-FUSION-01046,23.7817,86.21037,334.79,294.86,3.73,n,2026-09-29,2017,NOAA-20 VIIRS,N,0.47,0.4,VIIRS 375m
FIRMS-FUSION-01047,23.78218,86.37181,313.63,290.91,1.55,n,2026-09-29,2017,NOAA-20 VIIRS,N,0.48,0.4,VIIRS 375m
FIRMS-FUSION-01048,23.78245,86.39097,308.52,291.57,1.25,n,2026-09-29,2017,NOAA-20 VIIRS,N,0.48,0.4,VIIRS 375m
FIRMS-FUSION-01049,23.78734,85.55253,312.67,293.69,1.67,n,2026-09-29,2017,NOAA-20 VIIRS,N,0.44,0.38,VIIRS 375m
FIRMS-FUSION-01050,23.79634,86.23238,305.97,291.9,0.8,n,2026-09-29,2017,NOAA-20 VIIRS,N,0.47,0.4,VIIRS 375m
FIRMS-FUSION-01051,23.79721,86.35116,322.01,291.38,2.87,n,2026-09-29,2017,NOAA-20 VIIRS,N,0.47,0.4,VIIRS 375m
FIRMS-FUSION-01052,23.79803,86.28477,304.72,291.1,0.98,n,2026-09-29,2017,NOAA-20 VIIRS,N,0.47,0.4,VIIRS 375m
FIRMS-FUSION-01053,23.80025,86.31375,305.0,290.44,1.08,n,2026-09-29,2017,NOAA-20 VIIRS,N,0.47,0.4,VIIRS 375m
FIRMS-FUSION-01054,23.80221,86.32362,309.34,291.1,2.78,n,2026-09-29,2017,NOAA-20 VIIRS,N,0.47,0.4,VIIRS 375m
FIRMS-FUSION-01055,23.80416,86.33353,304.3,290.57,1.38,n,2026-09-29,2017,NOAA-20 VIIRS,N,0.47,0.4,VIIRS 375m
FIRMS-FUSION-01056,23.80434,85.53834,304.4,293.05,0.78,n,2026-09-29,2017,NOAA-20 VIIRS,N,0.44,0.38,VIIRS 375m
FIRMS-FUSION-01057,23.80499,86.32895,329.63,293.46,2.78,n,2026-09-29,2017,NOAA-20 VIIRS,N,0.47,0.4,VIIRS 375m
FIRMS-FUSION-01058,23.82306,85.49387,307.08,294.97,1.14,n,2026-09-29,2017,NOAA-20 VIIRS,N,0.44,0.38,VIIRS 375m
FIRMS-FUSION-01059,23.82579,85.49883,308.7,294.97,1.44,n,2026-09-29,2017,NOAA-20 VIIRS,N,0.44,0.38,VIIRS 375m
FIRMS-FUSION-01060,23.83797,85.47068,305.39,293.82,1.43,n,2026-09-29,2017,NOAA-20 VIIRS,N,0.44,0.38,VIIRS 375m
FIRMS-FUSION-01061,23.92667,85.34377,302.74,291.24,0.78,n,2026-09-29,2017,NOAA-20 VIIRS,N,0.43,0.38,VIIRS 375m
FIRMS-FUSION-01062,24.11476,86.85973,309.88,292.49,1.18,n,2026-09-29,2017,NOAA-20 VIIRS,N,0.5,0.41,VIIRS 375m
FIRMS-FUSION-01063,24.14004,82.70461,306.57,293.98,0.61,n,2026-09-29,2017,NOAA-20 VIIRS,N,0.38,0.36,VIIRS 375m
FIRMS-FUSION-01064,24.14771,82.65589,319.54,294.84,1.72,n,2026-09-29,2017,NOAA-20 VIIRS,N,0.38,0.36,VIIRS 375m
FIRMS-FUSION-01065,24.15327,82.59912,306.68,293.08,0.65,n,2026-09-29,2017,NOAA-20 VIIRS,N,0.38,0.36,VIIRS 375m
FIRMS-FUSION-01066,24.16231,82.62782,307.65,293.8,0.97,n,2026-09-29,2017,NOAA-20 VIIRS,N,0.38,0.36,VIIRS 375m
FIRMS-FUSION-01067,24.18357,82.6433,304.23,293.68,0.98,n,2026-09-29,2017,NOAA-20 VIIRS,N,0.38,0.36,VIIRS 375m
FIRMS-FUSION-01068,24.1845,82.65891,311.74,293.85,1.13,n,2026-09-29,2017,NOAA-20 VIIRS,N,0.38,0.36,VIIRS 375m
FIRMS-FUSION-01069,24.19927,82.7157,321.41,295.08,2.07,n,2026-09-29,2017,NOAA-20 VIIRS,N,0.38,0.36,VIIRS 375m
FIRMS-FUSION-01070,24.20374,82.70883,313.97,294.65,1.25,n,2026-09-29,2017,NOAA-20 VIIRS,N,0.38,0.36,VIIRS 375m
FIRMS-FUSION-01071,24.20568,82.52395,305.07,294.24,0.77,n,2026-09-29,2017,NOAA-20 VIIRS,N,0.38,0.36,VIIRS 375m
FIRMS-FUSION-01072,24.20703,82.70944,306.71,295.12,1.25,n,2026-09-29,2017,NOAA-20 VIIRS,N,0.38,0.36,VIIRS 375m
FIRMS-FUSION-01073,24.45068,83.03996,306.17,295.16,0.63,n,2026-09-29,2017,NOAA-20 VIIRS,N,0.38,0.36,VIIRS 375m
FIRMS-FUSION-01074,24.66385,74.63279,303.9,293.02,3.08,n,2026-09-29,2017,NOAA-20 VIIRS,N,0.58,0.52,VIIRS 375m
FIRMS-FUSION-01075,24.76345,74.60608,304.93,292.73,1.43,n,2026-09-29,2017,NOAA-20 VIIRS,N,0.58,0.52,VIIRS 375m
FIRMS-FUSION-01076,24.92311,84.1542,304.38,292.25,1.36,n,2026-09-29,2017,NOAA-20 VIIRS,N,0.39,0.36,VIIRS 375m
FIRMS-FUSION-01077,24.93103,84.14782,306.16,294.15,1.37,n,2026-09-29,2017,NOAA-20 VIIRS,N,0.39,0.36,VIIRS 375m
FIRMS-FUSION-01078,25.39288,68.57499,300.88,289.89,0.56,n,2026-09-29,2017,NOAA-20 VIIRS,N,0.71,0.75,VIIRS 375m
FIRMS-FUSION-01079,26.64257,79.47652,312.05,293.88,1.14,n,2026-09-29,2017,NOAA-20 VIIRS,N,0.48,0.4,VIIRS 375m
FIRMS-FUSION-01080,28.05456,69.3644,317.4,291.41,2.14,n,2026-09-29,2017,NOAA-20 VIIRS,N,0.67,0.73,VIIRS 375m
FIRMS-FUSION-01081,8.85029,78.13593,314.21,291.91,2.65,n,2026-09-29,2019,NOAA-20 VIIRS,N,0.39,0.36,VIIRS 375m
FIRMS-FUSION-01082,9.82724,78.03334,329.37,291.56,4.5,n,2026-09-29,2019,NOAA-20 VIIRS,N,0.4,0.37,VIIRS 375m
FIRMS-FUSION-01083,11.26755,80.00402,309.74,293.5,0.65,n,2026-09-29,2019,NOAA-20 VIIRS,N,0.39,0.36,VIIRS 375m
FIRMS-FUSION-01084,11.31376,77.8726,306.06,287.75,0.91,n,2026-09-29,2019,NOAA-20 VIIRS,N,0.41,0.37,VIIRS 375m
FIRMS-FUSION-01085,12.99771,79.94214,309.95,293.32,3.66,n,2026-09-29,2019,NOAA-20 VIIRS,N,0.38,0.36,VIIRS 375m
FIRMS-FUSION-01086,16.8731,81.99245,307.0,295.01,0.66,n,2026-09-29,2019,NOAA-20 VIIRS,N,0.39,0.36,VIIRS 375m
FIRMS-FUSION-01087,17.46457,80.65175,309.16,295.14,0.98,n,2026-09-29,2019,NOAA-20 VIIRS,N,0.39,0.36,VIIRS 375m
FIRMS-FUSION-01088,17.58429,80.3186,308.3,295.17,1.0,n,2026-09-29,2019,NOAA-20 VIIRS,N,0.39,0.36,VIIRS 375m
FIRMS-FUSION-01089,17.60713,83.20004,314.68,294.74,1.06,n,2026-09-29,2019,NOAA-20 VIIRS,N,0.41,0.37,VIIRS 375m
FIRMS-FUSION-01090,17.60989,83.20454,317.78,295.72,1.87,n,2026-09-29,2019,NOAA-20 VIIRS,N,0.42,0.37,VIIRS 375m
FIRMS-FUSION-01091,17.6133,83.20517,307.62,294.31,0.62,n,2026-09-29,2019,NOAA-20 VIIRS,N,0.42,0.37,VIIRS 375m
FIRMS-FUSION-01092,17.95855,80.79744,318.26,297.85,2.12,n,2026-09-29,2019,NOAA-20 VIIRS,N,0.39,0.36,VIIRS 375m
FIRMS-FUSION-01093,17.95912,80.79384,310.92,297.83,2.46,n,2026-09-29,2019,NOAA-20 VIIRS,N,0.39,0.36,VIIRS 375m
FIRMS-FUSION-01094,17.98432,80.82777,325.25,299.03,3.04,n,2026-09-29,2019,NOAA-20 VIIRS,N,0.39,0.36,VIIRS 375m
FIRMS-FUSION-01095,17.98705,80.83194,308.71,297.9,1.9,n,2026-09-29,2019,NOAA-20 VIIRS,N,0.39,0.36,VIIRS 375m
FIRMS-FUSION-01096,18.68109,73.03136,303.68,289.19,1.9,n,2026-09-29,2019,NOAA-20 VIIRS,N,0.62,0.54,VIIRS 375m
FIRMS-FUSION-01097,18.68537,73.03789,304.58,288.39,2.48,n,2026-09-29,2019,NOAA-20 VIIRS,N,0.62,0.54,VIIRS 375m
FIRMS-FUSION-01098,18.68604,73.032,311.67,289.31,1.97,n,2026-09-29,2019,NOAA-20 VIIRS,N,0.62,0.54,VIIRS 375m
FIRMS-FUSION-01099,18.68671,73.02612,302.87,289.36,1.97,n,2026-09-29,2019,NOAA-20 VIIRS,N,0.62,0.54,VIIRS 375m
FIRMS-FUSION-01100,18.69526,73.03918,304.06,288.89,1.51,n,2026-09-29,2019,NOAA-20 VIIRS,N,0.62,0.54,VIIRS 375m
FIRMS-FUSION-01101,18.72114,79.53773,313.76,295.42,2.17,n,2026-09-29,2019,NOAA-20 VIIRS,N,0.41,0.37,VIIRS 375m
FIRMS-FUSION-01102,19.23618,73.02249,304.6,288.0,1.97,n,2026-09-29,2019,NOAA-20 VIIRS,N,0.63,0.54,VIIRS 375m
FIRMS-FUSION-01103,19.93475,73.71259,302.85,287.57,0.86,n,2026-09-29,2019,NOAA-20 VIIRS,N,0.58,0.52,VIIRS 375m
FIRMS-FUSION-01104,19.9396,73.7095,304.37,286.57,0.69,n,2026-09-29,2019,NOAA-20 VIIRS,N,0.58,0.52,VIIRS 375m
FIRMS-FUSION-01105,31.76822,70.10703,305.26,290.94,0.54,n,2026-09-29,2153,NOAA-20 VIIRS,N,0.36,0.58,VIIRS 375m
FIRMS-FUSION-01106,32.29297,70.73775,302.85,291.43,0.74,n,2026-09-29,2153,NOAA-20 VIIRS,N,0.38,0.59,VIIRS 375m
FIRMS-FUSION-01107,33.29672,71.18597,316.76,291.05,1.46,n,2026-09-29,2153,NOAA-20 VIIRS,N,0.38,0.59,VIIRS 375m
FIRMS-FUSION-01108,22.93323,69.69643,306.37,294.15,1.27,n,2026-09-29,2155,NOAA-20 VIIRS,N,0.55,0.68,VIIRS 375m
FIRMS-FUSION-01109,25.38882,68.58127,313.14,293.08,0.95,n,2026-09-29,2155,NOAA-20 VIIRS,N,0.41,0.61,VIIRS 375m
FIRMS-FUSION-01110,25.38892,68.58222,323.03,293.1,1.8,n,2026-09-29,2155,NOAA-20 VIIRS,N,0.41,0.61,VIIRS 375m
FIRMS-FUSION-01111,28.05121,69.36934,319.85,293.02,1.5,n,2026-09-29,2155,NOAA-20 VIIRS,N,0.4,0.6,VIIRS 375m
FIRMS-FUSION-01112,28.05216,69.36541,304.66,292.71,1.22,n,2026-09-29,2155,NOAA-20 VIIRS,N,0.4,0.6,VIIRS 375m
FIRMS-FUSION-01113,28.42411,69.69945,306.38,291.52,0.78,n,2026-09-29,2155,NOAA-20 VIIRS,N,0.41,0.61,VIIRS 375m
FIRMS-FUSION-01114,6.43276,81.29213,330.07,292.55,3.52,n,2026-09-30,724,NOAA-20 VIIRS,D,0.39,0.59,VIIRS 375m
FIRMS-FUSION-01115,6.44447,80.75105,335.17,292.31,3.27,n,2026-09-30,724,NOAA-20 VIIRS,D,0.42,0.61,VIIRS 375m
FIRMS-FUSION-01116,7.25259,81.84631,342.58,292.14,3.36,n,2026-09-30,724,NOAA-20 VIIRS,D,0.34,0.56,VIIRS 375m
FIRMS-FUSION-01117,7.25503,81.84763,335.69,291.96,2.35,n,2026-09-30,724,NOAA-20 VIIRS,D,0.34,0.56,VIIRS 375m
FIRMS-FUSION-01118,7.36759,81.05714,330.09,294.46,5.79,n,2026-09-30,726,NOAA-20 VIIRS,D,0.39,0.59,VIIRS 375m
FIRMS-FUSION-01119,7.58782,81.01924,344.98,294.22,3.19,n,2026-09-30,726,NOAA-20 VIIRS,D,0.39,0.59,VIIRS 375m
FIRMS-FUSION-01120,7.75655,80.66175,351.62,291.41,5.1,n,2026-09-30,726,NOAA-20 VIIRS,D,0.41,0.6,VIIRS 375m
FIRMS-FUSION-01121,7.77802,80.84462,338.14,295.58,4.81,n,2026-09-30,726,NOAA-20 VIIRS,D,0.4,0.6,VIIRS 375m
FIRMS-FUSION-01122,7.82612,81.11343,349.43,296.76,6.65,n,2026-09-30,726,NOAA-20 VIIRS,D,0.38,0.59,VIIRS 375m
FIRMS-FUSION-01123,7.83145,81.11246,343.18,297.4,5.16,n,2026-09-30,726,NOAA-20 VIIRS,D,0.38,0.59,VIIRS 375m
FIRMS-FUSION-01124,7.84398,80.6418,333.04,292.57,2.65,n,2026-09-30,726,NOAA-20 VIIRS,D,0.41,0.6,VIIRS 375m
FIRMS-FUSION-01125,8.04979,81.09496,330.23,294.91,3.34,n,2026-09-30,726,NOAA-20 VIIRS,D,0.38,0.58,VIIRS 375m
FIRMS-FUSION-01126,8.12462,80.43655,333.15,290.55,4.01,n,2026-09-30,726,NOAA-20 VIIRS,D,0.42,0.61,VIIRS 375m
FIRMS-FUSION-01127,8.21156,81.03739,330.74,295.14,2.48,n,2026-09-30,726,NOAA-20 VIIRS,D,0.38,0.59,VIIRS 375m
FIRMS-FUSION-01128,8.64707,80.49957,330.46,290.85,4.93,n,2026-09-30,726,NOAA-20 VIIRS,D,0.4,0.6,VIIRS 375m
FIRMS-FUSION-01129,9.50483,77.58497,333.29,292.57,5.27,n,2026-09-30,726,NOAA-20 VIIRS,D,0.62,0.71,VIIRS 375m
FIRMS-FUSION-01130,9.65265,80.30958,334.07,295.04,4.9,n,2026-09-30,726,NOAA-20 VIIRS,D,0.4,0.6,VIIRS 375m
FIRMS-FUSION-01131,10.03709,78.71851,330.21,294.05,3.12,n,2026-09-30,726,NOAA-20 VIIRS,D,0.5,0.66,VIIRS 375m
FIRMS-FUSION-01132,10.05331,79.01387,332.98,292.95,8.03,n,2026-09-30,726,NOAA-20 VIIRS,D,0.48,0.65,VIIRS 375m
FIRMS-FUSION-01133,10.70892,78.89933,332.8,295.8,3.04,n,2026-09-30,726,NOAA-20 VIIRS,D,0.48,0.64,VIIRS 375m
FIRMS-FUSION-01134,10.89286,79.01672,337.11,292.83,8.74,n,2026-09-30,726,NOAA-20 VIIRS,D,0.46,0.64,VIIRS 375m
FIRMS-FUSION-01135,11.30108,77.31915,336.25,291.27,5.21,n,2026-09-30,726,NOAA-20 VIIRS,D,0.6,0.7,VIIRS 375m
FIRMS-FUSION-01136,13.33345,80.07598,336.85,294.19,2.59,n,2026-09-30,726,NOAA-20 VIIRS,D,0.35,0.57,VIIRS 375m
FIRMS-FUSION-01137,13.87048,79.62819,336.5,299.21,2.03,n,2026-09-30,726,NOAA-20 VIIRS,D,0.37,0.58,VIIRS 375m
FIRMS-FUSION-01138,14.06011,80.1069,332.64,298.48,2.65,n,2026-09-30,726,NOAA-20 VIIRS,D,0.34,0.56,VIIRS 375m
FIRMS-FUSION-01139,14.11986,79.93661,333.99,297.89,2.29,n,2026-09-30,726,NOAA-20 VIIRS,D,0.35,0.57,VIIRS 375m
FIRMS-FUSION-01140,14.38589,79.73903,344.76,297.12,3.34,n,2026-09-30,726,NOAA-20 VIIRS,D,0.36,0.57,VIIRS 375m
FIRMS-FUSION-01141,15.12245,79.61752,342.9,302.89,5.96,n,2026-09-30,729,NOAA-20 VIIRS,D,0.35,0.57,VIIRS 375m
FIRMS-FUSION-01142,15.1231,79.62081,336.35,299.48,2.93,n,2026-09-30,729,NOAA-20 VIIRS,D,0.35,0.57,VIIRS 375m
FIRMS-FUSION-01143,15.14156,78.48534,367.0,296.06,5.64,h,2026-09-30,729,NOAA-20 VIIRS,D,0.42,0.61,VIIRS 375m
FIRMS-FUSION-01144,15.74283,80.33101,344.64,291.92,11.5,n,2026-09-30,729,NOAA-20 VIIRS,D,0.62,0.54,VIIRS 375m
FIRMS-FUSION-01145,15.92106,79.36684,342.75,300.09,2.03,n,2026-09-30,729,NOAA-20 VIIRS,D,0.35,0.57,VIIRS 375m
FIRMS-FUSION-01146,16.71242,79.56333,353.38,300.21,5.25,n,2026-09-30,729,NOAA-20 VIIRS,D,0.33,0.55,VIIRS 375m
FIRMS-FUSION-01147,16.95251,79.41331,338.77,297.5,2.5,n,2026-09-30,729,NOAA-20 VIIRS,D,0.34,0.56,VIIRS 375m
FIRMS-FUSION-01148,17.0808,79.3266,343.87,296.84,3.25,n,2026-09-30,729,NOAA-20 VIIRS,D,0.34,0.56,VIIRS 375m
FIRMS-FUSION-01149,17.08417,79.32526,343.86,297.67,3.77,n,2026-09-30,729,NOAA-20 VIIRS,D,0.34,0.56,VIIRS 375m
FIRMS-FUSION-01150,18.28592,78.57539,331.57,295.94,5.1,n,2026-09-30,729,NOAA-20 VIIRS,D,0.36,0.57,VIIRS 375m
FIRMS-FUSION-01151,18.82128,78.50321,329.18,296.65,1.63,n,2026-09-30,729,NOAA-20 VIIRS,D,0.35,0.57,VIIRS 375m
FIRMS-FUSION-01152,18.93197,78.43241,332.65,297.24,2.11,n,2026-09-30,729,NOAA-20 VIIRS,D,0.36,0.57,VIIRS 375m
FIRMS-FUSION-01153,20.76149,85.29932,331.62,302.43,4.82,l,2026-09-30,729,NOAA-20 VIIRS,D,0.41,0.37,VIIRS 375m
FIRMS-FUSION-01154,20.79244,85.25293,336.26,301.72,7.04,n,2026-09-30,729,NOAA-20 VIIRS,D,0.41,0.37,VIIRS 375m
FIRMS-FUSION-01155,20.79287,85.2535,338.25,301.19,5.07,n,2026-09-30,729,NOAA-20 VIIRS,D,0.41,0.37,VIIRS 375m
FIRMS-FUSION-01156,20.95461,86.05037,332.85,301.88,4.0,n,2026-09-30,729,NOAA-20 VIIRS,D,0.39,0.37,VIIRS 375m
FIRMS-FUSION-01157,20.96137,85.18972,341.7,306.86,4.6,n,2026-09-30,729,NOAA-20 VIIRS,D,0.42,0.37,VIIRS 375m
FIRMS-FUSION-01158,20.96218,85.17331,331.76,302.75,5.38,l,2026-09-30,729,NOAA-20 VIIRS,D,0.42,0.37,VIIRS 375m
FIRMS-FUSION-01159,20.96413,85.18515,330.93,305.63,7.22,l,2026-09-30,729,NOAA-20 VIIRS,D,0.42,0.37,VIIRS 375m
FIRMS-FUSION-01160,20.96478,85.18909,331.52,305.41,4.6,l,2026-09-30,729,NOAA-20 VIIRS,D,0.42,0.37,VIIRS 375m
FIRMS-FUSION-01161,20.96493,85.16869,336.36,303.97,5.35,n,2026-09-30,729,NOAA-20 VIIRS,D,0.42,0.37,VIIRS 375m
FIRMS-FUSION-01162,20.96964,85.17596,352.26,305.38,11.0,n,2026-09-30,729,NOAA-20 VIIRS,D,0.42,0.37,VIIRS 375m
FIRMS-FUSION-01163,20.9758,85.1707,331.92,302.67,4.55,l,2026-09-30,729,NOAA-20 VIIRS,D,0.42,0.37,VIIRS 375m
FIRMS-FUSION-01164,20.99702,86.01556,336.67,301.23,4.25,n,2026-09-30,729,NOAA-20 VIIRS,D,0.4,0.37,VIIRS 375m
FIRMS-FUSION-01165,21.07705,85.0377,340.98,306.34,9.43,n,2026-09-30,729,NOAA-20 VIIRS,D,0.42,0.38,VIIRS 375m
FIRMS-FUSION-01166,21.08047,85.03706,340.96,305.5,6.31,n,2026-09-30,729,NOAA-20 VIIRS,D,0.42,0.38,VIIRS 375m
FIRMS-FUSION-01167,21.19019,81.41653,335.85,302.76,2.39,n,2026-09-30,729,NOAA-20 VIIRS,D,0.42,0.45,VIIRS 375m
FIRMS-FUSION-01168,21.19428,81.41567,336.85,303.53,3.84,n,2026-09-30,729,NOAA-20 VIIRS,D,0.42,0.45,VIIRS 375m
FIRMS-FUSION-01169,21.30084,81.60406,330.92,301.98,2.34,l,2026-09-30,729,NOAA-20 VIIRS,D,0.41,0.45,VIIRS 375m
FIRMS-FUSION-01170,21.67693,84.04008,331.31,303.93,7.04,l,2026-09-30,729,NOAA-20 VIIRS,D,0.45,0.39,VIIRS 375m
FIRMS-FUSION-01171,21.74903,83.84386,332.22,306.7,5.97,l,2026-09-30,729,NOAA-20 VIIRS,D,0.46,0.39,VIIRS 375m
FIRMS-FUSION-01172,21.75508,83.84382,334.01,305.55,4.95,l,2026-09-30,729,NOAA-20 VIIRS,D,0.46,0.39,VIIRS 375m
FIRMS-FUSION-01173,21.91996,83.3512,344.39,309.9,10.31,n,2026-09-30,729,NOAA-20 VIIRS,D,0.48,0.4,VIIRS 375m
FIRMS-FUSION-01174,22.05397,88.12537,332.7,294.4,2.41,n,2026-09-30,729,NOAA-20 VIIRS,D,0.39,0.36,VIIRS 375m
FIRMS-FUSION-01175,22.20844,84.86346,338.54,303.22,5.7,n,2026-09-30,729,NOAA-20 VIIRS,D,0.42,0.37,VIIRS 375m
FIRMS-FUSION-01176,22.32176,82.59049,335.09,302.71,9.47,n,2026-09-30,729,NOAA-20 VIIRS,D,0.52,0.41,VIIRS 375m
FIRMS-FUSION-01177,22.35862,82.30431,335.7,307.94,8.44,l,2026-09-30,729,NOAA-20 VIIRS,D,0.53,0.42,VIIRS 375m
FIRMS-FUSION-01178,22.35964,82.30135,334.69,307.05,7.33,l,2026-09-30,729,NOAA-20 VIIRS,D,0.53,0.42,VIIRS 375m
FIRMS-FUSION-01179,22.36956,87.30087,331.12,299.03,2.18,n,2026-09-30,729,NOAA-20 VIIRS,D,0.38,0.36,VIIRS 375m
FIRMS-FUSION-01180,22.37665,87.28062,332.34,300.73,3.61,n,2026-09-30,729,NOAA-20 VIIRS,D,0.38,0.36,VIIRS 375m
FIRMS-FUSION-01181,23.6291,86.29134,336.42,297.12,4.66,n,2026-09-30,729,NOAA-20 VIIRS,D,0.38,0.36,VIIRS 375m
FIRMS-FUSION-01182,23.66677,86.9176,339.86,301.27,4.3,n,2026-09-30,729,NOAA-20 VIIRS,D,0.38,0.36,VIIRS 375m
FIRMS-FUSION-01183,23.67545,86.0864,331.57,304.34,3.37,l,2026-09-30,729,NOAA-20 VIIRS,D,0.39,0.36,VIIRS 375m
FIRMS-FUSION-01184,23.68533,86.3925,338.89,302.54,5.5,n,2026-09-30,729,NOAA-20 VIIRS,D,0.38,0.36,VIIRS 375m
FIRMS-FUSION-01185,23.68733,87.12164,334.38,302.0,5.08,n,2026-09-30,729,NOAA-20 VIIRS,D,0.39,0.36,VIIRS 375m
FIRMS-FUSION-01186,23.76547,86.40469,330.43,297.23,1.91,n,2026-09-30,729,NOAA-20 VIIRS,D,0.38,0.36,VIIRS 375m
FIRMS-FUSION-01187,25.20335,76.73972,330.95,299.88,2.15,n,2026-09-30,729,NOAA-20 VIIRS,D,0.34,0.56,VIIRS 375m
FIRMS-FUSION-01188,26.81973,85.33169,337.63,296.69,2.78,n,2026-09-30,729,NOAA-20 VIIRS,D,0.39,0.36,VIIRS 375m
FIRMS-FUSION-01189,27.73602,96.06626,343.47,288.96,4.45,n,2026-09-30,729,NOAA-20 VIIRS,D,0.39,0.59,VIIRS 375m
FIRMS-FUSION-01190,27.73723,96.06511,341.58,289.42,4.62,n,2026-09-30,729,NOAA-20 VIIRS,D,0.39,0.59,VIIRS 375m
FIRMS-FUSION-01191,21.14906,72.73802,329.95,290.48,2.95,n,2026-09-30,731,NOAA-20 VIIRS,D,0.74,0.76,VIIRS 375m
FIRMS-FUSION-01192,22.85707,75.72878,330.52,301.27,2.87,l,2026-09-30,731,NOAA-20 VIIRS,D,0.44,0.62,VIIRS 375m
FIRMS-FUSION-01193,23.64773,85.43808,344.49,304.21,6.06,n,2026-09-30,731,NOAA-20 VIIRS,D,0.39,0.36,VIIRS 375m
FIRMS-FUSION-01194,23.6949,85.28752,336.34,305.19,5.39,n,2026-09-30,731,NOAA-20 VIIRS,D,0.4,0.37,VIIRS 375m
FIRMS-FUSION-01195,23.77287,86.36491,337.65,302.28,3.89,n,2026-09-30,731,NOAA-20 VIIRS,D,0.38,0.36,VIIRS 375m
FIRMS-FUSION-01196,23.77995,86.20992,345.34,304.36,7.22,n,2026-09-30,731,NOAA-20 VIIRS,D,0.38,0.36,VIIRS 375m
FIRMS-FUSION-01197,23.80181,86.32905,339.3,303.2,5.68,n,2026-09-30,731,NOAA-20 VIIRS,D,0.38,0.36,VIIRS 375m
FIRMS-FUSION-01198,23.80665,86.31663,333.06,300.71,4.75,n,2026-09-30,731,NOAA-20 VIIRS,D,0.38,0.36,VIIRS 375m
FIRMS-FUSION-01199,26.20095,90.49501,333.19,292.84,5.53,n,2026-09-30,731,NOAA-20 VIIRS,D,0.52,0.41,VIIRS 375m
FIRMS-FUSION-01200,28.74946,71.15385,333.1,299.24,4.97,n,2026-09-30,731,NOAA-20 VIIRS,D,0.61,0.71,VIIRS 375m
FIRMS-FUSION-01201,28.75048,71.15324,334.72,300.06,5.22,n,2026-09-30,731,NOAA-20 VIIRS,D,0.61,0.71,VIIRS 375m
FIRMS-FUSION-01202,29.78814,72.8183,332.24,297.92,3.16,n,2026-09-30,731,NOAA-20 VIIRS,D,0.46,0.63,VIIRS 375m
FIRMS-FUSION-01203,30.33188,73.56804,333.09,297.87,1.93,n,2026-09-30,731,NOAA-20 VIIRS,D,0.4,0.6,VIIRS 375m
FIRMS-FUSION-01204,30.44163,73.6583,338.35,298.02,2.76,n,2026-09-30,731,NOAA-20 VIIRS,D,0.4,0.6,VIIRS 375m
FIRMS-FUSION-01205,30.48984,73.85419,346.73,299.31,5.88,n,2026-09-30,731,NOAA-20 VIIRS,D,0.38,0.59,VIIRS 375m
FIRMS-FUSION-01206,30.67275,74.70084,354.33,298.24,5.06,n,2026-09-30,731,NOAA-20 VIIRS,D,0.34,0.56,VIIRS 375m
FIRMS-FUSION-01207,30.67692,74.69582,353.6,303.08,13.66,n,2026-09-30,731,NOAA-20 VIIRS,D,0.34,0.56,VIIRS 375m
FIRMS-FUSION-01208,30.67774,74.69925,367.0,302.5,20.65,h,2026-09-30,731,NOAA-20 VIIRS,D,0.34,0.56,VIIRS 375m
FIRMS-FUSION-01209,30.98096,74.19095,342.28,299.14,3.23,n,2026-09-30,731,NOAA-20 VIIRS,D,0.36,0.57,VIIRS 375m
FIRMS-FUSION-01210,30.98156,74.19049,342.01,299.65,2.85,n,2026-09-30,731,NOAA-20 VIIRS,D,0.36,0.57,VIIRS 375m
FIRMS-FUSION-01211,30.98207,74.44752,335.33,298.99,1.95,n,2026-09-30,731,NOAA-20 VIIRS,D,0.35,0.56,VIIRS 375m
FIRMS-FUSION-01212,31.10069,74.63891,335.32,299.59,4.22,n,2026-09-30,731,NOAA-20 VIIRS,D,0.33,0.56,VIIRS 375m
FIRMS-FUSION-01213,31.12642,74.61254,334.65,300.65,3.62,n,2026-09-30,731,NOAA-20 VIIRS,D,0.34,0.56,VIIRS 375m
FIRMS-FUSION-01214,31.38879,72.24094,344.75,296.29,5.15,n,2026-09-30,731,NOAA-20 VIIRS,D,0.45,0.63,VIIRS 375m
FIRMS-FUSION-01215,31.48608,74.54945,330.8,300.75,1.51,n,2026-09-30,731,NOAA-20 VIIRS,D,0.33,0.55,VIIRS 375m
FIRMS-FUSION-01216,31.55173,75.14087,329.78,301.87,2.9,n,2026-09-30,731,NOAA-20 VIIRS,D,0.61,0.54,VIIRS 375m
FIRMS-FUSION-01217,31.57648,74.59917,332.14,299.67,1.54,n,2026-09-30,731,NOAA-20 VIIRS,D,0.33,0.55,VIIRS 375m
FIRMS-FUSION-01218,31.66297,74.76675,341.14,301.93,2.57,n,2026-09-30,731,NOAA-20 VIIRS,D,0.32,0.55,VIIRS 375m
FIRMS-FUSION-01219,31.66395,74.76625,339.35,301.19,2.17,n,2026-09-30,731,NOAA-20 VIIRS,D,0.32,0.55,VIIRS 375m
FIRMS-FUSION-01220,31.72326,74.66262,338.76,299.98,3.06,n,2026-09-30,731,NOAA-20 VIIRS,D,0.32,0.55,VIIRS 375m
FIRMS-FUSION-01221,31.83598,74.58247,330.01,299.7,1.99,n,2026-09-30,731,NOAA-20 VIIRS,D,0.32,0.55,VIIRS 375m
FIRMS-FUSION-01222,31.91984,73.85737,330.27,300.27,2.83,l,2026-09-30,731,NOAA-20 VIIRS,D,0.36,0.57,VIIRS 375m
FIRMS-FUSION-01223,31.93929,74.26233,333.5,300.29,2.32,n,2026-09-30,731,NOAA-20 VIIRS,D,0.34,0.56,VIIRS 375m
FIRMS-FUSION-01224,31.9855,73.92519,335.32,300.38,2.87,n,2026-09-30,731,NOAA-20 VIIRS,D,0.35,0.57,VIIRS 375m
FIRMS-FUSION-01225,32.14397,74.02208,341.68,303.52,3.17,n,2026-09-30,731,NOAA-20 VIIRS,D,0.34,0.56,VIIRS 375m
FIRMS-FUSION-01226,32.14616,74.021,342.14,302.53,3.03,n,2026-09-30,731,NOAA-20 VIIRS,D,0.34,0.56,VIIRS 375m
FIRMS-FUSION-01227,32.28489,74.45009,338.41,300.66,2.08,n,2026-09-30,731,NOAA-20 VIIRS,D,0.32,0.55,VIIRS 375m
FIRMS-FUSION-01228,34.08183,75.33435,325.21,295.27,4.17,n,2026-09-30,731,NOAA-20 VIIRS,D,0.53,0.5,VIIRS 375m
FIRMS-FUSION-01229,34.82942,70.72253,351.5,303.78,72.24,n,2026-09-30,731,NOAA-20 VIIRS,D,0.45,0.63,VIIRS 375m
FIRMS-FUSION-01230,28.54305,88.75414,304.64,,4.78,14,2026-09-29,300,MODIS (Terra/Aqua),D,1.0,1.0,MODIS 1km
FIRMS-FUSION-01231,29.55022,90.99437,304.31,,4.49,23,2026-09-29,300,MODIS (Terra/Aqua),D,1.09,1.04,MODIS 1km
FIRMS-FUSION-01232,29.64306,91.28964,301.64,,5.28,38,2026-09-29,300,MODIS (Terra/Aqua),D,1.11,1.05,MODIS 1km
FIRMS-FUSION-01233,34.13514,95.80704,301.56,,8.26,48,2026-09-29,300,MODIS (Terra/Aqua),D,1.64,1.26,MODIS 1km
FIRMS-FUSION-01234,36.32804,94.80813,308.12,,6.29,55,2026-09-29,300,MODIS (Terra/Aqua),D,1.3,1.13,MODIS 1km
FIRMS-FUSION-01235,20.75675,85.29987,309.93,,5.36,58,2026-09-29,302,MODIS (Terra/Aqua),D,1.07,1.03,MODIS 1km
FIRMS-FUSION-01236,20.78925,85.26389,310.97,,5.46,41,2026-09-29,302,MODIS (Terra/Aqua),D,1.07,1.03,MODIS 1km
FIRMS-FUSION-01237,20.79058,85.25391,315.53,,9.4,70,2026-09-29,302,MODIS (Terra/Aqua),D,1.07,1.03,MODIS 1km
FIRMS-FUSION-01238,20.94982,86.05166,311.85,,5.51,63,2026-09-29,302,MODIS (Terra/Aqua),D,1.02,1.01,MODIS 1km
FIRMS-FUSION-01239,20.96392,86.01485,311.78,,5.95,63,2026-09-29,302,MODIS (Terra/Aqua),D,1.02,1.01,MODIS 1km
FIRMS-FUSION-01240,20.96471,85.18957,314.82,,8.18,53,2026-09-29,302,MODIS (Terra/Aqua),D,1.08,1.04,MODIS 1km
FIRMS-FUSION-01241,20.96604,85.17948,317.05,,10.49,72,2026-09-29,302,MODIS (Terra/Aqua),D,1.08,1.04,MODIS 1km
FIRMS-FUSION-01242,20.96738,85.16936,315.3,,8.47,57,2026-09-29,302,MODIS (Terra/Aqua),D,1.08,1.04,MODIS 1km
FIRMS-FUSION-01243,21.927,85.22752,309.01,,5.6,58,2026-09-29,302,MODIS (Terra/Aqua),D,1.1,1.04,MODIS 1km
FIRMS-FUSION-01244,22.03693,83.73846,311.38,,7.48,60,2026-09-29,302,MODIS (Terra/Aqua),D,1.31,1.13,MODIS 1km
FIRMS-FUSION-01245,22.32556,82.59423,310.0,,8.1,47,2026-09-29,302,MODIS (Terra/Aqua),D,1.57,1.23,MODIS 1km
FIRMS-FUSION-01246,22.36998,91.37577,312.95,,8.59,53,2026-09-29,302,MODIS (Terra/Aqua),D,1.42,1.18,MODIS 1km
FIRMS-FUSION-01247,22.37374,87.2776,313.6,,7.62,64,2026-09-29,302,MODIS (Terra/Aqua),D,1.0,1.0,MODIS 1km
FIRMS-FUSION-01248,23.64825,85.43875,310.35,,6.96,61,2026-09-29,302,MODIS (Terra/Aqua),D,1.11,1.05,MODIS 1km
FIRMS-FUSION-01249,23.66521,87.15625,312.29,,6.58,64,2026-09-29,302,MODIS (Terra/Aqua),D,1.0,1.0,MODIS 1km
FIRMS-FUSION-01250,23.68814,87.12083,312.44,,6.1,58,2026-09-29,302,MODIS (Terra/Aqua),D,1.01,1.0,MODIS 1km
FIRMS-FUSION-01251,23.73707,86.43597,311.28,,5.45,39,2026-09-29,302,MODIS (Terra/Aqua),D,1.03,1.02,MODIS 1km
FIRMS-FUSION-01252,23.76022,86.39931,313.4,,6.87,40,2026-09-29,302,MODIS (Terra/Aqua),D,1.04,1.02,MODIS 1km
FIRMS-FUSION-01253,23.77656,86.20933,307.48,,4.13,48,2026-09-29,302,MODIS (Terra/Aqua),D,1.05,1.02,MODIS 1km
FIRMS-FUSION-01254,24.02042,97.88482,308.34,,33.64,40,2026-09-29,302,MODIS (Terra/Aqua),D,3.9,1.84,MODIS 1km
FIRMS-FUSION-01255,6.64244,81.21156,322.73,,13.98,77,2026-09-29,306,MODIS (Terra/Aqua),D,1.21,1.09,MODIS 1km
FIRMS-FUSION-01256,6.64387,81.20102,335.74,,35.82,88,2026-09-29,306,MODIS (Terra/Aqua),D,1.21,1.09,MODIS 1km
FIRMS-FUSION-01257,7.16305,81.72874,317.0,,6.98,43,2026-09-29,306,MODIS (Terra/Aqua),D,1.15,1.07,MODIS 1km
FIRMS-FUSION-01258,20.78952,85.25303,318.69,,10.93,73,2026-09-29,941,MODIS (Terra/Aqua),D,1.05,1.03,MODIS 1km
FIRMS-FUSION-01259,20.88631,84.98081,319.51,,12.35,74,2026-09-29,941,MODIS (Terra/Aqua),D,1.07,1.03,MODIS 1km
FIRMS-FUSION-01260,20.96189,85.16975,322.62,,13.67,77,2026-09-29,941,MODIS (Terra/Aqua),D,1.06,1.03,MODIS 1km
FIRMS-FUSION-01261,20.9634,85.17953,319.48,,10.57,67,2026-09-29,941,MODIS (Terra/Aqua),D,1.06,1.03,MODIS 1km
FIRMS-FUSION-01262,21.76237,84.01928,314.32,,8.03,58,2026-09-29,943,MODIS (Terra/Aqua),D,1.15,1.07,MODIS 1km
FIRMS-FUSION-01263,22.03786,83.73003,315.63,,9.48,42,2026-09-29,943,MODIS (Terra/Aqua),D,1.18,1.08,MODIS 1km
FIRMS-FUSION-01264,22.37611,87.27358,314.56,,6.72,52,2026-09-29,943,MODIS (Terra/Aqua),D,1.02,1.01,MODIS 1km
FIRMS-FUSION-01265,22.37748,87.28316,314.98,,6.75,43,2026-09-29,943,MODIS (Terra/Aqua),D,1.02,1.01,MODIS 1km
FIRMS-FUSION-01266,23.64439,85.43644,312.16,,6.99,64,2026-09-29,943,MODIS (Terra/Aqua),D,1.01,1.0,MODIS 1km
FIRMS-FUSION-01267,23.66113,87.15134,309.45,,4.58,37,2026-09-29,943,MODIS (Terra/Aqua),D,1.03,1.01,MODIS 1km
FIRMS-FUSION-01268,23.68646,87.12047,312.89,,6.25,60,2026-09-29,943,MODIS (Terra/Aqua),D,1.03,1.01,MODIS 1km
FIRMS-FUSION-01269,23.75171,85.855,309.65,,4.32,56,2026-09-29,943,MODIS (Terra/Aqua),D,1.0,1.0,MODIS 1km
FIRMS-FUSION-01270,23.75968,86.39716,316.44,,7.77,50,2026-09-29,943,MODIS (Terra/Aqua),D,1.0,1.0,MODIS 1km
FIRMS-FUSION-01271,23.76105,86.40665,314.46,,5.97,38,2026-09-29,943,MODIS (Terra/Aqua),D,1.0,1.0,MODIS 1km
FIRMS-FUSION-01272,23.77707,86.20943,318.24,,10.2,73,2026-09-29,943,MODIS (Terra/Aqua),D,1.0,1.0,MODIS 1km
FIRMS-FUSION-01273,23.80371,86.33111,312.73,,5.62,46,2026-09-29,943,MODIS (Terra/Aqua),D,1.0,1.0,MODIS 1km
FIRMS-FUSION-01274,28.05682,96.97787,322.54,,20.7,100,2026-09-29,1357,MODIS (Terra/Aqua),N,1.02,1.01,MODIS 1km
FIRMS-FUSION-01275,28.0582,96.98821,327.71,,26.91,100,2026-09-29,1357,MODIS (Terra/Aqua),N,1.02,1.01,MODIS 1km
FIRMS-FUSION-01276,18.69548,73.03864,300.72,,3.36,14,2026-09-29,1533,MODIS (Terra/Aqua),N,1.01,1.0,MODIS 1km
FIRMS-FUSION-01277,20.97072,86.00963,304.21,,9.96,59,2026-09-29,2150,MODIS (Terra/Aqua),N,1.75,1.3,MODIS 1km
FIRMS-FUSION-01278,21.11044,72.63401,306.02,,13.53,67,2026-09-29,2329,MODIS (Terra/Aqua),N,1.93,1.36,MODIS 1km
FIRMS-FUSION-01279,20.96308,85.18817,310.87,,24.44,62,2026-09-30,342,MODIS (Terra/Aqua),D,2.79,1.6,MODIS 1km
FIRMS-FUSION-01280,20.96788,85.16268,309.9,,21.18,60,2026-09-30,342,MODIS (Terra/Aqua),D,2.78,1.59,MODIS 1km
FIRMS-FUSION-01281,7.54203,80.82706,309.29,,17.93,41,2026-09-30,345,MODIS (Terra/Aqua),D,2.34,1.48,MODIS 1km
FIRMS-FUSION-01282,8.25194,81.16045,310.26,,15.14,23,2026-09-30,345,MODIS (Terra/Aqua),D,2.42,1.5,MODIS 1km
FIRMS-FUSION-01283,9.41591,77.35759,317.01,,15.39,56,2026-09-30,345,MODIS (Terra/Aqua),D,1.22,1.1,MODIS 1km
FIRMS-FUSION-01284,10.47908,77.93805,311.85,,6.48,30,2026-09-30,345,MODIS (Terra/Aqua),D,1.27,1.12,MODIS 1km
FIRMS-FUSION-01285,10.96837,77.15731,326.22,,14.17,78,2026-09-30,345,MODIS (Terra/Aqua),D,1.14,1.06,MODIS 1km
FIRMS-FUSION-01286,6.34402,81.35403,329.02,288.21,6.92,nominal,2026-09-29,0724,Suomi-NPP VIIRS,D,0.5,0.66,VIIRS 375m
FIRMS-FUSION-01287,6.34318,81.3494,344.57,288.6,7.89,nominal,2026-09-29,0724,Suomi-NPP VIIRS,D,0.5,0.66,VIIRS 375m
FIRMS-FUSION-01288,6.60324,81.22112,337.36,288.92,4.7,nominal,2026-09-29,0724,Suomi-NPP VIIRS,D,0.51,0.66,VIIRS 375m
FIRMS-FUSION-01289,6.60296,81.21747,328.88,288.54,5.73,nominal,2026-09-29,0724,Suomi-NPP VIIRS,D,0.51,0.66,VIIRS 375m
FIRMS-FUSION-01290,7.31462,81.74361,333.41,290.25,2.71,nominal,2026-09-29,0724,Suomi-NPP VIIRS,D,0.46,0.63,VIIRS 375m
FIRMS-FUSION-01291,7.43188,81.69707,333.66,289.75,3.51,nominal,2026-09-29,0724,Suomi-NPP VIIRS,D,0.46,0.63,VIIRS 375m
FIRMS-FUSION-01292,8.019,81.17416,329.92,289.83,2.57,nominal,2026-09-29,0724,Suomi-NPP VIIRS,D,0.49,0.65,VIIRS 375m
FIRMS-FUSION-01293,8.42008,80.51842,353.54,292.19,12.19,nominal,2026-09-29,0724,Suomi-NPP VIIRS,D,0.53,0.67,VIIRS 375m
FIRMS-FUSION-01294,8.41913,80.51995,350.95,292.47,12.14,nominal,2026-09-29,0724,Suomi-NPP VIIRS,D,0.53,0.67,VIIRS 375m
FIRMS-FUSION-01295,8.63354,80.48622,342.81,285.56,5.34,nominal,2026-09-29,0724,Suomi-NPP VIIRS,D,0.53,0.67,VIIRS 375m
FIRMS-FUSION-01296,9.4829,80.47287,338.53,292.4,5.81,nominal,2026-09-29,0724,Suomi-NPP VIIRS,D,0.51,0.66,VIIRS 375m
FIRMS-FUSION-01297,10.94042,79.13027,330.01,294.04,9.05,nominal,2026-09-29,0726,Suomi-NPP VIIRS,D,0.59,0.7,VIIRS 375m
FIRMS-FUSION-01298,13.9459,79.8444,330.96,294.49,3.23,nominal,2026-09-29,0726,Suomi-NPP VIIRS,D,0.46,0.64,VIIRS 375m
FIRMS-FUSION-01299,15.11725,79.62113,342.55,299.17,3.52,nominal,2026-09-29,0726,Suomi-NPP VIIRS,D,0.46,0.63,VIIRS 375m
FIRMS-FUSION-01300,15.12307,79.62001,330.5,299.19,3.52,nominal,2026-09-29,0726,Suomi-NPP VIIRS,D,0.46,0.63,VIIRS 375m
FIRMS-FUSION-01301,15.11701,79.62191,333.17,299.31,3.08,nominal,2026-09-29,0726,Suomi-NPP VIIRS,D,0.46,0.63,VIIRS 375m
FIRMS-FUSION-01302,15.12281,79.6207,337.41,299.05,3.08,nominal,2026-09-29,0726,Suomi-NPP VIIRS,D,0.46,0.63,VIIRS 375m
FIRMS-FUSION-01303,15.25543,78.62557,333.2,292.62,7.14,nominal,2026-09-29,0726,Suomi-NPP VIIRS,D,0.53,0.67,VIIRS 375m
FIRMS-FUSION-01304,15.2537,78.62485,347.49,292.96,6.63,nominal,2026-09-29,0726,Suomi-NPP VIIRS,D,0.53,0.67,VIIRS 375m
FIRMS-FUSION-01305,16.62882,80.19833,337.26,295.39,5.93,nominal,2026-09-29,0726,Suomi-NPP VIIRS,D,0.39,0.59,VIIRS 375m
FIRMS-FUSION-01306,17.65451,79.25961,334.22,295.83,5.81,nominal,2026-09-29,0729,Suomi-NPP VIIRS,D,0.43,0.62,VIIRS 375m
FIRMS-FUSION-01307,17.65367,79.25558,329.99,295.39,3.91,nominal,2026-09-29,0729,Suomi-NPP VIIRS,D,0.43,0.62,VIIRS 375m
FIRMS-FUSION-01308,17.59761,78.98743,330.28,292.4,2.79,nominal,2026-09-29,0729,Suomi-NPP VIIRS,D,0.45,0.63,VIIRS 375m
FIRMS-FUSION-01309,17.65112,79.26048,331.19,295.58,6.19,nominal,2026-09-29,0729,Suomi-NPP VIIRS,D,0.43,0.62,VIIRS 375m
FIRMS-FUSION-01310,17.65025,79.25647,335.06,296.19,4.71,nominal,2026-09-29,0729,Suomi-NPP VIIRS,D,0.43,0.62,VIIRS 375m
FIRMS-FUSION-01311,18.61373,83.22314,332.87,299.43,5.7,nominal,2026-09-29,0729,Suomi-NPP VIIRS,D,0.46,0.47,VIIRS 375m
FIRMS-FUSION-01312,20.75973,85.29716,331.4,300.12,4.66,nominal,2026-09-29,0729,Suomi-NPP VIIRS,D,0.49,0.4,VIIRS 375m
FIRMS-FUSION-01313,20.78673,85.26462,329.58,299.75,3.65,low,2026-09-29,0729,Suomi-NPP VIIRS,D,0.49,0.4,VIIRS 375m
FIRMS-FUSION-01314,20.79244,85.25388,338.91,301.98,9.76,nominal,2026-09-29,0729,Suomi-NPP VIIRS,D,0.49,0.4,VIIRS 375m
FIRMS-FUSION-01315,20.79613,85.25317,329.63,301.27,6.88,low,2026-09-29,0729,Suomi-NPP VIIRS,D,0.49,0.4,VIIRS 375m
FIRMS-FUSION-01316,20.96195,85.18865,340.9,302.57,10.06,nominal,2026-09-29,0729,Suomi-NPP VIIRS,D,0.49,0.4,VIIRS 375m
FIRMS-FUSION-01317,20.9677,85.17783,331.82,302.25,3.87,low,2026-09-29,0729,Suomi-NPP VIIRS,D,0.49,0.4,VIIRS 375m
FIRMS-FUSION-01318,20.96688,85.17313,330.92,298.77,3.87,nominal,2026-09-29,0729,Suomi-NPP VIIRS,D,0.49,0.4,VIIRS 375m
FIRMS-FUSION-01319,20.97139,85.17707,338.81,301.05,3.87,nominal,2026-09-29,0729,Suomi-NPP VIIRS,D,0.49,0.4,VIIRS 375m
FIRMS-FUSION-01320,20.97794,85.17084,330.36,300.75,2.83,low,2026-09-29,0729,Suomi-NPP VIIRS,D,0.49,0.4,VIIRS 375m
FIRMS-FUSION-01321,20.96909,85.17435,342.4,302.16,9.73,nominal,2026-09-29,0729,Suomi-NPP VIIRS,D,0.49,0.4,VIIRS 375m
FIRMS-FUSION-01322,21.076,85.03734,337.14,306.11,6.97,nominal,2026-09-29,0729,Suomi-NPP VIIRS,D,0.5,0.41,VIIRS 375m
FIRMS-FUSION-01323,21.07971,85.03658,345.91,304.98,6.97,nominal,2026-09-29,0729,Suomi-NPP VIIRS,D,0.5,0.41,VIIRS 375m
FIRMS-FUSION-01324,22.0539,88.12553,331.51,297.72,2.82,nominal,2026-09-29,0729,Suomi-NPP VIIRS,D,0.39,0.36,VIIRS 375m
FIRMS-FUSION-01325,22.36615,87.30139,334.2,303.24,5.03,nominal,2026-09-29,0729,Suomi-NPP VIIRS,D,0.4,0.37,VIIRS 375m
FIRMS-FUSION-01326,21.92265,83.34913,329.24,299.29,6.95,low,2026-09-29,0729,Suomi-NPP VIIRS,D,0.4,0.44,VIIRS 375m
FIRMS-FUSION-01327,21.98473,83.23291,329.34,299.77,5.51,low,2026-09-29,0729,Suomi-NPP VIIRS,D,0.4,0.44,VIIRS 375m
FIRMS-FUSION-01328,22.0171,83.33786,331.34,298.82,3.55,nominal,2026-09-29,0729,Suomi-NPP VIIRS,D,0.4,0.44,VIIRS 375m
FIRMS-FUSION-01329,22.78837,86.19756,337.58,301.77,4.98,nominal,2026-09-29,0729,Suomi-NPP VIIRS,D,0.42,0.38,VIIRS 375m
FIRMS-FUSION-01330,22.32343,82.5892,341.13,299.7,4.76,nominal,2026-09-29,0729,Suomi-NPP VIIRS,D,0.43,0.46,VIIRS 375m
FIRMS-FUSION-01331,22.35922,82.30325,332.27,302.08,5.29,nominal,2026-09-29,0729,Suomi-NPP VIIRS,D,0.45,0.47,VIIRS 375m
FIRMS-FUSION-01332,24.6093,97.80847,335.27,292.82,7.58,nominal,2026-09-29,0729,Suomi-NPP VIIRS,D,0.35,0.57,VIIRS 375m
FIRMS-FUSION-01333,24.61432,97.81004,336.72,291.61,7.96,nominal,2026-09-29,0729,Suomi-NPP VIIRS,D,0.35,0.57,VIIRS 375m
FIRMS-FUSION-01334,23.56055,87.23941,336.29,295.36,4.79,nominal,2026-09-29,0729,Suomi-NPP VIIRS,D,0.39,0.36,VIIRS 375m
FIRMS-FUSION-01335,23.6876,87.1208,332.23,299.26,2.72,nominal,2026-09-29,0729,Suomi-NPP VIIRS,D,0.4,0.37,VIIRS 375m
FIRMS-FUSION-01336,23.73668,86.43343,342.98,298.98,4.2,nominal,2026-09-29,0729,Suomi-NPP VIIRS,D,0.41,0.37,VIIRS 375m
FIRMS-FUSION-01337,23.68939,86.08852,339.58,295.33,6.63,nominal,2026-09-29,0729,Suomi-NPP VIIRS,D,0.42,0.38,VIIRS 375m
FIRMS-FUSION-01338,23.76327,86.40352,338.01,298.6,3.75,nominal,2026-09-29,0729,Suomi-NPP VIIRS,D,0.41,0.37,VIIRS 375m
FIRMS-FUSION-01339,23.76666,86.40284,329.67,297.99,3.75,nominal,2026-09-29,0729,Suomi-NPP VIIRS,D,0.41,0.37,VIIRS 375m
FIRMS-FUSION-01340,23.77827,86.3882,339.51,300.46,5.32,nominal,2026-09-29,0729,Suomi-NPP VIIRS,D,0.41,0.37,VIIRS 375m
FIRMS-FUSION-01341,23.77429,86.36414,335.42,296.65,3.62,nominal,2026-09-29,0729,Suomi-NPP VIIRS,D,0.41,0.37,VIIRS 375m
FIRMS-FUSION-01342,23.77983,86.2097,340.78,300.54,7.95,nominal,2026-09-29,0729,Suomi-NPP VIIRS,D,0.42,0.37,VIIRS 375m
FIRMS-FUSION-01343,23.64721,85.43923,335.08,297.09,4.66,nominal,2026-09-29,0729,Suomi-NPP VIIRS,D,0.44,0.39,VIIRS 375m
FIRMS-FUSION-01344,23.80362,86.32985,344.67,302.2,6.93,nominal,2026-09-29,0729,Suomi-NPP VIIRS,D,0.41,0.37,VIIRS 375m
FIRMS-FUSION-01345,25.86854,96.6283,329.38,296.87,5.87,nominal,2026-09-29,0729,Suomi-NPP VIIRS,D,0.61,0.54,VIIRS 375m
FIRMS-FUSION-01346,25.86871,96.62617,330.53,296.99,4.19,nominal,2026-09-29,0729,Suomi-NPP VIIRS,D,0.61,0.54,VIIRS 375m
FIRMS-FUSION-01347,24.14644,82.65672,334.13,297.4,3.17,nominal,2026-09-29,0729,Suomi-NPP VIIRS,D,0.4,0.44,VIIRS 375m
FIRMS-FUSION-01348,25.86546,93.36233,332.04,297.62,2.9,nominal,2026-09-29,0729,Suomi-NPP VIIRS,D,0.39,0.44,VIIRS 375m
FIRMS-FUSION-01349,25.30898,86.49201,333.38,299.38,3.4,nominal,2026-09-29,0729,Suomi-NPP VIIRS,D,0.4,0.37,VIIRS 375m
FIRMS-FUSION-01350,23.1147,75.71581,330.8,302.51,2.06,nominal,2026-09-29,0729,Suomi-NPP VIIRS,D,0.55,0.68,VIIRS 375m
FIRMS-FUSION-01351,27.74833,96.32671,339.91,294.83,6.51,nominal,2026-09-29,0731,Suomi-NPP VIIRS,D,0.62,0.54,VIIRS 375m
FIRMS-FUSION-01352,27.74485,96.28925,345.97,295.87,14.46,nominal,2026-09-29,0731,Suomi-NPP VIIRS,D,0.61,0.54,VIIRS 375m
FIRMS-FUSION-01353,27.75332,96.32629,331.22,294.36,3.16,nominal,2026-09-29,0731,Suomi-NPP VIIRS,D,0.62,0.54,VIIRS 375m
FIRMS-FUSION-01354,27.76212,96.31268,335.87,295.14,7.54,nominal,2026-09-29,0731,Suomi-NPP VIIRS,D,0.62,0.54,VIIRS 375m
FIRMS-FUSION-01355,27.74866,96.33108,339.93,295.16,9.87,nominal,2026-09-29,0731,Suomi-NPP VIIRS,D,0.62,0.54,VIIRS 375m
FIRMS-FUSION-01356,27.7449,96.28738,342.57,296.29,18.25,nominal,2026-09-29,0731,Suomi-NPP VIIRS,D,0.61,0.54,VIIRS 375m
FIRMS-FUSION-01357,27.75366,96.3307,334.74,294.6,9.87,nominal,2026-09-29,0731,Suomi-NPP VIIRS,D,0.62,0.54,VIIRS 375m
FIRMS-FUSION-01358,27.762,96.31081,336.77,294.89,5.82,nominal,2026-09-29,0731,Suomi-NPP VIIRS,D,0.62,0.54,VIIRS 375m
FIRMS-FUSION-01359,27.76484,96.11652,341.28,295.42,7.4,nominal,2026-09-29,0731,Suomi-NPP VIIRS,D,0.6,0.53,VIIRS 375m
FIRMS-FUSION-01360,27.76529,96.01178,330.05,295.27,4.77,nominal,2026-09-29,0731,Suomi-NPP VIIRS,D,0.59,0.53,VIIRS 375m
FIRMS-FUSION-01361,27.89012,96.16331,333.19,294.86,4.54,nominal,2026-09-29,0731,Suomi-NPP VIIRS,D,0.61,0.53,VIIRS 375m
FIRMS-FUSION-01362,27.99357,95.51171,331.86,295.71,4.13,nominal,2026-09-29,0731,Suomi-NPP VIIRS,D,0.55,0.51,VIIRS 375m
FIRMS-FUSION-01363,27.99417,95.51117,331.56,295.5,4.03,nominal,2026-09-29,0731,Suomi-NPP VIIRS,D,0.55,0.51,VIIRS 375m
FIRMS-FUSION-01364,8.99556,77.27133,339.86,295.71,2.59,nominal,2026-09-29,0907,Suomi-NPP VIIRS,D,0.47,0.64,VIIRS 375m
FIRMS-FUSION-01365,9.39216,77.61321,340.83,295.92,5.37,nominal,2026-09-29,0907,Suomi-NPP VIIRS,D,0.5,0.66,VIIRS 375m
FIRMS-FUSION-01366,36.11086,97.80111,334.43,297.56,5.27,nominal,2026-09-29,0553,Suomi-NPP VIIRS,D,0.42,0.61,VIIRS 375m
FIRMS-FUSION-01367,36.10964,97.79659,330.37,297.35,3.73,nominal,2026-09-29,0553,Suomi-NPP VIIRS,D,0.42,0.61,VIIRS 375m
FIRMS-FUSION-01368,27.65409,77.45203,334.04,297.26,3.11,nominal,2026-09-29,0729,Suomi-NPP VIIRS,D,0.34,0.56,VIIRS 375m
FIRMS-FUSION-01369,28.12338,77.58401,331.92,297.87,2.54,nominal,2026-09-29,0729,Suomi-NPP VIIRS,D,0.33,0.55,VIIRS 375m
FIRMS-FUSION-01370,28.63075,76.15372,331.8,298.36,2.12,nominal,2026-09-29,0729,Suomi-NPP VIIRS,D,0.39,0.59,VIIRS 375m
FIRMS-FUSION-01371,30.50002,75.62022,348.99,294.75,6.13,nominal,2026-09-29,0731,Suomi-NPP VIIRS,D,0.38,0.59,VIIRS 375m
FIRMS-FUSION-01372,30.96744,74.19054,335.17,297.17,3.71,nominal,2026-09-29,0731,Suomi-NPP VIIRS,D,0.45,0.63,VIIRS 375m
FIRMS-FUSION-01373,31.05706,74.34778,340.49,297.81,5.89,nominal,2026-09-29,0731,Suomi-NPP VIIRS,D,0.44,0.62,VIIRS 375m
FIRMS-FUSION-01374,31.31392,75.34063,346.01,296.73,8.13,nominal,2026-09-29,0731,Suomi-NPP VIIRS,D,0.38,0.59,VIIRS 375m
FIRMS-FUSION-01375,31.05313,74.28538,351.22,299.02,9.04,nominal,2026-09-29,0731,Suomi-NPP VIIRS,D,0.44,0.62,VIIRS 375m
FIRMS-FUSION-01376,31.51509,75.03067,367.0,303.87,7.64,high,2026-09-29,0731,Suomi-NPP VIIRS,D,0.39,0.59,VIIRS 375m
FIRMS-FUSION-01377,31.33361,74.30579,334.79,299.42,2.02,nominal,2026-09-29,0731,Suomi-NPP VIIRS,D,0.43,0.62,VIIRS 375m
FIRMS-FUSION-01378,31.51638,75.03042,367.0,304.75,10.44,high,2026-09-29,0731,Suomi-NPP VIIRS,D,0.39,0.59,VIIRS 375m
FIRMS-FUSION-01379,31.60815,75.23576,351.81,302.28,5.06,nominal,2026-09-29,0731,Suomi-NPP VIIRS,D,0.38,0.58,VIIRS 375m
FIRMS-FUSION-01380,31.56274,74.75707,329.96,300.94,1.61,nominal,2026-09-29,0731,Suomi-NPP VIIRS,D,0.4,0.6,VIIRS 375m
FIRMS-FUSION-01381,31.59668,74.6134,340.61,301.2,3.62,nominal,2026-09-29,0731,Suomi-NPP VIIRS,D,0.41,0.61,VIIRS 375m
FIRMS-FUSION-01382,31.77238,74.68832,330.33,299.8,1.91,nominal,2026-09-29,0731,Suomi-NPP VIIRS,D,0.4,0.6,VIIRS 375m
FIRMS-FUSION-01383,31.84049,74.61057,346.86,300.19,3.74,nominal,2026-09-29,0731,Suomi-NPP VIIRS,D,0.4,0.6,VIIRS 375m
FIRMS-FUSION-01384,31.78729,74.22294,344.29,299.85,7.5,nominal,2026-09-29,0731,Suomi-NPP VIIRS,D,0.43,0.62,VIIRS 375m
FIRMS-FUSION-01385,31.80148,74.06763,333.97,298.42,2.7,nominal,2026-09-29,0731,Suomi-NPP VIIRS,D,0.43,0.62,VIIRS 375m
FIRMS-FUSION-01386,31.74793,73.62749,330.25,296.86,2.44,nominal,2026-09-29,0731,Suomi-NPP VIIRS,D,0.46,0.64,VIIRS 375m
FIRMS-FUSION-01387,31.89711,74.15167,335.57,298.6,3.18,nominal,2026-09-29,0731,Suomi-NPP VIIRS,D,0.43,0.62,VIIRS 375m
FIRMS-FUSION-01388,31.90263,74.14976,337.36,297.95,6.2,nominal,2026-09-29,0731,Suomi-NPP VIIRS,D,0.43,0.62,VIIRS 375m
FIRMS-FUSION-01389,31.89898,74.11232,367.0,300.11,9.25,high,2026-09-29,0731,Suomi-NPP VIIRS,D,0.43,0.62,VIIRS 375m
FIRMS-FUSION-01390,32.2818,75.29955,328.05,296.59,1.9,nominal,2026-09-29,0731,Suomi-NPP VIIRS,D,0.36,0.57,VIIRS 375m
FIRMS-FUSION-01391,32.18219,73.94493,339.77,298.78,5.75,nominal,2026-09-29,0731,Suomi-NPP VIIRS,D,0.43,0.62,VIIRS 375m
FIRMS-FUSION-01392,32.43046,73.93165,329.17,297.17,0.66,nominal,2026-09-29,0731,Suomi-NPP VIIRS,D,0.43,0.62,VIIRS 375m
FIRMS-FUSION-01393,11.14383,77.24282,332.6,294.01,1.94,nominal,2026-09-29,0905,Suomi-NPP VIIRS,D,0.5,0.66,VIIRS 375m
FIRMS-FUSION-01394,21.14508,75.94334,330.4,300.98,3.74,low,2026-09-29,0907,Suomi-NPP VIIRS,D,0.54,0.68,VIIRS 375m
FIRMS-FUSION-01395,21.04062,72.87466,347.12,295.42,4.12,nominal,2026-09-29,0907,Suomi-NPP VIIRS,D,0.34,0.56,VIIRS 375m
FIRMS-FUSION-01396,21.04028,72.87133,341.67,295.1,4.12,nominal,2026-09-29,0907,Suomi-NPP VIIRS,D,0.34,0.56,VIIRS 375m
FIRMS-FUSION-01397,21.1014,72.63807,341.15,297.61,4.16,nominal,2026-09-29,0907,Suomi-NPP VIIRS,D,0.33,0.55,VIIRS 375m
FIRMS-FUSION-01398,21.10107,72.63486,336.79,296.39,4.17,nominal,2026-09-29,0907,Suomi-NPP VIIRS,D,0.33,0.55,VIIRS 375m
FIRMS-FUSION-01399,21.10751,72.64716,335.73,297.85,3.89,nominal,2026-09-29,0907,Suomi-NPP VIIRS,D,0.33,0.55,VIIRS 375m
FIRMS-FUSION-01400,22.93834,69.18812,334.41,304.56,1.59,low,2026-09-29,0909,Suomi-NPP VIIRS,D,0.42,0.45,VIIRS 375m
FIRMS-FUSION-01401,23.91867,72.91904,338.71,300.39,2.32,nominal,2026-09-29,0909,Suomi-NPP VIIRS,D,0.37,0.58,VIIRS 375m
FIRMS-FUSION-01402,23.5273,68.92737,334.68,305.67,3.01,low,2026-09-29,0909,Suomi-NPP VIIRS,D,0.41,0.45,VIIRS 375m
FIRMS-FUSION-01403,25.46677,68.74697,330.34,299.47,1.69,nominal,2026-09-29,0909,Suomi-NPP VIIRS,D,0.43,0.46,VIIRS 375m
FIRMS-FUSION-01404,26.08568,72.40668,330.14,300.45,3.0,low,2026-09-29,0909,Suomi-NPP VIIRS,D,0.36,0.58,VIIRS 375m
FIRMS-FUSION-01405,27.18698,71.71606,330.14,301.84,2.75,low,2026-09-29,0909,Suomi-NPP VIIRS,D,0.34,0.56,VIIRS 375m
FIRMS-FUSION-01406,28.05299,69.36814,331.88,302.11,4.4,nominal,2026-09-29,0909,Suomi-NPP VIIRS,D,0.5,0.49,VIIRS 375m
FIRMS-FUSION-01407,30.76766,74.00786,367.0,298.5,9.52,high,2026-09-29,0911,Suomi-NPP VIIRS,D,0.51,0.66,VIIRS 375m
FIRMS-FUSION-01408,30.76731,74.01038,367.0,298.07,12.81,high,2026-09-29,0911,Suomi-NPP VIIRS,D,0.51,0.66,VIIRS 375m
FIRMS-FUSION-01409,31.00496,74.44086,332.83,298.13,4.41,nominal,2026-09-29,0911,Suomi-NPP VIIRS,D,0.54,0.68,VIIRS 375m
FIRMS-FUSION-01410,31.00466,74.43505,338.68,298.34,4.41,nominal,2026-09-29,0911,Suomi-NPP VIIRS,D,0.54,0.68,VIIRS 375m
FIRMS-FUSION-01411,31.09123,74.62504,330.08,297.38,2.32,nominal,2026-09-29,0911,Suomi-NPP VIIRS,D,0.55,0.68,VIIRS 375m
FIRMS-FUSION-01412,31.10598,74.66026,350.2,299.62,6.37,nominal,2026-09-29,0911,Suomi-NPP VIIRS,D,0.56,0.69,VIIRS 375m
FIRMS-FUSION-01413,31.09247,74.62752,332.04,297.05,2.91,nominal,2026-09-29,0911,Suomi-NPP VIIRS,D,0.55,0.68,VIIRS 375m
FIRMS-FUSION-01414,31.10701,74.6628,341.62,298.54,9.16,nominal,2026-09-29,0911,Suomi-NPP VIIRS,D,0.56,0.69,VIIRS 375m
FIRMS-FUSION-01415,31.75853,74.98412,329.73,300.44,3.48,low,2026-09-29,0911,Suomi-NPP VIIRS,D,0.59,0.7,VIIRS 375m
FIRMS-FUSION-01416,31.86007,74.00643,332.44,298.26,3.96,nominal,2026-09-29,0911,Suomi-NPP VIIRS,D,0.52,0.67,VIIRS 375m
FIRMS-FUSION-01417,31.89677,74.10643,339.86,298.15,4.98,nominal,2026-09-29,0911,Suomi-NPP VIIRS,D,0.52,0.67,VIIRS 375m
FIRMS-FUSION-01418,31.91891,73.85874,331.04,299.01,3.82,nominal,2026-09-29,0911,Suomi-NPP VIIRS,D,0.51,0.66,VIIRS 375m
FIRMS-FUSION-01419,32.10069,75.23662,334.34,296.98,5.52,nominal,2026-09-29,0911,Suomi-NPP VIIRS,D,0.61,0.71,VIIRS 375m
FIRMS-FUSION-01420,32.21089,73.80588,330.68,297.15,4.57,nominal,2026-09-29,0911,Suomi-NPP VIIRS,D,0.51,0.66,VIIRS 375m
FIRMS-FUSION-01421,32.35852,73.4714,339.85,297.49,4.95,nominal,2026-09-29,0911,Suomi-NPP VIIRS,D,0.49,0.65,VIIRS 375m
FIRMS-FUSION-01422,32.43173,73.93186,330.37,296.41,2.26,nominal,2026-09-29,0911,Suomi-NPP VIIRS,D,0.52,0.67,VIIRS 375m
FIRMS-FUSION-01423,34.24412,71.90479,331.77,298.22,2.44,nominal,2026-09-29,0911,Suomi-NPP VIIRS,D,0.41,0.61,VIIRS 375m
FIRMS-FUSION-01424,25.44352,97.31567,338.05,292.59,2.13,nominal,2026-09-29,0608,NOAA-20 VIIRS,D,0.34,0.56,VIIRS 375m
FIRMS-FUSION-01425,25.4467,97.31372,336.79,292.72,3.28,nominal,2026-09-29,0608,NOAA-20 VIIRS,D,0.34,0.56,VIIRS 375m
FIRMS-FUSION-01426,25.55583,96.56409,326.82,291.64,2.18,nominal,2026-09-29,0608,NOAA-20 VIIRS,D,0.37,0.58,VIIRS 375m
FIRMS-FUSION-01427,25.8622,96.63002,336.08,293.7,3.47,nominal,2026-09-29,0608,NOAA-20 VIIRS,D,0.36,0.58,VIIRS 375m
FIRMS-FUSION-01428,25.86736,96.62861,367.0,295.34,7.92,high,2026-09-29,0608,NOAA-20 VIIRS,D,0.36,0.58,VIIRS 375m
FIRMS-FUSION-01429,25.86816,96.63206,336.81,293.15,7.92,nominal,2026-09-29,0608,NOAA-20 VIIRS,D,0.36,0.58,VIIRS 375m
FIRMS-FUSION-01430,25.86656,96.62511,340.38,294.12,8.03,nominal,2026-09-29,0608,NOAA-20 VIIRS,D,0.36,0.58,VIIRS 375m
FIRMS-FUSION-01431,26.36885,96.61267,326.73,293.37,1.54,nominal,2026-09-29,0608,NOAA-20 VIIRS,D,0.36,0.57,VIIRS 375m
FIRMS-FUSION-01432,27.70373,96.19749,328.33,293.63,1.77,nominal,2026-09-29,0608,NOAA-20 VIIRS,D,0.35,0.57,VIIRS 375m
FIRMS-FUSION-01433,27.76019,96.12885,350.89,293.49,11.28,nominal,2026-09-29,0608,NOAA-20 VIIRS,D,0.35,0.57,VIIRS 375m
FIRMS-FUSION-01434,27.75938,96.12536,352.02,296.43,11.28,nominal,2026-09-29,0608,NOAA-20 VIIRS,D,0.35,0.57,VIIRS 375m
FIRMS-FUSION-01435,27.78161,96.17458,326.84,293.7,2.09,nominal,2026-09-29,0608,NOAA-20 VIIRS,D,0.35,0.57,VIIRS 375m
FIRMS-FUSION-01436,6.2087,80.85428,340.3,295.98,3.23,nominal,2026-09-29,0744,NOAA-20 VIIRS,D,0.4,0.44,VIIRS 375m
FIRMS-FUSION-01437,6.26998,80.81895,334.32,294.8,3.69,nominal,2026-09-29,0744,NOAA-20 VIIRS,D,0.4,0.44,VIIRS 375m
FIRMS-FUSION-01438,6.35103,81.13634,334.37,295.92,3.23,nominal,2026-09-29,0744,NOAA-20 VIIRS,D,0.38,0.43,VIIRS 375m
FIRMS-FUSION-01439,6.3382,80.85527,341.16,296.81,6.1,nominal,2026-09-29,0744,NOAA-20 VIIRS,D,0.4,0.44,VIIRS 375m
FIRMS-FUSION-01440,6.55959,81.00917,341.52,298.34,3.48,nominal,2026-09-29,0744,NOAA-20 VIIRS,D,0.39,0.44,VIIRS 375m
FIRMS-FUSION-01441,6.60585,81.21908,331.77,301.03,3.56,nominal,2026-09-29,0744,NOAA-20 VIIRS,D,0.56,0.43,VIIRS 375m
FIRMS-FUSION-01442,6.58515,81.01558,336.06,298.84,2.5,nominal,2026-09-29,0744,NOAA-20 VIIRS,D,0.39,0.44,VIIRS 375m
FIRMS-FUSION-01443,7.18669,81.74257,335.72,297.55,7.66,low,2026-09-29,0744,NOAA-20 VIIRS,D,0.51,0.41,VIIRS 375m
FIRMS-FUSION-01444,7.30504,81.75372,330.85,298.62,7.12,low,2026-09-29,0744,NOAA-20 VIIRS,D,0.51,0.41,VIIRS 375m
FIRMS-FUSION-01445,7.86593,79.90137,331.74,296.26,4.52,nominal,2026-09-29,0744,NOAA-20 VIIRS,D,0.43,0.46,VIIRS 375m
FIRMS-FUSION-01446,7.9283,80.06871,334.67,297.8,2.15,nominal,2026-09-29,0744,NOAA-20 VIIRS,D,0.42,0.45,VIIRS 375m
FIRMS-FUSION-01447,7.95251,80.06062,330.27,296.18,2.3,nominal,2026-09-29,0744,NOAA-20 VIIRS,D,0.42,0.45,VIIRS 375m
FIRMS-FUSION-01448,8.03135,80.062,342.18,283.12,14.1,nominal,2026-09-29,0744,NOAA-20 VIIRS,D,0.42,0.45,VIIRS 375m
FIRMS-FUSION-01449,8.05402,80.14719,338.82,282.29,4.16,nominal,2026-09-29,0744,NOAA-20 VIIRS,D,0.42,0.45,VIIRS 375m
FIRMS-FUSION-01450,21.09685,72.71104,334.39,293.64,2.92,nominal,2026-09-29,0748,NOAA-20 VIIRS,D,0.37,0.58,VIIRS 375m
FIRMS-FUSION-01451,8.24131,80.76941,331.66,297.38,4.16,nominal,2026-09-29,0744,NOAA-20 VIIRS,D,0.57,0.43,VIIRS 375m
FIRMS-FUSION-01452,23.55724,87.23998,343.69,295.35,4.7,nominal,2026-09-29,0748,NOAA-20 VIIRS,D,0.39,0.44,VIIRS 375m
FIRMS-FUSION-01453,8.23759,80.72263,330.94,295.16,4.53,nominal,2026-09-29,0744,NOAA-20 VIIRS,D,0.57,0.43,VIIRS 375m
FIRMS-FUSION-01454,8.10409,79.87289,341.61,292.53,4.77,nominal,2026-09-29,0744,NOAA-20 VIIRS,D,0.43,0.46,VIIRS 375m
FIRMS-FUSION-01455,23.67652,86.39893,331.26,298.23,7.82,nominal,2026-09-29,0748,NOAA-20 VIIRS,D,0.52,0.42,VIIRS 375m
FIRMS-FUSION-01456,8.27536,80.65558,336.13,296.61,3.65,nominal,2026-09-29,0744,NOAA-20 VIIRS,D,0.38,0.43,VIIRS 375m
FIRMS-FUSION-01457,23.68351,86.39266,329.93,296.95,4.97,nominal,2026-09-29,0748,NOAA-20 VIIRS,D,0.52,0.42,VIIRS 375m
FIRMS-FUSION-01458,8.30118,80.76441,337.23,297.04,3.57,nominal,2026-09-29,0744,NOAA-20 VIIRS,D,0.57,0.43,VIIRS 375m
FIRMS-FUSION-01459,23.68081,86.09723,334.3,294.23,6.22,nominal,2026-09-29,0748,NOAA-20 VIIRS,D,0.51,0.41,VIIRS 375m
FIRMS-FUSION-01460,8.28692,80.56387,347.17,298.32,5.08,nominal,2026-09-29,0744,NOAA-20 VIIRS,D,0.39,0.44,VIIRS 375m
FIRMS-FUSION-01461,23.68019,86.09227,334.37,296.16,6.22,nominal,2026-09-29,0748,NOAA-20 VIIRS,D,0.51,0.41,VIIRS 375m
FIRMS-FUSION-01462,8.30945,80.64914,341.81,298.26,4.59,nominal,2026-09-29,0744,NOAA-20 VIIRS,D,0.38,0.43,VIIRS 375m
FIRMS-FUSION-01463,23.67957,86.08732,331.11,296.56,6.06,nominal,2026-09-29,0748,NOAA-20 VIIRS,D,0.51,0.41,VIIRS 375m
FIRMS-FUSION-01464,23.1653,82.34086,339.74,304.31,6.23,nominal,2026-09-29,0748,NOAA-20 VIIRS,D,0.38,0.36,VIIRS 375m
FIRMS-FUSION-01465,8.23071,80.18237,339.41,297.6,4.71,nominal,2026-09-29,0744,NOAA-20 VIIRS,D,0.41,0.45,VIIRS 375m
FIRMS-FUSION-01466,23.16474,82.33713,330.58,301.8,3.41,nominal,2026-09-29,0748,NOAA-20 VIIRS,D,0.38,0.36,VIIRS 375m
FIRMS-FUSION-01467,8.36436,80.48608,336.18,296.98,3.89,nominal,2026-09-29,0744,NOAA-20 VIIRS,D,0.39,0.44,VIIRS 375m
FIRMS-FUSION-01468,23.68709,86.08624,333.06,294.6,3.89,nominal,2026-09-29,0748,NOAA-20 VIIRS,D,0.51,0.41,VIIRS 375m
FIRMS-FUSION-01469,8.37656,80.27831,332.03,300.69,3.62,nominal,2026-09-29,0744,NOAA-20 VIIRS,D,0.4,0.44,VIIRS 375m
FIRMS-FUSION-01470,23.77962,86.21001,345.24,296.18,5.76,nominal,2026-09-29,0748,NOAA-20 VIIRS,D,0.51,0.41,VIIRS 375m
FIRMS-FUSION-01471,8.42104,80.51949,350.14,302.89,14.22,nominal,2026-09-29,0744,NOAA-20 VIIRS,D,0.39,0.44,VIIRS 375m
FIRMS-FUSION-01472,23.77984,86.21276,334.11,296.45,3.68,nominal,2026-09-29,0748,NOAA-20 VIIRS,D,0.51,0.41,VIIRS 375m
FIRMS-FUSION-01473,8.42969,80.54678,339.65,300.92,5.25,nominal,2026-09-29,0744,NOAA-20 VIIRS,D,0.39,0.44,VIIRS 375m
FIRMS-FUSION-01474,22.49149,76.73888,341.46,304.13,2.83,nominal,2026-09-29,0748,NOAA-20 VIIRS,D,0.39,0.44,VIIRS 375m
FIRMS-FUSION-01475,22.59205,76.71364,331.02,305.65,1.32,low,2026-09-29,0748,NOAA-20 VIIRS,D,0.39,0.44,VIIRS 375m
FIRMS-FUSION-01476,8.46851,80.73171,330.2,299.61,2.94,nominal,2026-09-29,0744,NOAA-20 VIIRS,D,0.57,0.43,VIIRS 375m
FIRMS-FUSION-01477,22.5474,75.42942,341.94,309.16,3.14,nominal,2026-09-29,0748,NOAA-20 VIIRS,D,0.47,0.48,VIIRS 375m
FIRMS-FUSION-01478,8.44567,80.5691,336.64,299.71,4.09,nominal,2026-09-29,0744,NOAA-20 VIIRS,D,0.39,0.44,VIIRS 375m
FIRMS-FUSION-01479,22.79021,76.44679,332.19,306.95,1.93,low,2026-09-29,0748,NOAA-20 VIIRS,D,0.4,0.44,VIIRS 375m
FIRMS-FUSION-01480,8.5159,80.74982,331.15,301.0,5.64,nominal,2026-09-29,0744,NOAA-20 VIIRS,D,0.56,0.43,VIIRS 375m
FIRMS-FUSION-01481,22.75153,76.07218,340.14,308.58,3.76,nominal,2026-09-29,0748,NOAA-20 VIIRS,D,0.42,0.46,VIIRS 375m
FIRMS-FUSION-01482,22.72738,75.43676,338.3,308.15,3.46,nominal,2026-09-29,0748,NOAA-20 VIIRS,D,0.46,0.47,VIIRS 375m
FIRMS-FUSION-01483,8.49563,80.48837,343.75,300.98,6.6,nominal,2026-09-29,0744,NOAA-20 VIIRS,D,0.39,0.44,VIIRS 375m
FIRMS-FUSION-01484,22.81262,75.20267,338.75,309.0,3.51,nominal,2026-09-29,0748,NOAA-20 VIIRS,D,0.48,0.48,VIIRS 375m
FIRMS-FUSION-01485,8.48484,80.17716,354.94,299.51,11.37,nominal,2026-09-29,0744,NOAA-20 VIIRS,D,0.41,0.45,VIIRS 375m
FIRMS-FUSION-01486,23.08401,76.44513,334.4,308.51,2.03,low,2026-09-29,0748,NOAA-20 VIIRS,D,0.4,0.44,VIIRS 375m
FIRMS-FUSION-01487,8.49866,80.23495,331.47,298.48,1.39,nominal,2026-09-29,0744,NOAA-20 VIIRS,D,0.4,0.45,VIIRS 375m
FIRMS-FUSION-01488,23.04185,75.87617,333.34,307.88,0.91,low,2026-09-29,0748,NOAA-20 VIIRS,D,0.43,0.46,VIIRS 375m
FIRMS-FUSION-01489,8.49177,80.16844,332.33,297.66,2.13,nominal,2026-09-29,0744,NOAA-20 VIIRS,D,0.41,0.45,VIIRS 375m
FIRMS-FUSION-01490,23.09866,76.14652,333.83,308.59,2.53,nominal,2026-09-29,0748,NOAA-20 VIIRS,D,0.41,0.45,VIIRS 375m
FIRMS-FUSION-01491,27.74904,96.32979,327.23,289.68,8.44,nominal,2026-09-29,0748,NOAA-20 VIIRS,D,0.79,0.78,VIIRS 375m
FIRMS-FUSION-01492,8.57673,80.32469,331.29,301.04,5.03,nominal,2026-09-29,0744,NOAA-20 VIIRS,D,0.4,0.44,VIIRS 375m
FIRMS-FUSION-01493,27.74186,96.28973,333.83,290.07,8.48,nominal,2026-09-29,0748,NOAA-20 VIIRS,D,0.78,0.78,VIIRS 375m
FIRMS-FUSION-01494,8.64927,80.70632,331.59,296.18,3.4,nominal,2026-09-29,0744,NOAA-20 VIIRS,D,0.56,0.43,VIIRS 375m
FIRMS-FUSION-01495,27.75081,96.329,327.7,290.18,5.8,nominal,2026-09-29,0748,NOAA-20 VIIRS,D,0.79,0.78,VIIRS 375m
FIRMS-FUSION-01496,8.64532,80.51244,343.12,295.25,4.52,nominal,2026-09-29,0744,NOAA-20 VIIRS,D,0.39,0.44,VIIRS 375m
FIRMS-FUSION-01497,26.91529,81.05634,342.89,300.56,5.48,nominal,2026-09-29,0750,NOAA-20 VIIRS,D,0.38,0.36,VIIRS 375m
FIRMS-FUSION-01498,8.76177,80.20799,330.77,299.77,5.24,nominal,2026-09-29,0744,NOAA-20 VIIRS,D,0.4,0.44,VIIRS 375m
FIRMS-FUSION-01499,26.91471,81.05251,331.98,298.76,4.74,nominal,2026-09-29,0750,NOAA-20 VIIRS,D,0.38,0.36,VIIRS 375m
FIRMS-FUSION-01500,8.88203,80.45733,339.84,297.47,6.49,nominal,2026-09-29,0744,NOAA-20 VIIRS,D,0.39,0.44,VIIRS 375m
FIRMS-FUSION-01501,26.52156,77.69675,331.11,304.45,1.95,nominal,2026-09-29,0750,NOAA-20 VIIRS,D,0.46,0.39,VIIRS 375m
FIRMS-FUSION-01502,8.94287,80.06815,343.09,295.86,7.89,nominal,2026-09-29,0744,NOAA-20 VIIRS,D,0.41,0.45,VIIRS 375m
FIRMS-FUSION-01503,25.6578,72.24281,343.83,299.6,4.54,nominal,2026-09-29,0750,NOAA-20 VIIRS,D,0.32,0.55,VIIRS 375m
FIRMS-FUSION-01504,8.94226,80.06449,341.01,297.3,7.89,nominal,2026-09-29,0744,NOAA-20 VIIRS,D,0.41,0.45,VIIRS 375m
FIRMS-FUSION-01505,25.65714,72.23977,346.83,305.39,5.84,nominal,2026-09-29,0750,NOAA-20 VIIRS,D,0.32,0.55,VIIRS 375m
FIRMS-FUSION-01506,8.94268,80.06841,340.23,295.64,7.62,nominal,2026-09-29,0744,NOAA-20 VIIRS,D,0.41,0.45,VIIRS 375m
FIRMS-FUSION-01507,25.65833,72.24123,367.0,299.51,4.88,high,2026-09-29,0750,NOAA-20 VIIRS,D,0.32,0.54,VIIRS 375m
FIRMS-FUSION-01508,8.94205,80.06474,344.18,297.51,7.62,nominal,2026-09-29,0744,NOAA-20 VIIRS,D,0.41,0.45,VIIRS 375m
FIRMS-FUSION-01509,25.65765,72.23819,330.29,303.71,4.63,nominal,2026-09-29,0750,NOAA-20 VIIRS,D,0.32,0.55,VIIRS 375m
FIRMS-FUSION-01510,9.00094,80.06601,333.0,297.64,2.24,nominal,2026-09-29,0744,NOAA-20 VIIRS,D,0.41,0.45,VIIRS 375m
FIRMS-FUSION-01511,28.19149,77.61999,331.89,301.88,1.61,nominal,2026-09-29,0750,NOAA-20 VIIRS,D,0.44,0.38,VIIRS 375m
FIRMS-FUSION-01512,8.82293,78.12508,330.35,298.18,2.96,nominal,2026-09-29,0744,NOAA-20 VIIRS,D,0.55,0.51,VIIRS 375m
FIRMS-FUSION-01513,28.19499,77.61921,330.03,301.18,1.94,low,2026-09-29,0750,NOAA-20 VIIRS,D,0.44,0.38,VIIRS 375m
FIRMS-FUSION-01514,9.21624,80.25036,339.95,299.3,4.4,nominal,2026-09-29,0744,NOAA-20 VIIRS,D,0.39,0.44,VIIRS 375m
FIRMS-FUSION-01515,8.86704,78.15784,331.42,298.68,4.78,nominal,2026-09-29,0744,NOAA-20 VIIRS,D,0.55,0.51,VIIRS 375m
FIRMS-FUSION-01516,28.24633,76.66773,335.16,303.52,3.07,nominal,2026-09-29,0750,NOAA-20 VIIRS,D,0.48,0.4,VIIRS 375m
FIRMS-FUSION-01517,28.62781,76.15293,337.69,305.75,3.94,nominal,2026-09-29,0750,NOAA-20 VIIRS,D,0.5,0.41,VIIRS 375m
FIRMS-FUSION-01518,8.78926,77.69003,335.54,305.76,4.65,low,2026-09-29,0744,NOAA-20 VIIRS,D,0.59,0.53,VIIRS 375m
FIRMS-FUSION-01519,28.6315,76.15203,338.55,305.3,5.92,nominal,2026-09-29,0750,NOAA-20 VIIRS,D,0.5,0.41,VIIRS 375m
FIRMS-FUSION-01520,8.92647,77.48721,343.48,303.15,9.2,nominal,2026-09-29,0744,NOAA-20 VIIRS,D,0.61,0.53,VIIRS 375m
FIRMS-FUSION-01521,29.62198,77.99657,331.7,300.4,2.5,nominal,2026-09-29,0750,NOAA-20 VIIRS,D,0.42,0.37,VIIRS 375m
FIRMS-FUSION-01522,8.92473,77.4861,337.07,303.7,5.86,nominal,2026-09-29,0744,NOAA-20 VIIRS,D,0.61,0.53,VIIRS 375m
FIRMS-FUSION-01523,29.87124,77.74375,342.16,300.37,3.09,nominal,2026-09-29,0750,NOAA-20 VIIRS,D,0.42,0.38,VIIRS 375m
FIRMS-FUSION-01524,9.45077,80.37487,333.33,299.46,2.48,nominal,2026-09-29,0744,NOAA-20 VIIRS,D,0.38,0.43,VIIRS 375m
FIRMS-FUSION-01525,29.53447,74.48869,334.41,300.35,3.09,nominal,2026-09-29,0750,NOAA-20 VIIRS,D,0.39,0.44,VIIRS 375m
FIRMS-FUSION-01526,9.68816,80.2757,331.72,300.02,4.24,nominal,2026-09-29,0744,NOAA-20 VIIRS,D,0.39,0.44,VIIRS 375m
FIRMS-FUSION-01527,30.05832,73.25651,339.52,296.4,3.5,nominal,2026-09-29,0750,NOAA-20 VIIRS,D,0.45,0.47,VIIRS 375m
FIRMS-FUSION-01528,9.6946,78.82972,330.47,297.44,2.34,nominal,2026-09-29,0744,NOAA-20 VIIRS,D,0.48,0.48,VIIRS 375m
FIRMS-FUSION-01529,30.94599,76.82039,354.26,299.96,14.7,nominal,2026-09-29,0750,NOAA-20 VIIRS,D,0.44,0.38,VIIRS 375m
FIRMS-FUSION-01530,9.88835,78.82493,334.78,298.04,2.2,nominal,2026-09-29,0744,NOAA-20 VIIRS,D,0.47,0.48,VIIRS 375m
FIRMS-FUSION-01531,30.48381,73.68839,341.0,299.1,8.87,nominal,2026-09-29,0750,NOAA-20 VIIRS,D,0.42,0.45,VIIRS 375m
FIRMS-FUSION-01532,10.15889,78.61168,339.97,298.13,4.34,nominal,2026-09-29,0744,NOAA-20 VIIRS,D,0.48,0.48,VIIRS 375m
FIRMS-FUSION-01533,30.56248,73.98853,338.33,299.61,2.07,nominal,2026-09-29,0750,NOAA-20 VIIRS,D,0.4,0.44,VIIRS 375m
FIRMS-FUSION-01534,10.53391,79.64426,332.39,303.0,2.39,low,2026-09-29,0744,NOAA-20 VIIRS,D,0.41,0.45,VIIRS 375m
FIRMS-FUSION-01535,30.85542,73.95421,343.8,301.07,3.57,nominal,2026-09-29,0750,NOAA-20 VIIRS,D,0.4,0.44,VIIRS 375m
FIRMS-FUSION-01536,10.54987,79.61479,343.91,304.66,3.52,nominal,2026-09-29,0744,NOAA-20 VIIRS,D,0.41,0.45,VIIRS 375m
FIRMS-FUSION-01537,30.85627,73.95464,340.2,301.77,3.6,nominal,2026-09-29,0750,NOAA-20 VIIRS,D,0.4,0.44,VIIRS 375m
FIRMS-FUSION-01538,10.64989,79.66122,331.95,300.07,1.33,nominal,2026-09-29,0744,NOAA-20 VIIRS,D,0.41,0.45,VIIRS 375m
FIRMS-FUSION-01539,30.829,73.80161,352.45,303.86,15.1,nominal,2026-09-29,0750,NOAA-20 VIIRS,D,0.41,0.45,VIIRS 375m
FIRMS-FUSION-01540,10.67371,78.76625,339.29,300.64,3.92,nominal,2026-09-29,0744,NOAA-20 VIIRS,D,0.46,0.47,VIIRS 375m
FIRMS-FUSION-01541,31.10948,74.64301,331.2,304.59,2.34,nominal,2026-09-29,0750,NOAA-20 VIIRS,D,0.54,0.42,VIIRS 375m
FIRMS-FUSION-01542,10.80482,78.70608,335.86,296.27,2.31,nominal,2026-09-29,0744,NOAA-20 VIIRS,D,0.47,0.47,VIIRS 375m
FIRMS-FUSION-01543,31.20181,74.55953,332.09,300.46,2.89,nominal,2026-09-29,0750,NOAA-20 VIIRS,D,0.55,0.43,VIIRS 375m
FIRMS-FUSION-01544,10.72566,77.99836,335.75,299.1,5.65,nominal,2026-09-29,0744,NOAA-20 VIIRS,D,0.52,0.5,VIIRS 375m
FIRMS-FUSION-01545,31.40313,75.06059,336.14,305.01,3.93,nominal,2026-09-29,0750,NOAA-20 VIIRS,D,0.51,0.41,VIIRS 375m
FIRMS-FUSION-01546,10.93981,79.12971,343.7,304.55,4.39,nominal,2026-09-29,0744,NOAA-20 VIIRS,D,0.44,0.46,VIIRS 375m
FIRMS-FUSION-01547,31.4032,75.05873,336.19,303.69,3.54,nominal,2026-09-29,0750,NOAA-20 VIIRS,D,0.51,0.41,VIIRS 375m
FIRMS-FUSION-01548,10.91853,78.17508,332.18,295.58,3.41,nominal,2026-09-29,0744,NOAA-20 VIIRS,D,0.5,0.49,VIIRS 375m
FIRMS-FUSION-01549,31.64517,74.99128,334.51,305.36,3.28,nominal,2026-09-29,0750,NOAA-20 VIIRS,D,0.51,0.41,VIIRS 375m
FIRMS-FUSION-01550,11.25402,79.47878,333.7,297.27,2.14,nominal,2026-09-29,0744,NOAA-20 VIIRS,D,0.41,0.45,VIIRS 375m
FIRMS-FUSION-01551,31.63489,74.93806,345.55,305.97,6.29,nominal,2026-09-29,0750,NOAA-20 VIIRS,D,0.52,0.41,VIIRS 375m
FIRMS-FUSION-01552,11.75572,79.01936,330.21,300.13,2.72,nominal,2026-09-29,0744,NOAA-20 VIIRS,D,0.43,0.46,VIIRS 375m
FIRMS-FUSION-01553,31.67799,74.9994,335.77,307.32,3.23,nominal,2026-09-29,0750,NOAA-20 VIIRS,D,0.51,0.41,VIIRS 375m
FIRMS-FUSION-01554,11.65912,78.41797,342.05,298.47,4.32,nominal,2026-09-29,0744,NOAA-20 VIIRS,D,0.47,0.48,VIIRS 375m
FIRMS-FUSION-01555,31.52016,74.02271,341.41,301.82,4.54,nominal,2026-09-29,0750,NOAA-20 VIIRS,D,0.38,0.44,VIIRS 375m
FIRMS-FUSION-01556,11.66898,78.16704,333.44,296.83,2.13,nominal,2026-09-29,0746,NOAA-20 VIIRS,D,0.49,0.48,VIIRS 375m
FIRMS-FUSION-01557,31.11901,72.06223,330.65,297.6,2.63,nominal,2026-09-29,0750,NOAA-20 VIIRS,D,0.5,0.49,VIIRS 375m
FIRMS-FUSION-01558,11.70492,78.2152,336.75,297.26,4.41,nominal,2026-09-29,0746,NOAA-20 VIIRS,D,0.48,0.48,VIIRS 375m
FIRMS-FUSION-01559,31.76988,75.0891,331.94,302.67,3.3,nominal,2026-09-29,0750,NOAA-20 VIIRS,D,0.51,0.41,VIIRS 375m
FIRMS-FUSION-01560,14.00939,79.78369,333.68,305.71,4.96,low,2026-09-29,0746,NOAA-20 VIIRS,D,0.53,0.42,VIIRS 375m
FIRMS-FUSION-01561,31.77913,74.79035,330.55,304.07,2.58,nominal,2026-09-29,0750,NOAA-20 VIIRS,D,0.52,0.42,VIIRS 375m
FIRMS-FUSION-01562,14.07529,79.89146,336.2,301.67,4.64,nominal,2026-09-29,0746,NOAA-20 VIIRS,D,0.53,0.42,VIIRS 375m
FIRMS-FUSION-01563,31.87343,74.79098,331.19,301.17,2.84,nominal,2026-09-29,0750,NOAA-20 VIIRS,D,0.52,0.42,VIIRS 375m
FIRMS-FUSION-01564,14.14442,79.79692,335.76,302.68,3.06,nominal,2026-09-29,0746,NOAA-20 VIIRS,D,0.53,0.42,VIIRS 375m
FIRMS-FUSION-01565,31.78347,74.22315,337.95,300.67,11.4,nominal,2026-09-29,0750,NOAA-20 VIIRS,D,0.56,0.43,VIIRS 375m
FIRMS-FUSION-01566,14.25638,79.63275,330.01,301.83,4.61,low,2026-09-29,0746,NOAA-20 VIIRS,D,0.54,0.42,VIIRS 375m
FIRMS-FUSION-01567,31.78733,74.2221,342.88,304.36,11.4,nominal,2026-09-29,0750,NOAA-20 VIIRS,D,0.56,0.43,VIIRS 375m
FIRMS-FUSION-01568,15.11771,79.62009,351.06,312.0,13.24,nominal,2026-09-29,0746,NOAA-20 VIIRS,D,0.53,0.42,VIIRS 375m
FIRMS-FUSION-01569,31.78327,74.22134,340.27,302.45,7.81,nominal,2026-09-29,0750,NOAA-20 VIIRS,D,0.56,0.43,VIIRS 375m
FIRMS-FUSION-01570,14.93597,78.32538,336.25,300.02,4.63,nominal,2026-09-29,0746,NOAA-20 VIIRS,D,0.42,0.45,VIIRS 375m
FIRMS-FUSION-01571,31.78713,74.22029,338.04,302.91,8.85,nominal,2026-09-29,0750,NOAA-20 VIIRS,D,0.56,0.43,VIIRS 375m
FIRMS-FUSION-01572,15.04553,78.10429,336.4,301.35,5.58,nominal,2026-09-29,0746,NOAA-20 VIIRS,D,0.43,0.46,VIIRS 375m
FIRMS-FUSION-01573,31.95382,74.96368,332.6,301.69,3.32,nominal,2026-09-29,0750,NOAA-20 VIIRS,D,0.51,0.41,VIIRS 375m
FIRMS-FUSION-01574,15.04969,78.10345,337.14,298.41,3.17,nominal,2026-09-29,0746,NOAA-20 VIIRS,D,0.43,0.46,VIIRS 375m
FIRMS-FUSION-01575,31.73813,73.7951,332.85,301.27,2.32,nominal,2026-09-29,0750,NOAA-20 VIIRS,D,0.39,0.44,VIIRS 375m
FIRMS-FUSION-01576,15.22657,78.61636,332.44,297.55,2.61,nominal,2026-09-29,0746,NOAA-20 VIIRS,D,0.4,0.44,VIIRS 375m
FIRMS-FUSION-01577,31.80175,74.06958,333.33,302.46,5.51,nominal,2026-09-29,0750,NOAA-20 VIIRS,D,0.57,0.43,VIIRS 375m
FIRMS-FUSION-01578,15.25339,78.62666,332.44,300.03,5.57,nominal,2026-09-29,0746,NOAA-20 VIIRS,D,0.4,0.44,VIIRS 375m
FIRMS-FUSION-01579,31.9014,74.13927,339.82,304.06,7.85,nominal,2026-09-29,0750,NOAA-20 VIIRS,D,0.56,0.43,VIIRS 375m
FIRMS-FUSION-01580,15.25272,78.62293,338.99,302.09,5.57,nominal,2026-09-29,0746,NOAA-20 VIIRS,D,0.4,0.44,VIIRS 375m
FIRMS-FUSION-01581,31.91951,73.86031,347.78,304.0,7.3,nominal,2026-09-29,0750,NOAA-20 VIIRS,D,0.39,0.44,VIIRS 375m
FIRMS-FUSION-01582,15.4571,79.09087,330.02,302.99,3.24,low,2026-09-29,0746,NOAA-20 VIIRS,D,0.56,0.43,VIIRS 375m
FIRMS-FUSION-01583,31.92376,73.62509,332.51,300.02,3.05,nominal,2026-09-29,0750,NOAA-20 VIIRS,D,0.4,0.44,VIIRS 375m
FIRMS-FUSION-01584,15.62222,79.86205,337.51,304.09,5.26,nominal,2026-09-29,0746,NOAA-20 VIIRS,D,0.5,0.41,VIIRS 375m
FIRMS-FUSION-01585,31.98701,73.91632,330.61,298.03,6.49,nominal,2026-09-29,0750,NOAA-20 VIIRS,D,0.57,0.43,VIIRS 375m
FIRMS-FUSION-01586,16.35042,81.40434,335.29,301.77,3.08,nominal,2026-09-29,0746,NOAA-20 VIIRS,D,0.42,0.38,VIIRS 375m
FIRMS-FUSION-01587,31.98582,73.9104,330.43,301.47,6.49,nominal,2026-09-29,0750,NOAA-20 VIIRS,D,0.57,0.43,VIIRS 375m
FIRMS-FUSION-01588,16.35003,81.40497,339.82,302.4,3.38,nominal,2026-09-29,0746,NOAA-20 VIIRS,D,0.42,0.38,VIIRS 375m
FIRMS-FUSION-01589,32.17649,73.94369,335.19,301.8,6.7,nominal,2026-09-29,0750,NOAA-20 VIIRS,D,0.57,0.43,VIIRS 375m
FIRMS-FUSION-01590,16.29464,77.3526,331.48,298.43,1.07,nominal,2026-09-29,0746,NOAA-20 VIIRS,D,0.46,0.47,VIIRS 375m
FIRMS-FUSION-01591,32.1765,73.94708,330.97,300.23,4.41,nominal,2026-09-29,0750,NOAA-20 VIIRS,D,0.57,0.43,VIIRS 375m
FIRMS-FUSION-01592,16.29234,77.3502,331.34,297.58,0.91,nominal,2026-09-29,0746,NOAA-20 VIIRS,D,0.46,0.47,VIIRS 375m
FIRMS-FUSION-01593,32.18039,73.94601,335.64,302.83,5.34,nominal,2026-09-29,0750,NOAA-20 VIIRS,D,0.57,0.43,VIIRS 375m
FIRMS-FUSION-01594,16.57848,77.64194,330.31,297.88,2.95,nominal,2026-09-29,0746,NOAA-20 VIIRS,D,0.44,0.46,VIIRS 375m
FIRMS-FUSION-01595,32.21074,73.83167,332.1,301.01,7.13,nominal,2026-09-29,0750,NOAA-20 VIIRS,D,0.57,0.43,VIIRS 375m
FIRMS-FUSION-01596,16.70156,76.84869,330.88,298.19,3.46,nominal,2026-09-29,0746,NOAA-20 VIIRS,D,0.49,0.48,VIIRS 375m
FIRMS-FUSION-01597,32.2237,73.79349,332.5,302.4,2.94,nominal,2026-09-29,0750,NOAA-20 VIIRS,D,0.38,0.43,VIIRS 375m
FIRMS-FUSION-01598,17.59553,78.98637,332.0,298.95,1.77,nominal,2026-09-29,0746,NOAA-20 VIIRS,D,0.53,0.42,VIIRS 375m
FIRMS-FUSION-01599,33.80629,74.93597,325.65,300.53,2.3,low,2026-09-29,0752,NOAA-20 VIIRS,D,0.48,0.4,VIIRS 375m
FIRMS-FUSION-01600,17.65134,79.25768,344.76,300.92,11.03,nominal,2026-09-29,0746,NOAA-20 VIIRS,D,0.51,0.41,VIIRS 375m
FIRMS-FUSION-01601,33.80534,74.93096,330.67,300.27,2.47,nominal,2026-09-29,0752,NOAA-20 VIIRS,D,0.48,0.4,VIIRS 375m
FIRMS-FUSION-01602,17.78785,79.67275,332.41,298.14,3.56,nominal,2026-09-29,0746,NOAA-20 VIIRS,D,0.48,0.4,VIIRS 375m
FIRMS-FUSION-01603,18.61534,83.2235,332.49,301.18,2.49,nominal,2026-09-29,0746,NOAA-20 VIIRS,D,0.38,0.36,VIIRS 375m
FIRMS-FUSION-01604,19.35904,83.93087,330.42,298.57,1.38,nominal,2026-09-29,0746,NOAA-20 VIIRS,D,0.39,0.36,VIIRS 375m
FIRMS-FUSION-01605,19.09761,82.1674,338.71,307.94,4.6,nominal,2026-09-29,0746,NOAA-20 VIIRS,D,0.39,0.36,VIIRS 375m
FIRMS-FUSION-01606,18.78663,78.40167,333.4,303.41,3.18,nominal,2026-09-29,0746,NOAA-20 VIIRS,D,0.54,0.42,VIIRS 375m
FIRMS-FUSION-01607,18.86722,78.39889,331.9,301.05,4.02,nominal,2026-09-29,0746,NOAA-20 VIIRS,D,0.54,0.42,VIIRS 375m
FIRMS-FUSION-01608,20.53314,85.90697,331.99,292.45,2.9,nominal,2026-09-29,0746,NOAA-20 VIIRS,D,0.46,0.39,VIIRS 375m
FIRMS-FUSION-01609,20.76124,85.29874,336.93,306.07,6.64,nominal,2026-09-29,0748,NOAA-20 VIIRS,D,0.44,0.38,VIIRS 375m
FIRMS-FUSION-01610,20.79462,85.25541,335.5,302.9,10.24,nominal,2026-09-29,0748,NOAA-20 VIIRS,D,0.43,0.38,VIIRS 375m
FIRMS-FUSION-01611,20.80569,85.25799,332.41,303.86,5.38,low,2026-09-29,0748,NOAA-20 VIIRS,D,0.43,0.38,VIIRS 375m
FIRMS-FUSION-01612,20.86268,84.98952,338.43,299.83,7.21,nominal,2026-09-29,0748,NOAA-20 VIIRS,D,0.43,0.38,VIIRS 375m
FIRMS-FUSION-01613,20.88634,84.98168,332.33,302.2,4.5,nominal,2026-09-29,0748,NOAA-20 VIIRS,D,0.42,0.38,VIIRS 375m
FIRMS-FUSION-01614,20.96268,85.18859,346.68,307.12,5.82,nominal,2026-09-29,0748,NOAA-20 VIIRS,D,0.43,0.38,VIIRS 375m
FIRMS-FUSION-01615,20.96212,85.18442,332.24,302.91,5.82,low,2026-09-29,0748,NOAA-20 VIIRS,D,0.43,0.38,VIIRS 375m
FIRMS-FUSION-01616,20.96392,85.17146,335.19,303.19,7.07,nominal,2026-09-29,0748,NOAA-20 VIIRS,D,0.43,0.38,VIIRS 375m
FIRMS-FUSION-01617,20.96797,85.17506,347.45,304.35,9.06,nominal,2026-09-29,0748,NOAA-20 VIIRS,D,0.43,0.38,VIIRS 375m
FIRMS-FUSION-01618,20.97496,85.17401,331.06,302.44,2.55,low,2026-09-29,0748,NOAA-20 VIIRS,D,0.43,0.38,VIIRS 375m
FIRMS-FUSION-01619,20.98032,85.13517,330.22,301.25,3.28,low,2026-09-29,0748,NOAA-20 VIIRS,D,0.43,0.38,VIIRS 375m
FIRMS-FUSION-01620,21.07859,85.03606,344.01,305.93,8.17,nominal,2026-09-29,0748,NOAA-20 VIIRS,D,0.43,0.38,VIIRS 375m
FIRMS-FUSION-01621,21.04826,80.82903,332.27,305.36,5.18,low,2026-09-29,0748,NOAA-20 VIIRS,D,0.4,0.37,VIIRS 375m
FIRMS-FUSION-01622,21.67659,84.03939,333.93,305.84,5.98,low,2026-09-29,0748,NOAA-20 VIIRS,D,0.4,0.37,VIIRS 375m
FIRMS-FUSION-01623,21.74679,83.8428,338.19,301.5,4.06,nominal,2026-09-29,0748,NOAA-20 VIIRS,D,0.4,0.37,VIIRS 375m
FIRMS-FUSION-01624,22.37796,87.27955,343.75,302.5,11.43,nominal,2026-09-29,0748,NOAA-20 VIIRS,D,0.57,0.43,VIIRS 375m
FIRMS-FUSION-01625,21.92001,83.35057,343.04,308.13,5.5,nominal,2026-09-29,0748,NOAA-20 VIIRS,D,0.39,0.36,VIIRS 375m
FIRMS-FUSION-01626,21.92333,83.35001,333.6,304.71,3.86,low,2026-09-29,0748,NOAA-20 VIIRS,D,0.39,0.36,VIIRS 375m
FIRMS-FUSION-01627,22.01636,83.75478,335.09,306.01,5.18,low,2026-09-29,0748,NOAA-20 VIIRS,D,0.4,0.37,VIIRS 375m
FIRMS-FUSION-01628,22.03896,83.73139,339.58,306.72,4.25,nominal,2026-09-29,0748,NOAA-20 VIIRS,D,0.4,0.37,VIIRS 375m
FIRMS-FUSION-01629,22.04231,83.73085,335.34,303.85,4.25,nominal,2026-09-29,0748,NOAA-20 VIIRS,D,0.4,0.37,VIIRS 375m
FIRMS-FUSION-01630,21.98388,83.23184,330.01,303.83,1.93,low,2026-09-29,0748,NOAA-20 VIIRS,D,0.39,0.36,VIIRS 375m
FIRMS-FUSION-01631,23.28979,92.81496,327.92,284.43,3.02,nominal,2026-09-29,0748,NOAA-20 VIIRS,D,0.43,0.62,VIIRS 375m
FIRMS-FUSION-01632,22.32297,82.58841,342.38,298.56,6.03,nominal,2026-09-29,0748,NOAA-20 VIIRS,D,0.39,0.36,VIIRS 375m
FIRMS-FUSION-01633,22.31907,82.56245,332.26,302.04,3.19,nominal,2026-09-29,0748,NOAA-20 VIIRS,D,0.38,0.36,VIIRS 375m
FIRMS-FUSION-01634,22.35785,82.30492,337.85,307.36,5.26,nominal,2026-09-29,0748,NOAA-20 VIIRS,D,0.38,0.36,VIIRS 375m
FIRMS-FUSION-01635,22.35728,82.30122,335.66,305.37,5.26,nominal,2026-09-29,0748,NOAA-20 VIIRS,D,0.38,0.36,VIIRS 375m
FIRMS-FUSION-01636,27.73602,96.06626,343.47,288.96,4.45,nominal,2026-09-30,0729,NOAA-20 VIIRS,D,0.39,0.59,VIIRS 375m
FIRMS-FUSION-01637,6.43276,81.29213,330.07,292.55,3.52,nominal,2026-09-30,0724,NOAA-20 VIIRS,D,0.39,0.59,VIIRS 375m
FIRMS-FUSION-01638,27.73723,96.06511,341.58,289.42,4.62,nominal,2026-09-30,0729,NOAA-20 VIIRS,D,0.39,0.59,VIIRS 375m
FIRMS-FUSION-01639,6.44447,80.75105,335.17,292.31,3.27,nominal,2026-09-30,0724,NOAA-20 VIIRS,D,0.42,0.61,VIIRS 375m
FIRMS-FUSION-01640,26.81973,85.33169,337.63,296.69,2.78,nominal,2026-09-30,0729,NOAA-20 VIIRS,D,0.39,0.36,VIIRS 375m
FIRMS-FUSION-01641,7.25259,81.84631,342.58,292.14,3.36,nominal,2026-09-30,0724,NOAA-20 VIIRS,D,0.34,0.56,VIIRS 375m
FIRMS-FUSION-01642,7.25503,81.84763,335.69,291.96,2.35,nominal,2026-09-30,0724,NOAA-20 VIIRS,D,0.34,0.56,VIIRS 375m
FIRMS-FUSION-01643,25.20335,76.73972,330.95,299.88,2.15,nominal,2026-09-30,0729,NOAA-20 VIIRS,D,0.34,0.56,VIIRS 375m
FIRMS-FUSION-01644,7.36759,81.05714,330.09,294.46,5.79,nominal,2026-09-30,0726,NOAA-20 VIIRS,D,0.39,0.59,VIIRS 375m
FIRMS-FUSION-01645,28.74946,71.15385,333.1,299.24,4.97,nominal,2026-09-30,0731,NOAA-20 VIIRS,D,0.61,0.71,VIIRS 375m
FIRMS-FUSION-01646,7.58782,81.01924,344.98,294.22,3.19,nominal,2026-09-30,0726,NOAA-20 VIIRS,D,0.39,0.59,VIIRS 375m
FIRMS-FUSION-01647,28.75048,71.15324,334.72,300.06,5.22,nominal,2026-09-30,0731,NOAA-20 VIIRS,D,0.61,0.71,VIIRS 375m
FIRMS-FUSION-01648,7.82612,81.11343,349.43,296.76,6.65,nominal,2026-09-30,0726,NOAA-20 VIIRS,D,0.38,0.59,VIIRS 375m
FIRMS-FUSION-01649,29.78814,72.8183,332.24,297.92,3.16,nominal,2026-09-30,0731,NOAA-20 VIIRS,D,0.46,0.63,VIIRS 375m
FIRMS-FUSION-01650,7.77802,80.84462,338.14,295.58,4.81,nominal,2026-09-30,0726,NOAA-20 VIIRS,D,0.4,0.6,VIIRS 375m
FIRMS-FUSION-01651,30.33188,73.56804,333.09,297.87,1.93,nominal,2026-09-30,0731,NOAA-20 VIIRS,D,0.4,0.6,VIIRS 375m
FIRMS-FUSION-01652,7.83145,81.11246,343.18,297.4,5.16,nominal,2026-09-30,0726,NOAA-20 VIIRS,D,0.38,0.59,VIIRS 375m
FIRMS-FUSION-01653,30.67275,74.70084,354.33,298.24,5.06,nominal,2026-09-30,0731,NOAA-20 VIIRS,D,0.34,0.56,VIIRS 375m
FIRMS-FUSION-01654,7.75655,80.66175,351.62,291.41,5.1,nominal,2026-09-30,0726,NOAA-20 VIIRS,D,0.41,0.6,VIIRS 375m
FIRMS-FUSION-01655,30.67774,74.69925,367.0,302.5,20.65,high,2026-09-30,0731,NOAA-20 VIIRS,D,0.34,0.56,VIIRS 375m
FIRMS-FUSION-01656,7.84398,80.6418,333.04,292.57,2.65,nominal,2026-09-30,0726,NOAA-20 VIIRS,D,0.41,0.6,VIIRS 375m
FIRMS-FUSION-01657,30.67692,74.69582,353.6,303.08,13.66,nominal,2026-09-30,0731,NOAA-20 VIIRS,D,0.34,0.56,VIIRS 375m
FIRMS-FUSION-01658,8.04979,81.09496,330.23,294.91,3.34,nominal,2026-09-30,0726,NOAA-20 VIIRS,D,0.38,0.58,VIIRS 375m
FIRMS-FUSION-01659,30.48984,73.85419,346.73,299.31,5.88,nominal,2026-09-30,0731,NOAA-20 VIIRS,D,0.38,0.59,VIIRS 375m
FIRMS-FUSION-01660,8.21156,81.03739,330.74,295.14,2.48,nominal,2026-09-30,0726,NOAA-20 VIIRS,D,0.38,0.59,VIIRS 375m
FIRMS-FUSION-01661,30.44163,73.6583,338.35,298.02,2.76,nominal,2026-09-30,0731,NOAA-20 VIIRS,D,0.4,0.6,VIIRS 375m
FIRMS-FUSION-01662,30.98207,74.44752,335.33,298.99,1.95,nominal,2026-09-30,0731,NOAA-20 VIIRS,D,0.35,0.56,VIIRS 375m
FIRMS-FUSION-01663,8.12462,80.43655,333.15,290.55,4.01,nominal,2026-09-30,0726,NOAA-20 VIIRS,D,0.42,0.61,VIIRS 375m
FIRMS-FUSION-01664,30.98096,74.19095,342.28,299.14,3.23,nominal,2026-09-30,0731,NOAA-20 VIIRS,D,0.36,0.57,VIIRS 375m
FIRMS-FUSION-01665,8.64707,80.49957,330.46,290.85,4.93,nominal,2026-09-30,0726,NOAA-20 VIIRS,D,0.4,0.6,VIIRS 375m
FIRMS-FUSION-01666,30.98156,74.19049,342.01,299.65,2.85,nominal,2026-09-30,0731,NOAA-20 VIIRS,D,0.36,0.57,VIIRS 375m
FIRMS-FUSION-01667,9.65265,80.30958,334.07,295.04,4.9,nominal,2026-09-30,0726,NOAA-20 VIIRS,D,0.4,0.6,VIIRS 375m
FIRMS-FUSION-01668,31.10069,74.63891,335.32,299.59,4.22,nominal,2026-09-30,0731,NOAA-20 VIIRS,D,0.33,0.56,VIIRS 375m
FIRMS-FUSION-01669,9.50483,77.58497,333.29,292.57,5.27,nominal,2026-09-30,0726,NOAA-20 VIIRS,D,0.62,0.71,VIIRS 375m
FIRMS-FUSION-01670,31.12642,74.61254,334.65,300.65,3.62,nominal,2026-09-30,0731,NOAA-20 VIIRS,D,0.34,0.56,VIIRS 375m
FIRMS-FUSION-01671,10.05331,79.01387,332.98,292.95,8.03,nominal,2026-09-30,0726,NOAA-20 VIIRS,D,0.48,0.65,VIIRS 375m
FIRMS-FUSION-01672,31.55173,75.14087,329.78,301.87,2.9,nominal,2026-09-30,0731,NOAA-20 VIIRS,D,0.61,0.54,VIIRS 375m
FIRMS-FUSION-01673,10.03709,78.71851,330.21,294.05,3.12,nominal,2026-09-30,0726,NOAA-20 VIIRS,D,0.5,0.66,VIIRS 375m
FIRMS-FUSION-01674,31.48608,74.54945,330.8,300.75,1.51,nominal,2026-09-30,0731,NOAA-20 VIIRS,D,0.33,0.55,VIIRS 375m
FIRMS-FUSION-01675,31.57648,74.59917,332.14,299.67,1.54,nominal,2026-09-30,0731,NOAA-20 VIIRS,D,0.33,0.55,VIIRS 375m
FIRMS-FUSION-01676,31.66297,74.76675,341.14,301.93,2.57,nominal,2026-09-30,0731,NOAA-20 VIIRS,D,0.32,0.55,VIIRS 375m
FIRMS-FUSION-01677,10.70892,78.89933,332.8,295.8,3.04,nominal,2026-09-30,0726,NOAA-20 VIIRS,D,0.48,0.64,VIIRS 375m
FIRMS-FUSION-01678,31.66395,74.76625,339.35,301.19,2.17,nominal,2026-09-30,0731,NOAA-20 VIIRS,D,0.32,0.55,VIIRS 375m
FIRMS-FUSION-01679,10.89286,79.01672,337.11,292.83,8.74,nominal,2026-09-30,0726,NOAA-20 VIIRS,D,0.46,0.64,VIIRS 375m
FIRMS-FUSION-01680,31.72326,74.66262,338.76,299.98,3.06,nominal,2026-09-30,0731,NOAA-20 VIIRS,D,0.32,0.55,VIIRS 375m
FIRMS-FUSION-01681,11.30108,77.31915,336.25,291.27,5.21,nominal,2026-09-30,0726,NOAA-20 VIIRS,D,0.6,0.7,VIIRS 375m
FIRMS-FUSION-01682,31.83598,74.58247,330.01,299.7,1.99,nominal,2026-09-30,0731,NOAA-20 VIIRS,D,0.32,0.55,VIIRS 375m
FIRMS-FUSION-01683,13.33345,80.07598,336.85,294.19,2.59,nominal,2026-09-30,0726,NOAA-20 VIIRS,D,0.35,0.57,VIIRS 375m
FIRMS-FUSION-01684,31.38879,72.24094,344.75,296.29,5.15,nominal,2026-09-30,0731,NOAA-20 VIIRS,D,0.45,0.63,VIIRS 375m
FIRMS-FUSION-01685,13.87048,79.62819,336.5,299.21,2.03,nominal,2026-09-30,0726,NOAA-20 VIIRS,D,0.37,0.58,VIIRS 375m
FIRMS-FUSION-01686,31.93929,74.26233,333.5,300.29,2.32,nominal,2026-09-30,0731,NOAA-20 VIIRS,D,0.34,0.56,VIIRS 375m
FIRMS-FUSION-01687,31.91984,73.85737,330.27,300.27,2.83,low,2026-09-30,0731,NOAA-20 VIIRS,D,0.36,0.57,VIIRS 375m
FIRMS-FUSION-01688,14.06011,80.1069,332.64,298.48,2.65,nominal,2026-09-30,0726,NOAA-20 VIIRS,D,0.34,0.56,VIIRS 375m
FIRMS-FUSION-01689,31.9855,73.92519,335.32,300.38,2.87,nominal,2026-09-30,0731,NOAA-20 VIIRS,D,0.35,0.57,VIIRS 375m
FIRMS-FUSION-01690,14.11986,79.93661,333.99,297.89,2.29,nominal,2026-09-30,0726,NOAA-20 VIIRS,D,0.35,0.57,VIIRS 375m
FIRMS-FUSION-01691,32.14616,74.021,342.14,302.53,3.03,nominal,2026-09-30,0731,NOAA-20 VIIRS,D,0.34,0.56,VIIRS 375m
FIRMS-FUSION-01692,14.38589,79.73903,344.76,297.12,3.34,nominal,2026-09-30,0726,NOAA-20 VIIRS,D,0.36,0.57,VIIRS 375m
FIRMS-FUSION-01693,32.14397,74.02208,341.68,303.52,3.17,nominal,2026-09-30,0731,NOAA-20 VIIRS,D,0.34,0.56,VIIRS 375m
FIRMS-FUSION-01694,15.1231,79.62081,336.35,299.48,2.93,nominal,2026-09-30,0729,NOAA-20 VIIRS,D,0.35,0.57,VIIRS 375m
FIRMS-FUSION-01695,32.28489,74.45009,338.41,300.66,2.08,nominal,2026-09-30,0731,NOAA-20 VIIRS,D,0.32,0.55,VIIRS 375m
FIRMS-FUSION-01696,15.12245,79.61752,342.9,302.89,5.96,nominal,2026-09-30,0729,NOAA-20 VIIRS,D,0.35,0.57,VIIRS 375m
FIRMS-FUSION-01697,34.08183,75.33435,325.21,295.27,4.17,nominal,2026-09-30,0731,NOAA-20 VIIRS,D,0.53,0.5,VIIRS 375m
FIRMS-FUSION-01698,34.82942,70.72253,351.5,303.78,72.24,nominal,2026-09-30,0731,NOAA-20 VIIRS,D,0.45,0.63,VIIRS 375m
FIRMS-FUSION-01699,15.14156,78.48534,367.0,296.06,5.64,high,2026-09-30,0729,NOAA-20 VIIRS,D,0.42,0.61,VIIRS 375m
FIRMS-FUSION-01700,15.74283,80.33101,344.64,291.92,11.5,nominal,2026-09-30,0729,NOAA-20 VIIRS,D,0.62,0.54,VIIRS 375m
FIRMS-FUSION-01701,15.92106,79.36684,342.75,300.09,2.03,nominal,2026-09-30,0729,NOAA-20 VIIRS,D,0.35,0.57,VIIRS 375m
FIRMS-FUSION-01702,16.71242,79.56333,353.38,300.21,5.25,nominal,2026-09-30,0729,NOAA-20 VIIRS,D,0.33,0.55,VIIRS 375m
FIRMS-FUSION-01703,16.95251,79.41331,338.77,297.5,2.5,nominal,2026-09-30,0729,NOAA-20 VIIRS,D,0.34,0.56,VIIRS 375m
FIRMS-FUSION-01704,17.0808,79.3266,343.87,296.84,3.25,nominal,2026-09-30,0729,NOAA-20 VIIRS,D,0.34,0.56,VIIRS 375m
FIRMS-FUSION-01705,17.08417,79.32526,343.86,297.67,3.77,nominal,2026-09-30,0729,NOAA-20 VIIRS,D,0.34,0.56,VIIRS 375m
FIRMS-FUSION-01706,18.28592,78.57539,331.57,295.94,5.1,nominal,2026-09-30,0729,NOAA-20 VIIRS,D,0.36,0.57,VIIRS 375m
FIRMS-FUSION-01707,18.82128,78.50321,329.18,296.65,1.63,nominal,2026-09-30,0729,NOAA-20 VIIRS,D,0.35,0.57,VIIRS 375m
FIRMS-FUSION-01708,18.93197,78.43241,332.65,297.24,2.11,nominal,2026-09-30,0729,NOAA-20 VIIRS,D,0.36,0.57,VIIRS 375m
FIRMS-FUSION-01709,20.76149,85.29932,331.62,302.43,4.82,low,2026-09-30,0729,NOAA-20 VIIRS,D,0.41,0.37,VIIRS 375m
FIRMS-FUSION-01710,20.79244,85.25293,336.26,301.72,7.04,nominal,2026-09-30,0729,NOAA-20 VIIRS,D,0.41,0.37,VIIRS 375m
FIRMS-FUSION-01711,20.79287,85.2535,338.25,301.19,5.07,nominal,2026-09-30,0729,NOAA-20 VIIRS,D,0.41,0.37,VIIRS 375m
FIRMS-FUSION-01712,20.95461,86.05037,332.85,301.88,4.0,nominal,2026-09-30,0729,NOAA-20 VIIRS,D,0.39,0.37,VIIRS 375m
FIRMS-FUSION-01713,20.99702,86.01556,336.67,301.23,4.25,nominal,2026-09-30,0729,NOAA-20 VIIRS,D,0.4,0.37,VIIRS 375m
FIRMS-FUSION-01714,20.96137,85.18972,341.7,306.86,4.6,nominal,2026-09-30,0729,NOAA-20 VIIRS,D,0.42,0.37,VIIRS 375m
FIRMS-FUSION-01715,20.96478,85.18909,331.52,305.41,4.6,low,2026-09-30,0729,NOAA-20 VIIRS,D,0.42,0.37,VIIRS 375m
FIRMS-FUSION-01716,20.96413,85.18515,330.93,305.63,7.22,low,2026-09-30,0729,NOAA-20 VIIRS,D,0.42,0.37,VIIRS 375m
FIRMS-FUSION-01717,20.96218,85.17331,331.76,302.75,5.38,low,2026-09-30,0729,NOAA-20 VIIRS,D,0.42,0.37,VIIRS 375m
FIRMS-FUSION-01718,20.96493,85.16869,336.36,303.97,5.35,nominal,2026-09-30,0729,NOAA-20 VIIRS,D,0.42,0.37,VIIRS 375m
FIRMS-FUSION-01719,20.96964,85.17596,352.26,305.38,11.0,nominal,2026-09-30,0729,NOAA-20 VIIRS,D,0.42,0.37,VIIRS 375m
FIRMS-FUSION-01720,20.9758,85.1707,331.92,302.67,4.55,low,2026-09-30,0729,NOAA-20 VIIRS,D,0.42,0.37,VIIRS 375m
FIRMS-FUSION-01721,21.07705,85.0377,340.98,306.34,9.43,nominal,2026-09-30,0729,NOAA-20 VIIRS,D,0.42,0.38,VIIRS 375m
FIRMS-FUSION-01722,21.08047,85.03706,340.96,305.5,6.31,nominal,2026-09-30,0729,NOAA-20 VIIRS,D,0.42,0.38,VIIRS 375m
FIRMS-FUSION-01723,22.05397,88.12537,332.7,294.4,2.41,nominal,2026-09-30,0729,NOAA-20 VIIRS,D,0.39,0.36,VIIRS 375m
FIRMS-FUSION-01724,21.19019,81.41653,335.85,302.76,2.39,nominal,2026-09-30,0729,NOAA-20 VIIRS,D,0.42,0.45,VIIRS 375m
FIRMS-FUSION-01725,21.19428,81.41567,336.85,303.53,3.84,nominal,2026-09-30,0729,NOAA-20 VIIRS,D,0.42,0.45,VIIRS 375m
FIRMS-FUSION-01726,21.67693,84.04008,331.31,303.93,7.04,low,2026-09-30,0729,NOAA-20 VIIRS,D,0.45,0.39,VIIRS 375m
FIRMS-FUSION-01727,21.30084,81.60406,330.92,301.98,2.34,low,2026-09-30,0729,NOAA-20 VIIRS,D,0.41,0.45,VIIRS 375m
FIRMS-FUSION-01728,21.74903,83.84386,332.22,306.7,5.97,low,2026-09-30,0729,NOAA-20 VIIRS,D,0.46,0.39,VIIRS 375m
FIRMS-FUSION-01729,21.75508,83.84382,334.01,305.55,4.95,low,2026-09-30,0729,NOAA-20 VIIRS,D,0.46,0.39,VIIRS 375m
FIRMS-FUSION-01730,22.36956,87.30087,331.12,299.03,2.18,nominal,2026-09-30,0729,NOAA-20 VIIRS,D,0.38,0.36,VIIRS 375m
FIRMS-FUSION-01731,22.37665,87.28062,332.34,300.73,3.61,nominal,2026-09-30,0729,NOAA-20 VIIRS,D,0.38,0.36,VIIRS 375m
FIRMS-FUSION-01732,21.91996,83.3512,344.39,309.9,10.31,nominal,2026-09-30,0729,NOAA-20 VIIRS,D,0.48,0.4,VIIRS 375m
FIRMS-FUSION-01733,22.20844,84.86346,338.54,303.22,5.7,nominal,2026-09-30,0729,NOAA-20 VIIRS,D,0.42,0.37,VIIRS 375m
FIRMS-FUSION-01734,22.32176,82.59049,335.09,302.71,9.47,nominal,2026-09-30,0729,NOAA-20 VIIRS,D,0.52,0.41,VIIRS 375m
FIRMS-FUSION-01735,22.35964,82.30135,334.69,307.05,7.33,low,2026-09-30,0729,NOAA-20 VIIRS,D,0.53,0.42,VIIRS 375m
FIRMS-FUSION-01736,22.35862,82.30431,335.7,307.94,8.44,low,2026-09-30,0729,NOAA-20 VIIRS,D,0.53,0.42,VIIRS 375m
FIRMS-FUSION-01737,23.68733,87.12164,334.38,302.0,5.08,nominal,2026-09-30,0729,NOAA-20 VIIRS,D,0.39,0.36,VIIRS 375m
FIRMS-FUSION-01738,23.66677,86.9176,339.86,301.27,4.3,nominal,2026-09-30,0729,NOAA-20 VIIRS,D,0.38,0.36,VIIRS 375m
FIRMS-FUSION-01739,23.6291,86.29134,336.42,297.12,4.66,nominal,2026-09-30,0729,NOAA-20 VIIRS,D,0.38,0.36,VIIRS 375m
FIRMS-FUSION-01740,23.68533,86.3925,338.89,302.54,5.5,nominal,2026-09-30,0729,NOAA-20 VIIRS,D,0.38,0.36,VIIRS 375m
FIRMS-FUSION-01741,23.67545,86.0864,331.57,304.34,3.37,low,2026-09-30,0729,NOAA-20 VIIRS,D,0.39,0.36,VIIRS 375m
FIRMS-FUSION-01742,23.76547,86.40469,330.43,297.23,1.91,nominal,2026-09-30,0729,NOAA-20 VIIRS,D,0.38,0.36,VIIRS 375m
FIRMS-FUSION-01743,23.77287,86.36491,337.65,302.28,3.89,nominal,2026-09-30,0731,NOAA-20 VIIRS,D,0.38,0.36,VIIRS 375m
FIRMS-FUSION-01744,23.64773,85.43808,344.49,304.21,6.06,nominal,2026-09-30,0731,NOAA-20 VIIRS,D,0.39,0.36,VIIRS 375m
FIRMS-FUSION-01745,23.77995,86.20992,345.34,304.36,7.22,nominal,2026-09-30,0731,NOAA-20 VIIRS,D,0.38,0.36,VIIRS 375m
FIRMS-FUSION-01746,23.80181,86.32905,339.3,303.2,5.68,nominal,2026-09-30,0731,NOAA-20 VIIRS,D,0.38,0.36,VIIRS 375m
FIRMS-FUSION-01747,23.80665,86.31663,333.06,300.71,4.75,nominal,2026-09-30,0731,NOAA-20 VIIRS,D,0.38,0.36,VIIRS 375m
FIRMS-FUSION-01748,23.6949,85.28752,336.34,305.19,5.39,nominal,2026-09-30,0731,NOAA-20 VIIRS,D,0.4,0.37,VIIRS 375m
FIRMS-FUSION-01749,21.14906,72.73802,329.95,290.48,2.95,nominal,2026-09-30,0731,NOAA-20 VIIRS,D,0.74,0.76,VIIRS 375m
FIRMS-FUSION-01750,22.85707,75.72878,330.52,301.27,2.87,low,2026-09-30,0731,NOAA-20 VIIRS,D,0.44,0.62,VIIRS 375m
FIRMS-FUSION-01751,26.20095,90.49501,333.19,292.84,5.53,nominal,2026-09-30,0731,NOAA-20 VIIRS,D,0.52,0.41,VIIRS 375m
