latitude,longitude,bright_ti4,bright_ti5,scan,track,acq_date,acq_time,confidence,frp,daynight
27.3155,77.70588,333.2,288.38,0.5,0.6,2025-10-01,773,n,27.63,D
27.31229,77.70576,358.93,291.38,0.5,0.6,2025-10-01,2058,h,54.66,N
29.37976,76.8779,347.33,291.67,0.5,0.6,2025-10-01,797,n,42.97,D
22.39673,70.04283,361.52,286.78,0.5,0.6,2025-10-01,2117,h,50.12,N
22.39826,70.04177,341.71,289.95,0.5,0.6,2025-10-01,2048,h,36.47,N
22.32667,69.72246,352.72,290.61,0.5,0.6,2025-10-01,2040,n,46.33,N
25.42526,85.97109,346.82,286.08,0.5,0.6,2025-10-01,2102,n,41.54,N
25.42227,85.97594,337.63,288.49,0.5,0.6,2025-10-01,739,h,29.55,D
28.59908,77.54772,334.05,284.6,0.5,0.6,2025-10-01,2111,h,28.6,N
28.60138,77.54515,341.85,287.07,0.5,0.6,2025-10-01,758,n,31.21,D
22.82561,69.52897,336.38,289.44,0.5,0.6,2025-10-01,739,h,26.68,D
24.10384,82.66663,327.75,285.01,0.5,0.6,2025-10-01,760,h,20.89,D
22.79329,86.19548,333.39,285.15,0.5,0.6,2025-10-01,826,h,23.75,D
22.79055,86.19487,338.69,283.66,0.5,0.6,2025-10-01,779,h,31.84,D
21.1612,72.65752,334.12,288.66,0.5,0.6,2025-10-01,2024,n,23.23,N
21.16093,72.65562,332.67,286.83,0.5,0.6,2025-10-01,2042,h,25.57,N
27.31197,77.70463,365.38,296.74,0.5,0.6,2025-10-02,825,h,55.49,D
29.37637,76.87717,345.47,291.2,0.5,0.6,2025-10-02,756,n,38.61,D
29.37593,76.87465,346.72,293.3,0.5,0.6,2025-10-02,762,h,39.85,D
22.39407,70.04055,367.0,290.52,0.5,0.6,2025-10-02,2026,h,76.61,N
22.32792,69.72069,353.88,284.32,0.5,0.6,2025-10-02,745,h,50.31,D
22.32832,69.72176,357.58,288.66,0.5,0.6,2025-10-02,819,h,48.33,D
25.42437,85.97155,345.52,293.17,0.5,0.6,2025-10-02,2097,n,31.96,N
25.42692,85.97179,345.71,286.82,0.5,0.6,2025-10-02,773,n,35.98,D
28.60018,77.54729,329.23,285.47,0.5,0.6,2025-10-02,771,h,17.97,D
22.82535,69.52806,335.28,291.01,0.5,0.6,2025-10-02,761,h,26.58,D
22.79448,86.19435,333.57,288.68,0.5,0.6,2025-10-02,746,h,22.88,D
22.79343,86.19107,336.65,291.62,0.5,0.6,2025-10-02,789,h,25.88,D
21.15588,72.65694,333.99,282.73,0.5,0.6,2025-10-02,2069,n,24.09,N
27.31767,77.70981,340.75,289.02,0.5,0.6,2025-10-03,804,h,33.57,D
27.31351,77.70555,354.0,287.6,0.5,0.6,2025-10-03,2070,n,50.17,N
29.37689,76.87894,361.84,289.06,0.5,0.6,2025-10-03,803,h,57.97,D
22.39581,70.04619,367.0,285.71,0.5,0.6,2025-10-03,2120,n,66.69,N
22.39838,70.04253,350.36,290.78,0.5,0.6,2025-10-03,782,h,50.74,D
22.3281,69.72142,349.32,288.46,0.5,0.6,2025-10-03,807,h,43.85,D
22.32753,69.72235,352.65,282.73,0.5,0.6,2025-10-03,2078,h,48.46,N
25.42334,85.97388,341.67,291.9,0.5,0.6,2025-10-03,815,h,34.59,D
28.60349,77.54688,343.63,288.2,0.5,0.6,2025-10-03,2022,n,36.9,N
22.82762,69.53034,349.42,290.19,0.5,0.6,2025-10-03,802,h,36.19,D
22.82696,69.53102,341.05,284.96,0.5,0.6,2025-10-03,2017,h,35.18,N
24.1027,82.67231,336.07,288.91,0.5,0.6,2025-10-03,791,h,34.93,D
24.10723,82.66587,337.48,283.26,0.5,0.6,2025-10-03,2063,h,25.88,N
22.79563,86.19614,341.14,288.81,0.5,0.6,2025-10-03,2069,n,31.8,N
22.79477,86.196,333.04,292.44,0.5,0.6,2025-10-03,761,h,23.02,D
21.15802,72.66066,347.26,289.66,0.5,0.6,2025-10-03,777,h,37.17,D
21.15399,72.66121,336.73,291.93,0.5,0.6,2025-10-03,773,h,26.76,D
27.31488,77.70505,349.34,281.07,0.5,0.6,2025-10-04,798,h,48.22,D
29.37828,76.87952,354.71,285.89,0.5,0.6,2025-10-04,2111,n,47.65,N
22.32747,69.72176,353.32,284.11,0.5,0.6,2025-10-04,2037,n,55.37,N
22.3295,69.72143,356.09,291.98,0.5,0.6,2025-10-04,2110,n,47.28,N
25.42671,85.97418,342.42,283.56,0.5,0.6,2025-10-04,2065,h,36.5,N
25.42561,85.97744,341.66,284.88,0.5,0.6,2025-10-04,2028,h,31.85,N
28.59879,77.54493,331.41,289.28,0.5,0.6,2025-10-04,817,n,22.96,D
28.60264,77.54531,334.79,287.01,0.5,0.6,2025-10-04,787,n,20.74,D
22.8319,69.53215,339.9,291.23,0.5,0.6,2025-10-04,2052,h,30.52,N
22.82795,69.52863,329.72,281.78,0.5,0.6,2025-10-04,2119,h,24.36,N
24.10621,82.66808,339.96,287.15,0.5,0.6,2025-10-04,791,h,32.72,D
22.79172,86.19401,361.62,292.3,0.5,0.6,2025-10-04,742,h,57.43,D
21.15644,72.65886,336.39,291.26,0.5,0.6,2025-10-04,2010,h,24.25,N
21.15738,72.65987,329.18,282.03,0.5,0.6,2025-10-04,758,h,18.98,D
27.31099,77.69807,353.69,289.3,0.5,0.6,2025-10-05,2078,h,39.28,N
29.3782,76.87783,359.9,290.0,0.5,0.6,2025-10-05,2050,h,54.84,N
29.38126,76.87606,347.84,287.43,0.5,0.6,2025-10-05,2109,n,36.04,N
22.39652,70.04513,345.06,286.65,0.5,0.6,2025-10-05,2082,h,41.11,N
22.3303,69.71721,339.51,285.52,0.5,0.6,2025-10-05,785,h,36.97,D
25.42441,85.97198,359.95,289.16,0.5,0.6,2025-10-05,2069,h,53.7,N
25.42383,85.97339,341.72,284.27,0.5,0.6,2025-10-05,2099,h,37.27,N
28.60067,77.5461,337.52,290.22,0.5,0.6,2025-10-05,2051,h,24.77,N
22.8251,69.52786,337.93,288.57,0.5,0.6,2025-10-05,760,h,32.03,D
24.10473,82.66518,332.09,284.78,0.5,0.6,2025-10-05,2098,h,22.47,N
24.10165,82.66833,345.29,284.33,0.5,0.6,2025-10-05,2106,h,31.82,N
22.7907,86.19144,335.03,290.44,0.5,0.6,2025-10-05,2042,h,26.99,N
22.79284,86.19655,333.61,289.62,0.5,0.6,2025-10-05,827,n,25.64,D
21.15593,72.65847,333.15,285.58,0.5,0.6,2025-10-05,734,h,21.02,D
21.15848,72.65677,348.17,288.1,0.5,0.6,2025-10-05,756,n,43.12,D
27.31318,77.70673,335.52,292.83,0.5,0.6,2025-10-06,820,h,34.69,D
27.31338,77.70343,345.99,289.74,0.5,0.6,2025-10-06,2038,h,42.91,N
29.37834,76.87733,351.59,282.81,0.5,0.6,2025-10-06,2129,h,43.43,N
29.3817,76.87765,366.31,289.76,0.5,0.6,2025-10-06,2039,h,68.28,N
22.39535,70.03862,348.14,286.97,0.5,0.6,2025-10-06,768,h,44.8,D
25.41887,85.97557,351.4,284.05,0.5,0.6,2025-10-06,2023,h,48.17,N
28.60084,77.54678,340.47,289.88,0.5,0.6,2025-10-06,788,h,28.77,D
24.10304,82.67158,348.53,286.73,0.5,0.6,2025-10-06,823,n,43.63,D
24.0995,82.66835,327.78,285.11,0.5,0.6,2025-10-06,2056,h,24.67,N
22.79194,86.19389,343.27,285.27,0.5,0.6,2025-10-06,2006,h,39.0,N
21.1594,72.65593,338.3,284.35,0.5,0.6,2025-10-06,2000,h,29.91,N
27.31381,77.70626,330.87,285.23,0.5,0.6,2025-10-07,2109,h,25.44,N
22.3969,70.04212,355.73,288.83,0.5,0.6,2025-10-07,2059,n,51.62,N
22.32351,69.724,360.38,282.42,0.5,0.6,2025-10-07,2014,h,60.56,N
25.42326,85.97221,350.21,284.95,0.5,0.6,2025-10-07,746,h,45.13,D
28.60171,77.54728,345.56,289.91,0.5,0.6,2025-10-07,2105,n,33.51,N
28.60068,77.54243,337.84,284.16,0.5,0.6,2025-10-07,760,h,30.63,D
24.10402,82.67041,334.45,288.18,0.5,0.6,2025-10-07,756,n,22.82,D
24.1076,82.67179,339.82,288.13,0.5,0.6,2025-10-07,730,h,30.09,D
22.7915,86.19502,336.11,287.63,0.5,0.6,2025-10-07,735,n,33.08,D
22.79605,86.19408,331.18,289.03,0.5,0.6,2025-10-07,783,h,24.29,D
21.15551,72.65736,339.73,286.27,0.5,0.6,2025-10-07,772,n,31.67,D
21.15862,72.6572,341.33,284.58,0.5,0.6,2025-10-07,2053,n,31.89,N
27.31168,77.69977,337.69,288.09,0.5,0.6,2025-10-08,821,h,28.25,D
27.30865,77.70479,364.81,286.86,0.5,0.6,2025-10-08,816,n,66.49,D
29.38167,76.87733,367.0,293.26,0.5,0.6,2025-10-08,792,h,72.45,D
29.38436,76.8797,348.07,286.91,0.5,0.6,2025-10-08,2051,n,37.71,N
22.39603,70.04267,349.22,290.0,0.5,0.6,2025-10-08,2051,n,50.04,N
22.32661,69.72366,339.52,286.25,0.5,0.6,2025-10-08,2114,n,32.17,N
22.32598,69.72345,345.9,282.12,0.5,0.6,2025-10-08,2017,h,45.71,N
25.42445,85.9759,338.75,284.72,0.5,0.6,2025-10-08,2122,h,34.09,N
28.59659,77.54433,334.65,288.12,0.5,0.6,2025-10-08,2013,h,26.1,N
22.82896,69.52493,341.76,287.56,0.5,0.6,2025-10-08,2078,n,33.07,N
22.82755,69.52545,336.19,285.74,0.5,0.6,2025-10-08,2122,h,30.53,N
24.10632,82.67287,346.49,282.36,0.5,0.6,2025-10-08,2092,h,34.25,N
24.10424,82.66886,343.67,287.49,0.5,0.6,2025-10-08,812,n,28.78,D
22.7949,86.19633,352.16,289.77,0.5,0.6,2025-10-08,2021,n,45.29,N
21.15842,72.65977,345.73,288.87,0.5,0.6,2025-10-08,796,h,33.92,D
27.3067,77.70055,356.74,284.51,0.5,0.6,2025-10-09,2121,h,50.38,N
29.378,76.87882,367.0,284.99,0.5,0.6,2025-10-09,805,h,67.42,D
22.39452,70.04385,350.46,287.68,0.5,0.6,2025-10-09,2019,h,45.39,N
22.33021,69.72118,341.59,289.39,0.5,0.6,2025-10-09,2072,h,31.58,N
22.32875,69.72326,341.33,287.09,0.5,0.6,2025-10-09,747,h,31.68,D
28.59978,77.54671,344.44,288.39,0.5,0.6,2025-10-09,2096,h,36.34,N
28.59854,77.54517,343.13,289.02,0.5,0.6,2025-10-09,743,h,35.15,D
22.82553,69.53088,331.21,284.86,0.5,0.6,2025-10-09,747,h,26.47,D
22.82733,69.52924,342.08,289.23,0.5,0.6,2025-10-09,742,h,32.66,D
22.79399,86.19609,347.9,286.5,0.5,0.6,2025-10-09,2033,h,40.37,N
22.794,86.19597,338.29,290.03,0.5,0.6,2025-10-09,2111,h,26.1,N
21.15648,72.65628,337.61,285.13,0.5,0.6,2025-10-09,732,h,26.23,D
21.15822,72.66289,336.42,288.45,0.5,0.6,2025-10-09,2096,h,21.26,N
27.31691,77.70309,360.85,287.82,0.5,0.6,2025-10-10,2053,h,59.72,N
29.37761,76.87577,344.22,285.26,0.5,0.6,2025-10-10,2017,h,42.49,N
22.39887,70.04249,350.96,288.19,0.5,0.6,2025-10-10,823,h,43.33,D
22.3932,70.03891,356.56,286.21,0.5,0.6,2025-10-10,759,h,52.98,D
28.60316,77.54699,349.34,291.39,0.5,0.6,2025-10-10,2027,h,38.27,N
28.59781,77.5474,329.72,291.91,0.5,0.6,2025-10-10,2006,h,21.38,N
22.82752,69.5282,342.88,286.92,0.5,0.6,2025-10-10,779,n,30.6,D
24.1025,82.66953,337.11,293.31,0.5,0.6,2025-10-10,2000,n,28.65,N
21.15663,72.66076,341.9,288.19,0.5,0.6,2025-10-10,783,h,28.79,D
21.15801,72.66144,322.43,286.37,0.5,0.6,2025-10-10,826,n,16.8,D
27.31604,77.70606,355.58,288.82,0.5,0.6,2025-10-11,747,h,47.12,D
29.38095,76.8731,336.7,286.91,0.5,0.6,2025-10-11,2032,h,31.57,N
22.40091,70.0456,346.39,284.55,0.5,0.6,2025-10-11,2080,h,40.6,N
22.39583,70.0388,345.2,289.1,0.5,0.6,2025-10-11,756,h,37.19,D
22.32927,69.72198,339.57,289.1,0.5,0.6,2025-10-11,2087,h,31.9,N
22.33106,69.72402,351.01,293.8,0.5,0.6,2025-10-11,776,h,42.2,D
25.42188,85.97135,348.14,287.69,0.5,0.6,2025-10-11,748,h,39.85,D
28.60456,77.5466,343.49,287.44,0.5,0.6,2025-10-11,799,n,37.45,D
22.8235,69.52561,348.29,291.87,0.5,0.6,2025-10-11,744,n,41.78,D
24.10546,82.66885,344.3,286.35,0.5,0.6,2025-10-11,762,h,34.5,D
24.09943,82.67017,338.67,288.08,0.5,0.6,2025-10-11,2064,n,32.56,N
22.792,86.19737,339.15,288.2,0.5,0.6,2025-10-11,816,h,26.27,D
22.79366,86.19088,350.12,285.61,0.5,0.6,2025-10-11,765,h,38.21,D
21.15792,72.66148,339.27,288.29,0.5,0.6,2025-10-11,2101,h,26.59,N
21.15777,72.65633,345.27,289.78,0.5,0.6,2025-10-11,2073,h,35.4,N
27.31275,77.70405,350.85,289.09,0.5,0.6,2025-10-12,2120,h,38.73,N
29.37959,76.87812,349.35,287.93,0.5,0.6,2025-10-12,2064,h,47.91,N
22.39521,70.03774,355.93,283.27,0.5,0.6,2025-10-12,746,n,47.99,D
22.39407,70.04211,338.22,290.26,0.5,0.6,2025-10-12,793,h,26.72,D
22.32244,69.7213,344.22,285.97,0.5,0.6,2025-10-12,2091,h,33.5,N
22.32759,69.72275,343.41,285.72,0.5,0.6,2025-10-12,760,h,31.04,D
25.42593,85.97459,338.83,290.23,0.5,0.6,2025-10-12,2005,n,30.25,N
22.83172,69.52894,351.42,287.36,0.5,0.6,2025-10-12,2105,h,35.36,N
24.10194,82.67462,338.85,290.75,0.5,0.6,2025-10-12,783,n,32.55,D
21.15944,72.66183,340.84,286.48,0.5,0.6,2025-10-12,741,h,33.71,D
21.15724,72.65983,333.15,286.86,0.5,0.6,2025-10-12,2025,n,19.45,N
27.31592,77.70097,360.51,283.18,0.5,0.6,2025-10-13,2119,h,55.36,N
27.31435,77.70458,367.0,279.4,0.5,0.6,2025-10-13,2103,h,65.04,N
29.3805,76.87583,351.41,285.98,0.5,0.6,2025-10-13,769,n,48.95,D
22.39972,70.04321,351.12,283.77,0.5,0.6,2025-10-13,2026,n,42.99,N
22.39559,70.04102,348.22,288.77,0.5,0.6,2025-10-13,796,n,38.92,D
22.33246,69.71886,367.0,285.44,0.5,0.6,2025-10-13,2052,h,61.68,N
22.32806,69.72157,350.34,292.2,0.5,0.6,2025-10-13,773,h,42.7,D
25.42531,85.97549,345.86,285.4,0.5,0.6,2025-10-13,2029,h,42.05,N
25.42383,85.97312,328.45,291.36,0.5,0.6,2025-10-13,2126,h,21.49,N
28.59971,77.54658,362.48,287.08,0.5,0.6,2025-10-13,2093,h,53.66,N
22.82721,69.53093,345.22,288.27,0.5,0.6,2025-10-13,2056,h,29.16,N
22.79492,86.19598,335.38,283.92,0.5,0.6,2025-10-13,2077,n,30.3,N
22.79625,86.19397,328.07,287.51,0.5,0.6,2025-10-13,2096,h,17.05,N
21.1589,72.65913,340.69,290.33,0.5,0.6,2025-10-13,2025,h,30.87,N
27.31436,77.70277,348.93,284.78,0.5,0.6,2025-10-14,2019,h,44.75,N
27.31465,77.7017,354.47,286.3,0.5,0.6,2025-10-14,2044,n,53.77,N
29.379,76.87379,356.61,288.4,0.5,0.6,2025-10-14,2001,h,44.52,N
22.39264,70.04242,349.04,287.05,0.5,0.6,2025-10-14,792,h,37.64,D
22.32762,69.72115,365.74,287.49,0.5,0.6,2025-10-14,2060,h,58.93,N
22.32862,69.72396,347.93,285.12,0.5,0.6,2025-10-14,779,h,33.63,D
24.10379,82.67273,332.28,285.59,0.5,0.6,2025-10-14,2052,n,28.28,N
22.79284,86.19327,330.13,285.81,0.5,0.6,2025-10-14,2007,h,21.27,N
22.79371,86.19322,337.4,284.56,0.5,0.6,2025-10-14,2124,h,31.07,N
21.15946,72.65483,338.49,289.02,0.5,0.6,2025-10-14,2095,n,30.19,N
27.31606,77.69957,357.82,287.54,0.5,0.6,2025-10-15,806,h,49.06,D
27.31076,77.69931,357.61,286.63,0.5,0.6,2025-10-15,2011,h,56.96,N
29.37876,76.87891,354.72,292.73,0.5,0.6,2025-10-15,799,h,48.76,D
29.38027,76.88053,339.29,292.07,0.5,0.6,2025-10-15,2024,h,31.54,N
22.39658,70.0415,350.85,285.97,0.5,0.6,2025-10-15,2120,h,44.52,N
22.39665,70.04048,356.73,290.29,0.5,0.6,2025-10-15,2029,h,51.99,N
22.33118,69.72275,358.47,285.51,0.5,0.6,2025-10-15,814,n,58.92,D
25.42047,85.97595,350.46,283.59,0.5,0.6,2025-10-15,823,h,45.09,D
28.59702,77.54611,341.8,287.46,0.5,0.6,2025-10-15,741,h,29.12,D
22.82723,69.52753,332.39,282.72,0.5,0.6,2025-10-15,803,h,20.28,D
22.83277,69.5258,343.79,291.57,0.5,0.6,2025-10-15,2077,h,29.24,N
24.1026,82.66982,331.5,289.35,0.5,0.6,2025-10-15,750,h,20.12,D
22.79255,86.19344,328.42,286.39,0.5,0.6,2025-10-15,2061,h,20.62,N
27.31372,77.70575,341.78,283.85,0.5,0.6,2025-10-16,803,n,39.37,D
29.37707,76.88275,338.93,284.62,0.5,0.6,2025-10-16,740,h,29.14,D
29.37847,76.88181,347.92,291.07,0.5,0.6,2025-10-16,793,h,40.18,D
22.39577,70.03997,350.41,286.41,0.5,0.6,2025-10-16,2075,n,46.45,N
22.39809,70.0392,351.27,291.38,0.5,0.6,2025-10-16,2068,h,38.13,N
22.32808,69.72182,350.08,283.67,0.5,0.6,2025-10-16,2091,h,44.65,N
22.32762,69.72036,350.85,292.43,0.5,0.6,2025-10-16,764,h,46.27,D
25.42285,85.97463,349.51,285.68,0.5,0.6,2025-10-16,815,h,39.79,D
25.42287,85.9762,362.26,294.8,0.5,0.6,2025-10-16,822,h,52.66,D
28.59874,77.54389,333.02,284.35,0.5,0.6,2025-10-16,2042,h,23.06,N
22.82738,69.5271,335.55,293.12,0.5,0.6,2025-10-16,802,h,30.55,D
24.10176,82.67292,344.67,280.69,0.5,0.6,2025-10-16,763,h,36.73,D
24.10622,82.66682,343.93,283.02,0.5,0.6,2025-10-16,2064,h,32.35,N
22.79335,86.19335,336.44,286.67,0.5,0.6,2025-10-16,803,h,28.91,D
22.79339,86.19318,333.8,289.43,0.5,0.6,2025-10-16,745,h,30.7,D
27.31455,77.70399,351.18,289.99,0.5,0.6,2025-10-17,740,h,46.96,D
27.30978,77.70554,365.79,285.36,0.5,0.6,2025-10-17,2068,h,61.07,N
25.42177,85.97483,356.87,288.66,0.5,0.6,2025-10-17,2034,h,52.0,N
25.4222,85.97283,353.74,283.51,0.5,0.6,2025-10-17,2007,h,45.12,N
28.59923,77.54732,336.14,287.1,0.5,0.6,2025-10-17,2001,h,25.55,N
22.83009,69.52879,333.89,284.75,0.5,0.6,2025-10-17,2058,h,21.16,N
24.10358,82.67136,337.58,290.62,0.5,0.6,2025-10-17,744,h,27.34,D
24.10187,82.66634,349.23,292.28,0.5,0.6,2025-10-17,2094,n,36.0,N
22.7942,86.18998,337.46,288.6,0.5,0.6,2025-10-17,801,h,32.07,D
21.15573,72.65369,335.71,283.35,0.5,0.6,2025-10-17,2061,n,28.07,N
21.15585,72.65689,348.18,287.61,0.5,0.6,2025-10-17,781,n,39.21,D
27.31306,77.70487,346.15,289.66,0.5,0.6,2025-10-18,736,h,37.02,D
27.31277,77.70605,343.86,284.72,0.5,0.6,2025-10-18,791,h,41.57,D
29.37562,76.87683,345.52,290.2,0.5,0.6,2025-10-18,2066,h,34.9,N
29.37627,76.88059,345.5,287.9,0.5,0.6,2025-10-18,808,h,32.11,D
22.32554,69.71764,342.33,285.74,0.5,0.6,2025-10-18,2040,h,40.93,N
25.42449,85.97045,346.22,284.93,0.5,0.6,2025-10-18,2104,h,38.21,N
28.60033,77.54472,336.72,285.8,0.5,0.6,2025-10-18,2070,n,28.04,N
28.59914,77.54759,336.71,288.31,0.5,0.6,2025-10-18,758,h,28.28,D
22.82843,69.53115,342.63,286.32,0.5,0.6,2025-10-18,2014,h,33.9,N
22.82643,69.52742,337.92,285.58,0.5,0.6,2025-10-18,2012,h,31.53,N
24.10593,82.67018,342.38,287.73,0.5,0.6,2025-10-18,828,n,33.09,D
24.10267,82.67087,336.35,291.37,0.5,0.6,2025-10-18,2127,h,31.95,N
22.79147,86.19755,343.27,292.77,0.5,0.6,2025-10-18,2042,h,35.37,N
22.79268,86.19516,342.08,285.63,0.5,0.6,2025-10-18,2114,h,33.8,N
21.15913,72.6528,338.83,291.92,0.5,0.6,2025-10-18,2091,n,31.58,N
21.15823,72.65947,339.37,285.02,0.5,0.6,2025-10-18,2039,h,26.72,N
27.31247,77.70124,345.06,289.49,0.5,0.6,2025-10-19,801,h,35.1,D
29.38032,76.88371,356.2,286.52,0.5,0.6,2025-10-19,779,h,49.32,D
29.37581,76.87511,367.0,289.14,0.5,0.6,2025-10-19,808,h,69.22,D
22.39706,70.04161,343.83,282.07,0.5,0.6,2025-10-19,2107,h,41.31,N
22.32793,69.72211,333.25,289.22,0.5,0.6,2025-10-19,2029,h,26.25,N
22.82706,69.52674,342.56,289.89,0.5,0.6,2025-10-19,746,h,33.72,D
24.10574,82.66839,334.9,288.77,0.5,0.6,2025-10-19,2035,n,19.09,N
22.79298,86.1968,331.08,288.63,0.5,0.6,2025-10-19,2110,h,23.09,N
22.7944,86.19498,337.68,288.32,0.5,0.6,2025-10-19,734,h,28.12,D
21.15638,72.65814,339.41,294.62,0.5,0.6,2025-10-19,780,h,29.79,D
21.16014,72.6582,356.92,288.97,0.5,0.6,2025-10-19,746,h,53.82,D
27.31464,77.70652,349.16,296.11,0.5,0.6,2025-10-20,768,n,43.94,D
29.37987,76.87727,351.97,290.19,0.5,0.6,2025-10-20,2051,h,46.46,N
29.3792,76.87867,346.44,285.77,0.5,0.6,2025-10-20,2121,n,36.76,N
22.32927,69.72321,367.0,282.87,0.5,0.6,2025-10-20,817,h,61.46,D
25.4234,85.97157,354.3,289.44,0.5,0.6,2025-10-20,2058,n,48.93,N
25.42325,85.97824,347.59,284.99,0.5,0.6,2025-10-20,770,n,47.72,D
28.60402,77.5471,340.98,285.0,0.5,0.6,2025-10-20,2086,n,35.97,N
28.59964,77.54603,335.3,286.38,0.5,0.6,2025-10-20,768,h,28.43,D
22.82741,69.52709,343.61,286.7,0.5,0.6,2025-10-20,826,h,33.47,D
24.10227,82.67003,338.77,286.05,0.5,0.6,2025-10-20,739,h,30.08,D
22.79241,86.1918,340.9,289.74,0.5,0.6,2025-10-20,805,h,31.81,D
21.15543,72.66117,330.92,287.88,0.5,0.6,2025-10-20,748,n,23.82,D
27.31239,77.70121,362.04,286.14,0.5,0.6,2025-10-21,827,n,56.96,D
29.37593,76.87783,350.48,291.1,0.5,0.6,2025-10-21,2094,h,53.27,N
29.37849,76.88017,349.18,285.65,0.5,0.6,2025-10-21,2000,h,51.65,N
22.39722,70.04157,336.32,289.25,0.5,0.6,2025-10-21,2003,n,28.36,N
22.32187,69.71944,367.0,282.05,0.5,0.6,2025-10-21,745,h,72.11,D
25.42492,85.97473,364.69,290.91,0.5,0.6,2025-10-21,2042,n,53.57,N
28.59915,77.54833,352.98,285.75,0.5,0.6,2025-10-21,2039,n,37.83,N
24.10313,82.67074,342.02,288.04,0.5,0.6,2025-10-21,770,h,26.52,D
22.79674,86.19411,343.27,287.14,0.5,0.6,2025-10-21,2007,h,33.96,N
21.16052,72.66028,331.92,289.55,0.5,0.6,2025-10-21,751,n,30.09,D
27.3122,77.70089,353.32,286.53,0.5,0.6,2025-10-22,747,n,48.03,D
27.3161,77.70569,366.54,281.84,0.5,0.6,2025-10-22,2128,h,65.14,N
22.399,70.0435,359.23,287.89,0.5,0.6,2025-10-22,748,h,52.96,D
22.32865,69.72442,367.0,285.01,0.5,0.6,2025-10-22,2072,h,66.65,N
22.33306,69.72496,361.46,285.35,0.5,0.6,2025-10-22,806,n,59.53,D
25.42719,85.97329,336.08,285.9,0.5,0.6,2025-10-22,756,h,24.46,D
28.59693,77.54497,341.63,283.17,0.5,0.6,2025-10-22,771,h,35.6,D
28.59608,77.54741,331.78,285.34,0.5,0.6,2025-10-22,773,n,19.81,D
22.82918,69.52711,346.51,285.91,0.5,0.6,2025-10-22,788,h,38.33,D
22.82627,69.52471,339.75,280.88,0.5,0.6,2025-10-22,763,h,32.26,D
24.10112,82.67222,346.46,286.1,0.5,0.6,2025-10-22,2108,h,42.11,N
22.7971,86.19313,343.01,294.32,0.5,0.6,2025-10-22,768,n,30.77,D
22.79096,86.19606,333.91,287.27,0.5,0.6,2025-10-22,780,n,23.26,D
21.15855,72.65999,338.44,289.71,0.5,0.6,2025-10-22,825,n,29.04,D
21.15964,72.66321,335.47,290.31,0.5,0.6,2025-10-22,801,n,27.31,D
22.39618,70.04399,340.42,282.25,0.5,0.6,2025-10-23,2041,n,38.69,N
22.32659,69.72045,351.21,289.99,0.5,0.6,2025-10-23,759,n,40.31,D
22.32866,69.72317,343.8,281.91,0.5,0.6,2025-10-23,821,h,35.86,D
25.42224,85.97443,350.38,287.66,0.5,0.6,2025-10-23,825,h,44.6,D
28.60046,77.546,342.32,290.3,0.5,0.6,2025-10-23,2032,h,36.78,N
28.60442,77.54576,327.23,291.7,0.5,0.6,2025-10-23,2030,h,17.34,N
22.83044,69.52984,351.19,290.72,0.5,0.6,2025-10-23,2061,n,43.89,N
24.10561,82.67025,335.76,292.31,0.5,0.6,2025-10-23,745,h,25.91,D
21.15909,72.65757,335.98,290.05,0.5,0.6,2025-10-23,2078,h,19.13,N
21.15692,72.6603,343.22,288.44,0.5,0.6,2025-10-23,774,n,34.35,D
27.31076,77.70523,358.59,289.22,0.5,0.6,2025-10-24,821,h,52.69,D
27.31391,77.70303,354.36,282.8,0.5,0.6,2025-10-24,735,h,41.62,D
29.37383,76.87878,341.44,290.52,0.5,0.6,2025-10-24,785,h,40.92,D
22.39866,70.04536,359.97,288.6,0.5,0.6,2025-10-24,764,h,59.74,D
22.40055,70.04328,367.0,287.78,0.5,0.6,2025-10-24,764,h,65.04,D
22.33074,69.72002,360.6,289.02,0.5,0.6,2025-10-24,750,h,57.32,D
22.32817,69.72482,355.77,285.5,0.5,0.6,2025-10-24,747,h,48.62,D
25.42235,85.97648,347.94,291.11,0.5,0.6,2025-10-24,2040,h,48.35,N
28.60236,77.54421,333.14,290.48,0.5,0.6,2025-10-24,768,h,23.41,D
28.59879,77.54522,328.05,287.98,0.5,0.6,2025-10-24,2060,h,18.86,N
22.82663,69.53107,338.65,287.53,0.5,0.6,2025-10-24,764,n,31.63,D
24.10418,82.66803,338.68,291.42,0.5,0.6,2025-10-24,755,n,29.59,D
22.79357,86.19533,337.5,287.74,0.5,0.6,2025-10-24,733,h,25.92,D
22.79689,86.19369,349.63,288.87,0.5,0.6,2025-10-24,737,n,45.21,D
21.16057,72.65635,337.12,288.8,0.5,0.6,2025-10-24,781,h,29.85,D
27.3126,77.70331,338.92,288.36,0.5,0.6,2025-10-25,2067,n,31.48,N
27.31269,77.70538,365.15,289.46,0.5,0.6,2025-10-25,2116,h,64.44,N
29.37445,76.87891,363.33,290.99,0.5,0.6,2025-10-25,787,n,61.24,D
22.39552,70.04457,333.49,284.9,0.5,0.6,2025-10-25,779,h,27.92,D
22.3988,70.04391,356.18,289.18,0.5,0.6,2025-10-25,791,h,50.93,D
22.33037,69.72242,350.65,279.42,0.5,0.6,2025-10-25,2038,h,43.06,N
25.42385,85.97172,349.95,288.34,0.5,0.6,2025-10-25,2061,n,43.44,N
25.42435,85.97658,338.87,286.24,0.5,0.6,2025-10-25,741,h,29.17,D
28.59747,77.54366,337.51,286.61,0.5,0.6,2025-10-25,813,h,21.67,D
28.59811,77.54553,363.55,285.44,0.5,0.6,2025-10-25,790,n,55.47,D
22.83032,69.53009,335.84,290.25,0.5,0.6,2025-10-25,2057,h,26.68,N
24.10616,82.6676,344.15,290.25,0.5,0.6,2025-10-25,2114,h,35.19,N
22.79578,86.19292,329.71,293.26,0.5,0.6,2025-10-25,2071,h,25.22,N
22.79515,86.19351,336.75,295.9,0.5,0.6,2025-10-25,2060,h,28.8,N
21.16101,72.65668,345.4,289.15,0.5,0.6,2025-10-25,773,h,34.0,D
21.15789,72.65685,340.89,287.67,0.5,0.6,2025-10-25,776,h,26.81,D
27.31285,77.70512,350.48,286.07,0.5,0.6,2025-10-26,2108,h,42.19,N
27.31204,77.70229,357.17,282.25,0.5,0.6,2025-10-26,2016,n,46.24,N
29.37727,76.87716,346.52,286.39,0.5,0.6,2025-10-26,2028,h,39.38,N
29.37951,76.87969,340.39,290.03,0.5,0.6,2025-10-26,2091,n,30.61,N
22.32467,69.72699,346.58,290.91,0.5,0.6,2025-10-26,786,h,35.8,D
28.60239,77.54615,341.3,289.74,0.5,0.6,2025-10-26,769,h,28.77,D
22.82676,69.52957,345.17,292.29,0.5,0.6,2025-10-26,817,h,38.29,D
22.83115,69.52788,338.75,285.33,0.5,0.6,2025-10-26,733,h,30.96,D
24.10183,82.66749,346.85,288.19,0.5,0.6,2025-10-26,766,h,34.08,D
22.79021,86.19423,324.73,286.39,0.5,0.6,2025-10-26,2011,h,17.12,N
22.79461,86.19579,347.39,287.99,0.5,0.6,2025-10-26,2012,n,36.21,N
27.31236,77.70484,348.17,286.01,0.5,0.6,2025-10-27,2096,h,43.95,N
27.31227,77.70562,342.07,291.06,0.5,0.6,2025-10-27,2076,h,39.12,N
29.37804,76.8756,354.79,293.66,0.5,0.6,2025-10-27,823,h,51.55,D
22.39915,70.04566,345.64,285.83,0.5,0.6,2025-10-27,2012,h,34.87,N
22.39471,70.04065,362.47,288.83,0.5,0.6,2025-10-27,2107,n,56.33,N
25.42611,85.97249,327.85,292.26,0.5,0.6,2025-10-27,795,n,22.69,D
25.42653,85.97405,348.06,288.68,0.5,0.6,2025-10-27,788,h,41.82,D
28.59766,77.54751,329.75,281.62,0.5,0.6,2025-10-27,824,h,27.87,D
28.60023,77.54637,350.28,287.92,0.5,0.6,2025-10-27,767,h,48.86,D
22.83082,69.52664,354.78,291.08,0.5,0.6,2025-10-27,819,h,49.85,D
24.10464,82.66843,336.43,294.9,0.5,0.6,2025-10-27,778,h,29.08,D
22.79136,86.19311,345.06,288.67,0.5,0.6,2025-10-27,810,n,31.62,D
27.31303,77.70247,348.6,290.46,0.5,0.6,2025-10-28,2069,h,33.25,N
29.3749,76.87747,341.15,291.18,0.5,0.6,2025-10-28,2031,n,40.09,N
29.37729,76.87716,355.05,286.3,0.5,0.6,2025-10-28,2028,h,46.35,N
22.32391,69.71955,367.0,285.71,0.5,0.6,2025-10-28,2119,h,65.49,N
25.42128,85.97232,353.24,289.72,0.5,0.6,2025-10-28,2123,h,48.18,N
25.42618,85.97497,351.99,285.5,0.5,0.6,2025-10-28,730,h,46.59,D
28.59902,77.5464,338.32,289.57,0.5,0.6,2025-10-28,2102,n,27.33,N
22.82619,69.52785,333.03,286.67,0.5,0.6,2025-10-28,783,n,26.8,D
24.1044,82.67494,339.17,288.01,0.5,0.6,2025-10-28,2077,h,31.31,N
22.79572,86.19442,333.52,291.8,0.5,0.6,2025-10-28,2043,h,20.26,N
21.1601,72.65707,333.88,286.43,0.5,0.6,2025-10-28,776,h,22.74,D
29.37994,76.88048,348.3,285.65,0.5,0.6,2025-10-29,2104,h,38.11,N
22.40003,70.04318,341.36,290.34,0.5,0.6,2025-10-29,2090,h,34.91,N
22.39752,70.04226,338.61,288.71,0.5,0.6,2025-10-29,2000,h,32.57,N
22.3295,69.72067,347.17,284.25,0.5,0.6,2025-10-29,744,h,43.31,D
25.42449,85.97511,351.86,285.82,0.5,0.6,2025-10-29,739,h,44.52,D
25.42266,85.9741,344.22,284.63,0.5,0.6,2025-10-29,2022,h,38.5,N
28.59962,77.55206,338.44,286.81,0.5,0.6,2025-10-29,2070,h,28.34,N
28.60355,77.54648,337.95,289.26,0.5,0.6,2025-10-29,811,h,32.1,D
22.82747,69.52509,335.0,289.64,0.5,0.6,2025-10-29,2014,h,25.19,N
24.10225,82.66876,330.51,291.19,0.5,0.6,2025-10-29,2116,h,23.85,N
24.10408,82.67155,333.04,288.53,0.5,0.6,2025-10-29,2087,h,19.31,N
22.79258,86.19513,339.42,285.06,0.5,0.6,2025-10-29,2001,h,35.65,N
21.15636,72.65817,332.52,291.18,0.5,0.6,2025-10-29,747,h,22.33,D
27.31285,77.70633,351.66,289.29,0.5,0.6,2025-10-30,777,h,41.68,D
27.31604,77.7029,351.19,290.11,0.5,0.6,2025-10-30,2004,h,45.47,N
29.38042,76.88247,365.53,288.26,0.5,0.6,2025-10-30,2093,h,57.81,N
29.37851,76.87682,343.45,289.85,0.5,0.6,2025-10-30,2026,h,35.8,N
22.39774,70.04103,359.56,290.22,0.5,0.6,2025-10-30,2025,n,51.58,N
22.32852,69.72252,356.65,285.47,0.5,0.6,2025-10-30,750,h,50.8,D
22.3303,69.72191,343.23,286.89,0.5,0.6,2025-10-30,2110,n,31.67,N
25.42333,85.97421,343.39,292.84,0.5,0.6,2025-10-30,765,n,34.25,D
28.59937,77.54436,345.47,287.47,0.5,0.6,2025-10-30,2065,n,39.31,N
28.59774,77.54792,326.86,286.8,0.5,0.6,2025-10-30,2073,h,17.7,N
22.82652,69.53002,335.31,286.78,0.5,0.6,2025-10-30,762,n,21.36,D
22.82701,69.52911,337.61,289.33,0.5,0.6,2025-10-30,794,h,25.93,D
24.10812,82.67188,354.9,289.55,0.5,0.6,2025-10-30,821,n,38.29,D
24.10198,82.66911,338.09,287.48,0.5,0.6,2025-10-30,2051,h,26.43,N
22.79266,86.19627,339.3,287.06,0.5,0.6,2025-10-30,815,h,36.4,D
22.79457,86.19517,337.37,287.22,0.5,0.6,2025-10-30,2008,h,30.48,N
21.15811,72.65744,339.03,284.76,0.5,0.6,2025-10-30,795,h,28.2,D
21.15953,72.66138,339.78,287.3,0.5,0.6,2025-10-30,2044,h,36.48,N
27.31413,77.70484,356.84,286.96,0.5,0.6,2025-10-31,774,n,55.32,D
29.37596,76.87833,343.72,288.65,0.5,0.6,2025-10-31,2006,h,44.37,N
22.39543,70.04261,351.37,283.39,0.5,0.6,2025-10-31,811,n,46.42,D
22.32925,69.72144,342.45,288.68,0.5,0.6,2025-10-31,755,h,35.35,D
22.32785,69.72285,349.29,283.35,0.5,0.6,2025-10-31,2058,h,44.74,N
28.60117,77.5472,333.37,282.43,0.5,0.6,2025-10-31,774,h,23.93,D
28.60165,77.54457,341.67,284.26,0.5,0.6,2025-10-31,749,h,39.02,D
22.82899,69.52792,322.8,288.39,0.5,0.6,2025-10-31,753,h,17.33,D
22.82823,69.52989,343.52,288.02,0.5,0.6,2025-10-31,801,h,31.04,D
24.10475,82.67076,348.0,290.38,0.5,0.6,2025-10-31,779,h,34.21,D
24.10332,82.67021,334.01,286.05,0.5,0.6,2025-10-31,782,h,21.79,D
22.79409,86.19413,340.18,287.01,0.5,0.6,2025-10-31,826,n,27.33,D
22.79392,86.19084,349.44,290.16,0.5,0.6,2025-10-31,2062,h,35.77,N
21.15754,72.65954,335.38,284.05,0.5,0.6,2025-10-31,2039,h,30.77,N
29.38084,76.87987,338.55,291.29,0.5,0.6,2025-11-01,815,h,30.58,D
22.33028,69.72204,349.45,290.92,0.5,0.6,2025-11-01,781,h,39.72,D
25.42453,85.97418,345.29,285.13,0.5,0.6,2025-11-01,2108,h,42.41,N
25.42688,85.97392,364.5,287.31,0.5,0.6,2025-11-01,792,h,57.83,D
22.82832,69.5313,339.28,289.64,0.5,0.6,2025-11-01,2029,n,28.67,N
24.10615,82.67071,338.58,287.82,0.5,0.6,2025-11-01,828,h,27.8,D
24.10408,82.66938,328.38,292.7,0.5,0.6,2025-11-01,752,h,20.18,D
22.79712,86.19363,349.33,289.41,0.5,0.6,2025-11-01,819,h,41.59,D
21.15637,72.65835,340.75,289.21,0.5,0.6,2025-11-01,775,n,32.76,D
21.16121,72.6601,336.55,285.77,0.5,0.6,2025-11-01,2073,n,24.8,N
27.31349,77.70358,356.63,285.52,0.5,0.6,2025-11-02,2087,h,49.85,N
27.31366,77.70676,367.0,284.43,0.5,0.6,2025-11-02,2098,n,68.43,N
29.37873,76.87786,340.23,289.02,0.5,0.6,2025-11-02,738,h,38.65,D
29.37532,76.87929,367.0,287.82,0.5,0.6,2025-11-02,818,h,75.21,D
22.3944,70.04091,354.6,293.4,0.5,0.6,2025-11-02,2114,h,44.45,N
22.32686,69.71845,367.0,295.25,0.5,0.6,2025-11-02,790,h,63.8,D
25.4207,85.97694,358.71,289.94,0.5,0.6,2025-11-02,2077,n,54.78,N
25.42029,85.97572,361.39,289.04,0.5,0.6,2025-11-02,2006,h,60.62,N
28.6021,77.54587,354.93,285.22,0.5,0.6,2025-11-02,803,h,49.74,D
28.60145,77.54838,335.0,287.49,0.5,0.6,2025-11-02,744,h,25.48,D
22.82531,69.52489,351.12,286.06,0.5,0.6,2025-11-02,774,h,45.49,D
24.10673,82.6701,350.08,290.56,0.5,0.6,2025-11-02,2060,h,42.89,N
24.10353,82.67383,334.14,288.04,0.5,0.6,2025-11-02,2024,n,23.91,N
22.79084,86.19402,328.02,288.41,0.5,0.6,2025-11-02,2066,h,22.78,N
22.79513,86.19013,338.0,284.86,0.5,0.6,2025-11-02,2055,h,21.35,N
21.15912,72.65827,333.3,288.8,0.5,0.6,2025-11-02,776,h,26.82,D
21.1607,72.65944,332.68,284.03,0.5,0.6,2025-11-02,809,h,29.36,D
27.31188,77.70155,347.87,285.78,0.5,0.6,2025-11-03,2068,h,44.44,N
29.37919,76.87772,349.99,290.0,0.5,0.6,2025-11-03,2019,n,41.98,N
29.37644,76.87628,359.97,289.37,0.5,0.6,2025-11-03,808,h,54.54,D
22.39782,70.0418,366.61,289.9,0.5,0.6,2025-11-03,2128,h,63.65,N
22.3974,70.04769,347.99,286.66,0.5,0.6,2025-11-03,2055,h,40.98,N
22.32483,69.72048,340.38,296.4,0.5,0.6,2025-11-03,2035,h,29.36,N
25.4266,85.97344,345.21,290.27,0.5,0.6,2025-11-03,773,h,38.43,D
28.5996,77.54346,336.14,286.67,0.5,0.6,2025-11-03,2124,h,33.13,N
22.83034,69.52985,344.61,290.25,0.5,0.6,2025-11-03,2050,h,33.54,N
22.82884,69.52909,343.71,285.28,0.5,0.6,2025-11-03,730,h,39.4,D
24.1003,82.66811,354.12,284.35,0.5,0.6,2025-11-03,2026,h,42.06,N
22.79305,86.1971,339.02,283.57,0.5,0.6,2025-11-03,752,h,27.32,D
21.15968,72.6579,334.91,287.34,0.5,0.6,2025-11-03,813,h,27.7,D
27.31432,77.7038,355.62,287.09,0.5,0.6,2025-11-04,753,h,49.77,D
27.31315,77.70254,350.99,292.68,0.5,0.6,2025-11-04,783,h,44.3,D
29.37758,76.87734,351.33,288.69,0.5,0.6,2025-11-04,2050,n,42.21,N
22.39564,70.04045,367.0,289.73,0.5,0.6,2025-11-04,2044,h,64.36,N
22.32782,69.72259,367.0,281.0,0.5,0.6,2025-11-04,788,h,71.47,D
22.32973,69.72038,354.51,283.94,0.5,0.6,2025-11-04,2027,n,52.17,N
25.42402,85.97318,351.09,290.14,0.5,0.6,2025-11-04,741,h,49.67,D
25.42181,85.97483,367.0,289.69,0.5,0.6,2025-11-04,2008,h,68.22,N
28.59744,77.5468,334.08,284.09,0.5,0.6,2025-11-04,2044,h,22.66,N
28.60281,77.54665,345.42,288.17,0.5,0.6,2025-11-04,2125,n,40.86,N
22.82557,69.52517,325.2,289.88,0.5,0.6,2025-11-04,2008,h,16.71,N
22.82673,69.52864,345.17,283.43,0.5,0.6,2025-11-04,2128,n,35.23,N
24.1019,82.66792,335.57,295.27,0.5,0.6,2025-11-04,763,n,20.64,D
24.09953,82.66951,335.22,288.66,0.5,0.6,2025-11-04,2024,n,27.72,N
22.79533,86.19403,347.34,283.73,0.5,0.6,2025-11-04,2127,h,37.46,N
22.79551,86.1947,347.78,288.63,0.5,0.6,2025-11-04,2025,h,39.49,N
21.15823,72.65739,336.57,291.71,0.5,0.6,2025-11-04,2046,h,24.33,N
27.31392,77.70255,367.0,286.78,0.5,0.6,2025-11-05,2097,h,81.67,N
27.30999,77.70248,359.14,285.51,0.5,0.6,2025-11-05,761,h,57.54,D
22.39439,70.04001,340.87,284.9,0.5,0.6,2025-11-05,2017,h,34.66,N
22.3994,70.04066,354.7,287.24,0.5,0.6,2025-11-05,2102,n,48.46,N
22.32728,69.71926,342.56,284.63,0.5,0.6,2025-11-05,2052,h,36.79,N
22.32618,69.72257,341.88,285.93,0.5,0.6,2025-11-05,2087,n,34.75,N
25.4227,85.97149,356.04,288.82,0.5,0.6,2025-11-05,763,h,47.94,D
28.60094,77.54432,348.21,288.77,0.5,0.6,2025-11-05,735,h,40.16,D
28.59977,77.54902,344.6,288.02,0.5,0.6,2025-11-05,802,h,38.21,D
22.82623,69.52607,337.34,287.49,0.5,0.6,2025-11-05,2112,h,25.54,N
24.10519,82.66855,346.59,287.95,0.5,0.6,2025-11-05,2067,h,31.24,N
22.79394,86.19111,333.42,287.5,0.5,0.6,2025-11-05,732,n,23.58,D
21.1578,72.6588,337.68,289.13,0.5,0.6,2025-11-05,2061,h,26.2,N
21.15973,72.65943,342.51,288.73,0.5,0.6,2025-11-05,2088,n,34.76,N
27.31483,77.70235,350.05,281.35,0.5,0.6,2025-11-06,2128,h,44.17,N
29.37557,76.87635,332.29,286.81,0.5,0.6,2025-11-06,764,h,23.42,D
22.39526,70.04405,348.37,282.85,0.5,0.6,2025-11-06,826,n,44.78,D
22.39612,70.04047,343.43,282.71,0.5,0.6,2025-11-06,810,h,33.46,D
22.32913,69.72234,350.19,286.94,0.5,0.6,2025-11-06,781,n,37.04,D
22.33055,69.72494,352.95,289.68,0.5,0.6,2025-11-06,2096,h,45.34,N
25.42625,85.97595,342.97,286.06,0.5,0.6,2025-11-06,2024,h,37.72,N
28.59982,77.54802,336.6,285.07,0.5,0.6,2025-11-06,818,h,27.8,D
28.59986,77.54389,339.76,288.6,0.5,0.6,2025-11-06,2022,n,25.76,N
22.82758,69.52857,341.08,282.48,0.5,0.6,2025-11-06,816,h,27.28,D
22.82777,69.52453,341.1,289.13,0.5,0.6,2025-11-06,2036,n,27.17,N
24.10668,82.6721,337.9,284.02,0.5,0.6,2025-11-06,2075,h,33.62,N
22.79172,86.19195,339.95,291.18,0.5,0.6,2025-11-06,732,h,29.3,D
22.79223,86.19251,331.83,289.23,0.5,0.6,2025-11-06,2098,h,22.95,N
21.15816,72.65517,358.16,289.15,0.5,0.6,2025-11-06,2091,h,54.06,N
21.15654,72.66224,348.31,289.73,0.5,0.6,2025-11-06,2099,h,38.55,N
27.31072,77.69992,351.55,282.03,0.5,0.6,2025-11-07,748,h,48.73,D
27.31349,77.70402,363.31,286.97,0.5,0.6,2025-11-07,829,h,56.18,D
29.37776,76.88076,365.14,293.16,0.5,0.6,2025-11-07,2033,h,60.89,N
22.39362,70.04062,356.17,293.85,0.5,0.6,2025-11-07,791,h,49.97,D
22.32608,69.72482,365.75,288.61,0.5,0.6,2025-11-07,2122,h,61.19,N
22.32928,69.72206,340.97,285.74,0.5,0.6,2025-11-07,775,h,36.4,D
25.42275,85.97693,347.37,289.45,0.5,0.6,2025-11-07,815,h,42.09,D
25.42053,85.97624,366.42,288.88,0.5,0.6,2025-11-07,825,h,65.66,D
28.59866,77.54504,335.68,291.47,0.5,0.6,2025-11-07,777,n,24.57,D
22.83169,69.52879,339.09,287.28,0.5,0.6,2025-11-07,2022,n,27.23,N
24.1056,82.66907,341.74,285.86,0.5,0.6,2025-11-07,2109,h,27.08,N
22.79085,86.19227,348.29,289.35,0.5,0.6,2025-11-07,795,h,41.33,D
21.15711,72.66019,333.25,288.03,0.5,0.6,2025-11-07,731,n,25.04,D
21.16218,72.65867,329.22,288.11,0.5,0.6,2025-11-07,825,n,16.55,D
27.31389,77.70523,343.59,297.07,0.5,0.6,2025-11-08,755,n,39.3,D
27.31423,77.70213,350.37,289.42,0.5,0.6,2025-11-08,767,h,40.29,D
29.38106,76.88004,354.02,288.45,0.5,0.6,2025-11-08,2073,h,51.99,N
22.32784,69.72103,347.37,285.32,0.5,0.6,2025-11-08,775,h,39.12,D
22.32904,69.7216,342.29,283.61,0.5,0.6,2025-11-08,2091,h,33.77,N
25.4231,85.97791,355.33,286.89,0.5,0.6,2025-11-08,829,n,49.15,D
25.4249,85.97364,351.99,283.34,0.5,0.6,2025-11-08,829,h,43.48,D
28.59559,77.54297,336.8,284.03,0.5,0.6,2025-11-08,812,h,29.02,D
28.60095,77.54462,342.61,287.15,0.5,0.6,2025-11-08,751,n,35.94,D
22.83056,69.52585,330.57,288.75,0.5,0.6,2025-11-08,2087,h,23.82,N
22.82547,69.5279,334.31,292.64,0.5,0.6,2025-11-08,775,h,26.7,D
24.10389,82.6666,348.89,290.24,0.5,0.6,2025-11-08,2067,h,42.87,N
24.10227,82.67247,342.04,292.07,0.5,0.6,2025-11-08,733,h,32.43,D
22.79199,86.19546,335.87,287.43,0.5,0.6,2025-11-08,2065,n,31.31,N
22.79506,86.19476,356.21,286.73,0.5,0.6,2025-11-08,780,h,48.34,D
21.15368,72.65793,333.9,284.77,0.5,0.6,2025-11-08,757,n,23.25,D
21.1608,72.65801,334.06,283.97,0.5,0.6,2025-11-08,2047,h,24.76,N
27.31346,77.70285,354.11,287.84,0.5,0.6,2025-11-09,2082,h,47.45,N
27.31508,77.70398,355.55,285.55,0.5,0.6,2025-11-09,2071,h,41.59,N
29.37664,76.87903,351.85,290.27,0.5,0.6,2025-11-09,778,h,47.99,D
29.37792,76.87886,353.3,286.08,0.5,0.6,2025-11-09,2126,n,47.66,N
22.39952,70.04019,342.05,288.97,0.5,0.6,2025-11-09,763,h,37.44,D
22.39648,70.041,343.07,284.08,0.5,0.6,2025-11-09,2119,h,31.02,N
22.32598,69.72017,356.1,287.49,0.5,0.6,2025-11-09,760,h,52.35,D
25.42562,85.97368,343.28,284.83,0.5,0.6,2025-11-09,2027,h,41.86,N
28.59763,77.54553,338.05,292.29,0.5,0.6,2025-11-09,774,n,31.45,D
22.82798,69.52873,335.0,284.68,0.5,0.6,2025-11-09,750,n,23.87,D
22.82854,69.52429,335.54,288.06,0.5,0.6,2025-11-09,2086,h,23.56,N
22.79599,86.19264,336.28,293.34,0.5,0.6,2025-11-09,2056,h,25.26,N
21.15549,72.65929,335.93,287.32,0.5,0.6,2025-11-09,797,n,24.97,D
21.15836,72.65928,341.52,292.93,0.5,0.6,2025-11-09,744,h,33.54,D
27.31609,77.70473,336.45,286.57,0.5,0.6,2025-11-10,775,h,35.95,D
29.38058,76.87741,356.98,292.5,0.5,0.6,2025-11-10,2052,h,50.58,N
22.39909,70.04248,350.73,290.61,0.5,0.6,2025-11-10,759,h,41.82,D
22.39836,70.04578,358.48,287.84,0.5,0.6,2025-11-10,2024,h,54.18,N
22.33059,69.71972,347.61,293.97,0.5,0.6,2025-11-10,2020,h,40.39,N
22.33132,69.71638,351.21,289.77,0.5,0.6,2025-11-10,2041,n,35.02,N
25.42768,85.97478,348.82,285.91,0.5,0.6,2025-11-10,2027,h,39.32,N
25.42087,85.97221,342.76,284.4,0.5,0.6,2025-11-10,2105,h,33.52,N
28.60304,77.54477,344.86,287.87,0.5,0.6,2025-11-10,812,h,37.39,D
28.60034,77.54553,336.93,289.28,0.5,0.6,2025-11-10,780,h,23.69,D
22.82814,69.52676,329.08,286.92,0.5,0.6,2025-11-10,774,h,23.69,D
21.16171,72.65643,326.31,289.67,0.5,0.6,2025-11-10,2125,h,15.82,N
29.37612,76.87581,367.0,286.13,0.5,0.6,2025-11-11,2023,n,67.37,N
22.393,70.04161,349.36,288.88,0.5,0.6,2025-11-11,811,h,38.8,D
22.32943,69.72181,362.17,290.38,0.5,0.6,2025-11-11,824,h,58.94,D
25.42515,85.97484,345.58,289.66,0.5,0.6,2025-11-11,796,h,41.24,D
28.59883,77.54927,343.75,288.86,0.5,0.6,2025-11-11,2038,n,37.28,N
22.82729,69.52849,345.87,284.83,0.5,0.6,2025-11-11,2114,h,39.79,N
24.10848,82.66552,336.77,285.66,0.5,0.6,2025-11-11,807,h,27.22,D
24.1039,82.66946,338.02,287.76,0.5,0.6,2025-11-11,2121,h,29.17,N
22.7919,86.1905,345.56,289.52,0.5,0.6,2025-11-11,2067,h,37.26,N
22.79434,86.19571,332.11,288.54,0.5,0.6,2025-11-11,2090,n,23.44,N
21.15874,72.65602,341.79,292.8,0.5,0.6,2025-11-11,2078,h,39.1,N
21.16168,72.65732,342.55,290.15,0.5,0.6,2025-11-11,2007,h,35.33,N
27.3133,77.70645,345.05,288.2,0.5,0.6,2025-11-12,828,h,36.38,D
29.37916,76.87455,333.74,287.71,0.5,0.6,2025-11-12,817,h,20.68,D
29.37969,76.87711,347.44,289.63,0.5,0.6,2025-11-12,762,h,40.45,D
22.39995,70.04079,346.03,288.2,0.5,0.6,2025-11-12,751,h,39.04,D
22.39592,70.04235,340.61,287.56,0.5,0.6,2025-11-12,2051,n,24.96,N
22.33094,69.72083,356.56,286.64,0.5,0.6,2025-11-12,795,n,54.39,D
22.32537,69.71811,340.0,283.16,0.5,0.6,2025-11-12,799,n,34.29,D
25.42481,85.97437,338.41,284.58,0.5,0.6,2025-11-12,2092,h,35.02,N
25.4258,85.97526,345.01,287.04,0.5,0.6,2025-11-12,2089,h,37.42,N
28.60242,77.54307,333.85,287.33,0.5,0.6,2025-11-12,2084,n,25.54,N
28.60102,77.54426,336.83,287.0,0.5,0.6,2025-11-12,2040,n,30.66,N
24.1016,82.66792,339.29,289.74,0.5,0.6,2025-11-12,765,n,26.85,D
22.79274,86.19344,340.75,288.68,0.5,0.6,2025-11-12,806,h,33.5,D
21.15507,72.6558,331.92,287.73,0.5,0.6,2025-11-12,2069,h,24.36,N
21.15862,72.65711,329.47,288.08,0.5,0.6,2025-11-12,762,h,17.83,D
27.31208,77.70297,347.83,289.5,0.5,0.6,2025-11-13,760,n,43.95,D
27.3142,77.70054,351.38,290.92,0.5,0.6,2025-11-13,2079,h,44.43,N
29.37517,76.88025,364.51,292.49,0.5,0.6,2025-11-13,2031,h,60.68,N
22.39707,70.04123,346.23,282.99,0.5,0.6,2025-11-13,2015,n,38.08,N
22.39674,70.04096,346.43,287.52,0.5,0.6,2025-11-13,734,h,42.12,D
22.32969,69.72426,344.02,282.53,0.5,0.6,2025-11-13,2051,n,36.57,N
25.42522,85.97219,347.38,288.76,0.5,0.6,2025-11-13,738,h,38.12,D
28.59778,77.54533,340.59,283.76,0.5,0.6,2025-11-13,2015,h,32.66,N
22.8283,69.52912,344.67,289.76,0.5,0.6,2025-11-13,2114,h,39.76,N
22.82512,69.52884,342.28,286.52,0.5,0.6,2025-11-13,2079,h,33.07,N
24.10265,82.67086,345.39,290.34,0.5,0.6,2025-11-13,823,h,39.27,D
22.79261,86.19486,335.68,283.05,0.5,0.6,2025-11-13,773,h,31.81,D
21.15546,72.65518,352.53,286.74,0.5,0.6,2025-11-13,2022,h,45.6,N
21.15562,72.65977,338.04,286.8,0.5,0.6,2025-11-13,737,h,24.71,D
27.31366,77.70565,340.95,290.46,0.5,0.6,2025-11-14,2046,h,28.08,N
27.31106,77.70543,339.73,284.63,0.5,0.6,2025-11-14,2000,h,37.11,N
29.37375,76.88074,356.98,287.99,0.5,0.6,2025-11-14,803,n,56.41,D
22.39454,70.04206,350.02,286.83,0.5,0.6,2025-11-14,2006,n,44.8,N
22.3939,70.0436,342.55,287.11,0.5,0.6,2025-11-14,761,h,35.25,D
22.33044,69.72104,356.3,287.17,0.5,0.6,2025-11-14,2097,h,44.45,N
22.32814,69.7237,342.38,286.08,0.5,0.6,2025-11-14,2097,n,37.91,N
28.59853,77.54313,355.78,289.44,0.5,0.6,2025-11-14,2009,h,49.84,N
28.60102,77.54549,353.34,285.16,0.5,0.6,2025-11-14,2056,h,39.26,N
22.82773,69.52807,337.24,286.86,0.5,0.6,2025-11-14,750,h,24.46,D
24.10402,82.67159,352.98,290.41,0.5,0.6,2025-11-14,2126,h,45.28,N
22.79115,86.19334,336.98,292.45,0.5,0.6,2025-11-14,739,n,29.38,D
21.15613,72.65802,334.98,286.38,0.5,0.6,2025-11-14,2067,h,30.1,N
27.31494,77.70364,331.11,291.24,0.5,0.6,2025-11-15,742,h,21.96,D
22.39339,70.04525,350.4,292.06,0.5,0.6,2025-11-15,804,h,44.07,D
22.39699,70.04075,336.04,283.56,0.5,0.6,2025-11-15,2023,h,26.51,N
22.32422,69.7198,367.0,290.18,0.5,0.6,2025-11-15,760,h,58.02,D
22.32609,69.72612,355.69,292.18,0.5,0.6,2025-11-15,805,h,42.93,D
25.42388,85.97999,343.19,289.85,0.5,0.6,2025-11-15,2126,h,34.38,N
25.42191,85.97421,356.89,289.71,0.5,0.6,2025-11-15,2045,n,51.14,N
28.5988,77.54556,339.13,285.19,0.5,0.6,2025-11-15,2112,h,31.95,N
28.59953,77.54306,332.51,283.99,0.5,0.6,2025-11-15,763,h,23.36,D
22.82907,69.52657,338.32,290.65,0.5,0.6,2025-11-15,2048,h,24.67,N
22.83071,69.52878,347.06,288.15,0.5,0.6,2025-11-15,736,h,38.62,D
21.16209,72.65675,334.96,289.01,0.5,0.6,2025-11-15,771,h,28.26,D
29.37964,76.88011,362.01,291.16,0.5,0.6,2025-11-16,808,h,46.61,D
22.39942,70.04496,355.04,289.46,0.5,0.6,2025-11-16,2093,n,54.76,N
22.39648,70.04305,361.61,289.59,0.5,0.6,2025-11-16,773,h,56.4,D
22.32948,69.72049,363.1,286.14,0.5,0.6,2025-11-16,2067,n,55.97,N
25.42306,85.97312,367.0,289.15,0.5,0.6,2025-11-16,2065,h,73.74,N
25.42476,85.97211,347.51,293.31,0.5,0.6,2025-11-16,2106,h,37.16,N
28.6002,77.54892,334.82,289.86,0.5,0.6,2025-11-16,765,h,24.93,D
22.83038,69.53102,353.08,287.07,0.5,0.6,2025-11-16,822,n,47.1,D
22.82604,69.52593,341.61,287.92,0.5,0.6,2025-11-16,745,h,33.93,D
22.79539,86.19095,332.85,288.07,0.5,0.6,2025-11-16,781,n,25.47,D
22.79505,86.19512,342.64,288.91,0.5,0.6,2025-11-16,2097,h,33.05,N
21.15978,72.65863,347.41,288.6,0.5,0.6,2025-11-16,740,n,39.81,D
27.31163,77.70687,355.75,286.31,0.5,0.6,2025-11-17,2008,h,51.05,N
27.31235,77.70399,353.92,287.83,0.5,0.6,2025-11-17,807,n,55.91,D
29.38185,76.87735,359.71,286.35,0.5,0.6,2025-11-17,765,h,48.4,D
29.3795,76.87861,348.54,288.23,0.5,0.6,2025-11-17,2032,h,44.27,N
22.39537,70.0415,364.81,286.0,0.5,0.6,2025-11-17,766,h,57.67,D
22.39906,70.04429,340.53,285.21,0.5,0.6,2025-11-17,2080,h,32.91,N
22.32672,69.72034,355.54,289.31,0.5,0.6,2025-11-17,2017,h,48.35,N
22.32447,69.72438,350.49,284.03,0.5,0.6,2025-11-17,825,h,41.62,D
25.42406,85.97183,358.18,291.86,0.5,0.6,2025-11-17,766,h,51.06,D
22.82992,69.52748,335.56,284.4,0.5,0.6,2025-11-17,797,h,22.16,D
22.82943,69.52675,335.52,291.02,0.5,0.6,2025-11-17,2081,n,25.28,N
22.79212,86.19265,335.48,288.97,0.5,0.6,2025-11-17,2089,h,25.89,N
21.15789,72.66032,330.3,287.9,0.5,0.6,2025-11-17,784,h,25.14,D
21.15626,72.66152,331.38,289.71,0.5,0.6,2025-11-17,2049,h,23.19,N
27.31512,77.70368,342.18,285.07,0.5,0.6,2025-11-18,2102,h,34.5,N
27.31695,77.70474,359.47,286.57,0.5,0.6,2025-11-18,772,n,56.7,D
29.37624,76.87927,356.98,290.01,0.5,0.6,2025-11-18,773,n,56.17,D
29.37961,76.87959,367.0,285.04,0.5,0.6,2025-11-18,2081,h,72.52,N
22.39491,70.04357,352.51,289.77,0.5,0.6,2025-11-18,2001,n,49.14,N
22.39501,70.03755,340.18,288.22,0.5,0.6,2025-11-18,779,h,34.26,D
22.32885,69.7228,346.49,286.14,0.5,0.6,2025-11-18,2036,h,45.14,N
25.42562,85.97202,359.57,285.58,0.5,0.6,2025-11-18,745,h,53.32,D
28.60043,77.54554,336.62,289.83,0.5,0.6,2025-11-18,2077,h,29.72,N
22.82621,69.52358,339.0,288.4,0.5,0.6,2025-11-18,788,h,34.55,D
22.82787,69.53134,354.8,289.01,0.5,0.6,2025-11-18,746,h,46.05,D
24.10273,82.66965,340.74,289.48,0.5,0.6,2025-11-18,736,h,31.26,D
24.10725,82.67498,337.87,285.68,0.5,0.6,2025-11-18,734,n,33.55,D
22.79439,86.19573,332.33,289.86,0.5,0.6,2025-11-18,784,h,27.53,D
27.31605,77.70477,360.2,284.84,0.5,0.6,2025-11-19,2095,n,50.87,N
27.31557,77.70363,343.29,288.51,0.5,0.6,2025-11-19,2099,h,35.11,N
29.37762,76.87657,352.7,293.07,0.5,0.6,2025-11-19,757,h,48.37,D
22.32757,69.7222,354.53,290.76,0.5,0.6,2025-11-19,2093,h,47.66,N
22.82779,69.52806,349.62,288.57,0.5,0.6,2025-11-19,2049,n,33.76,N
22.82703,69.53046,328.37,290.02,0.5,0.6,2025-11-19,2108,h,33.17,N
24.10588,82.66998,329.68,291.45,0.5,0.6,2025-11-19,2089,h,16.67,N
24.10028,82.67138,355.56,282.04,0.5,0.6,2025-11-19,800,n,46.46,D
22.79479,86.19114,345.95,286.36,0.5,0.6,2025-11-19,2114,n,36.43,N
22.79334,86.19401,341.17,288.73,0.5,0.6,2025-11-19,2115,h,31.29,N
21.15864,72.65763,336.99,286.33,0.5,0.6,2025-11-19,2043,h,25.52,N
27.31298,77.70071,355.31,290.55,0.5,0.6,2025-11-20,2043,h,49.52,N
27.31225,77.70201,342.93,292.11,0.5,0.6,2025-11-20,2045,h,29.17,N
29.37746,76.88087,364.05,288.75,0.5,0.6,2025-11-20,782,n,53.06,D
22.39829,70.0432,348.2,288.68,0.5,0.6,2025-11-20,781,h,45.23,D
22.39633,70.04041,350.32,289.15,0.5,0.6,2025-11-20,814,n,55.89,D
22.32707,69.72407,355.97,290.39,0.5,0.6,2025-11-20,2061,n,50.64,N
22.32839,69.71858,349.87,283.99,0.5,0.6,2025-11-20,790,n,39.28,D
25.42333,85.97028,357.29,282.65,0.5,0.6,2025-11-20,793,n,50.39,D
25.42626,85.97517,358.95,290.61,0.5,0.6,2025-11-20,765,n,52.99,D
28.60078,77.54665,350.18,285.38,0.5,0.6,2025-11-20,783,n,39.67,D
22.82118,69.53282,340.86,293.78,0.5,0.6,2025-11-20,2091,h,34.56,N
22.8313,69.52779,343.53,289.76,0.5,0.6,2025-11-20,2017,h,31.14,N
24.10423,82.67034,346.51,287.17,0.5,0.6,2025-11-20,782,h,41.63,D
24.10296,82.66989,353.96,285.26,0.5,0.6,2025-11-20,2065,h,46.69,N
21.16025,72.65601,348.29,288.62,0.5,0.6,2025-11-20,2073,h,33.09,N
21.15521,72.6594,345.81,286.87,0.5,0.6,2025-11-20,2051,h,39.67,N
27.31778,77.70493,359.19,290.31,0.5,0.6,2025-11-21,2086,h,51.92,N
27.31346,77.70488,353.06,284.01,0.5,0.6,2025-11-21,2010,h,49.01,N
29.37993,76.88306,346.03,284.67,0.5,0.6,2025-11-21,759,n,40.81,D
22.39204,70.04385,344.59,283.72,0.5,0.6,2025-11-21,2001,h,37.11,N
22.33088,69.72347,365.13,289.71,0.5,0.6,2025-11-21,2069,h,57.24,N
22.3293,69.71909,343.35,290.34,0.5,0.6,2025-11-21,2123,h,36.46,N
25.42641,85.97193,353.79,283.05,0.5,0.6,2025-11-21,816,h,50.77,D
28.60035,77.5509,340.16,284.16,0.5,0.6,2025-11-21,2111,n,31.36,N
22.83032,69.53026,336.77,287.82,0.5,0.6,2025-11-21,804,h,27.4,D
22.82874,69.53195,344.33,290.49,0.5,0.6,2025-11-21,2033,n,37.54,N
27.31735,77.70487,355.49,287.02,0.5,0.6,2025-11-22,808,h,50.42,D
29.38144,76.87752,348.88,290.15,0.5,0.6,2025-11-22,807,n,45.6,D
29.37915,76.87769,357.02,288.17,0.5,0.6,2025-11-22,752,h,51.35,D
22.39941,70.04742,337.86,285.13,0.5,0.6,2025-11-22,2052,h,33.3,N
22.39718,70.04234,354.01,287.27,0.5,0.6,2025-11-22,795,n,51.36,D
22.32953,69.72249,351.42,283.55,0.5,0.6,2025-11-22,782,n,52.43,D
25.42569,85.97222,367.0,281.18,0.5,0.6,2025-11-22,802,n,58.49,D
28.59959,77.54626,336.45,283.65,0.5,0.6,2025-11-22,802,h,23.89,D
24.10782,82.67244,334.4,288.36,0.5,0.6,2025-11-22,785,h,24.57,D
22.7939,86.19661,337.84,286.31,0.5,0.6,2025-11-22,747,n,30.03,D
21.15759,72.65941,329.62,287.52,0.5,0.6,2025-11-22,759,h,16.14,D
27.31584,77.70449,345.38,283.59,0.5,0.6,2025-11-23,2101,h,41.6,N
29.37845,76.87789,361.5,279.04,0.5,0.6,2025-11-23,758,h,55.85,D
22.39682,70.03872,360.22,288.14,0.5,0.6,2025-11-23,745,h,53.67,D
22.39298,70.04413,349.26,282.88,0.5,0.6,2025-11-23,2089,h,43.18,N
22.329,69.72218,348.21,281.39,0.5,0.6,2025-11-23,828,h,38.31,D
22.33088,69.72278,346.48,287.09,0.5,0.6,2025-11-23,798,h,41.73,D
25.42388,85.97131,343.05,287.82,0.5,0.6,2025-11-23,2069,n,32.15,N
28.59853,77.5452,338.76,287.71,0.5,0.6,2025-11-23,2040,n,22.24,N
22.8259,69.52753,345.04,285.39,0.5,0.6,2025-11-23,2063,h,39.51,N
22.829,69.53129,343.15,290.16,0.5,0.6,2025-11-23,2097,h,32.77,N
24.10559,82.67058,331.7,294.17,0.5,0.6,2025-11-23,2028,h,30.6,N
24.1011,82.66838,329.92,284.7,0.5,0.6,2025-11-23,2012,h,17.3,N
22.79762,86.19263,336.48,286.99,0.5,0.6,2025-11-23,744,n,31.69,D
29.37791,76.87735,343.48,293.23,0.5,0.6,2025-11-24,788,h,37.7,D
22.39861,70.04056,347.98,288.44,0.5,0.6,2025-11-24,802,h,42.02,D
22.39337,70.03974,345.59,294.0,0.5,0.6,2025-11-24,2058,h,39.88,N
22.3251,69.72356,359.56,287.37,0.5,0.6,2025-11-24,2004,h,50.88,N
25.42547,85.97396,336.38,287.59,0.5,0.6,2025-11-24,813,h,34.54,D
25.42471,85.97792,353.48,286.65,0.5,0.6,2025-11-24,806,h,44.52,D
28.59872,77.5444,332.26,293.29,0.5,0.6,2025-11-24,2004,n,22.34,N
22.82998,69.52857,335.69,286.57,0.5,0.6,2025-11-24,818,h,25.59,D
22.82267,69.52787,359.38,282.46,0.5,0.6,2025-11-24,2063,h,50.5,N
24.10246,82.67007,324.25,288.11,0.5,0.6,2025-11-24,2052,h,15.63,N
22.7911,86.19446,344.54,287.31,0.5,0.6,2025-11-24,801,h,30.5,D
22.79135,86.19356,336.0,290.55,0.5,0.6,2025-11-24,2114,h,26.77,N
27.31698,77.70234,351.75,287.81,0.5,0.6,2025-11-25,820,h,46.66,D
29.37676,76.87675,366.74,288.63,0.5,0.6,2025-11-25,2047,h,60.94,N
22.39781,70.04061,366.24,288.06,0.5,0.6,2025-11-25,2024,h,65.23,N
22.32979,69.72067,349.91,290.59,0.5,0.6,2025-11-25,2049,h,43.6,N
22.32752,69.72166,337.79,286.41,0.5,0.6,2025-11-25,2078,n,32.38,N
25.4271,85.97651,342.6,293.44,0.5,0.6,2025-11-25,2025,h,36.36,N
28.59886,77.54644,341.78,288.04,0.5,0.6,2025-11-25,824,h,37.82,D
22.82736,69.5267,335.87,289.29,0.5,0.6,2025-11-25,2087,n,30.39,N
22.82759,69.52875,331.06,297.31,0.5,0.6,2025-11-25,2015,h,18.07,N
22.78969,86.19513,362.52,284.54,0.5,0.6,2025-11-25,2032,h,57.06,N
22.79209,86.19415,332.73,292.46,0.5,0.6,2025-11-25,2089,h,24.21,N
21.1555,72.65822,343.98,292.71,0.5,0.6,2025-11-25,777,h,38.33,D
21.15584,72.65998,350.26,286.96,0.5,0.6,2025-11-25,806,h,50.68,D
27.31416,77.7051,367.0,287.81,0.5,0.6,2025-11-26,2128,h,69.89,N
27.31126,77.70349,350.43,288.84,0.5,0.6,2025-11-26,816,h,46.17,D
29.37848,76.88088,351.77,282.65,0.5,0.6,2025-11-26,2110,h,46.89,N
22.32806,69.72151,346.02,285.59,0.5,0.6,2025-11-26,787,h,36.44,D
25.42528,85.97402,352.17,294.21,0.5,0.6,2025-11-26,744,n,49.52,D
28.60147,77.54829,337.68,293.54,0.5,0.6,2025-11-26,2125,h,24.31,N
22.83142,69.52599,338.8,289.87,0.5,0.6,2025-11-26,2035,h,23.7,N
24.10429,82.66645,344.45,287.83,0.5,0.6,2025-11-26,804,n,35.6,D
24.10546,82.66766,348.5,292.46,0.5,0.6,2025-11-26,822,n,34.1,D
22.7912,86.19477,344.68,287.24,0.5,0.6,2025-11-26,2014,h,29.92,N
21.16017,72.65609,335.0,287.46,0.5,0.6,2025-11-26,733,h,30.18,D
27.3127,77.70752,348.66,287.06,0.5,0.6,2025-11-27,824,h,45.83,D
27.31372,77.70778,350.04,289.92,0.5,0.6,2025-11-27,790,h,43.94,D
29.37993,76.87573,363.32,285.29,0.5,0.6,2025-11-27,2090,n,61.39,N
29.38108,76.87868,355.6,291.28,0.5,0.6,2025-11-27,740,n,47.37,D
22.39848,70.04182,356.47,292.87,0.5,0.6,2025-11-27,2039,h,45.38,N
22.32863,69.72136,354.05,286.01,0.5,0.6,2025-11-27,2026,h,48.89,N
25.42658,85.97594,350.87,288.23,0.5,0.6,2025-11-27,752,h,42.0,D
25.42919,85.97691,358.75,288.49,0.5,0.6,2025-11-27,809,n,53.76,D
28.59579,77.54491,336.91,286.01,0.5,0.6,2025-11-27,792,h,28.2,D
28.60132,77.54488,338.51,285.7,0.5,0.6,2025-11-27,784,h,29.49,D
22.82791,69.52824,329.53,290.6,0.5,0.6,2025-11-27,825,n,18.32,D
22.8309,69.5336,344.5,290.92,0.5,0.6,2025-11-27,777,n,36.26,D
24.1027,82.66863,341.2,282.22,0.5,0.6,2025-11-27,819,n,33.27,D
24.10223,82.67083,343.55,290.26,0.5,0.6,2025-11-27,2100,h,31.69,N
22.79584,86.19475,340.94,287.13,0.5,0.6,2025-11-27,821,h,41.22,D
27.31166,77.70172,348.0,283.32,0.5,0.6,2025-11-28,2019,h,42.44,N
29.37792,76.87794,361.4,285.13,0.5,0.6,2025-11-28,766,h,68.63,D
22.39468,70.04213,356.41,286.64,0.5,0.6,2025-11-28,2018,h,52.65,N
22.3271,69.72452,360.24,284.97,0.5,0.6,2025-11-28,2119,h,52.17,N
22.3305,69.72497,340.64,287.77,0.5,0.6,2025-11-28,2077,n,33.77,N
25.4201,85.97311,353.74,287.57,0.5,0.6,2025-11-28,782,h,46.86,D
28.60008,77.54677,354.24,291.64,0.5,0.6,2025-11-28,809,h,46.1,D
22.82598,69.53053,344.01,289.93,0.5,0.6,2025-11-28,794,h,37.41,D
22.82531,69.52771,340.53,286.11,0.5,0.6,2025-11-28,2065,h,29.57,N
24.10737,82.67117,339.4,291.31,0.5,0.6,2025-11-28,801,h,30.62,D
24.10684,82.67078,334.77,289.53,0.5,0.6,2025-11-28,805,n,25.14,D
22.79328,86.19309,332.42,287.46,0.5,0.6,2025-11-28,745,h,21.48,D
22.7955,86.1954,341.83,286.3,0.5,0.6,2025-11-28,2013,h,34.45,N
21.15819,72.65607,333.3,286.58,0.5,0.6,2025-11-28,762,n,19.81,D
27.31319,77.70357,356.63,293.9,0.5,0.6,2025-11-29,2075,h,58.83,N
22.39516,70.04362,347.27,287.48,0.5,0.6,2025-11-29,780,h,43.75,D
22.39999,70.04072,348.59,289.64,0.5,0.6,2025-11-29,829,h,43.48,D
22.3272,69.72146,340.86,284.74,0.5,0.6,2025-11-29,2092,n,29.26,N
22.3275,69.72288,343.33,286.51,0.5,0.6,2025-11-29,2036,n,33.07,N
25.4259,85.97243,366.57,292.85,0.5,0.6,2025-11-29,2054,n,69.44,N
25.42331,85.9756,367.0,286.79,0.5,0.6,2025-11-29,2065,h,65.47,N
24.10018,82.66991,353.43,286.24,0.5,0.6,2025-11-29,2034,n,43.82,N
24.09937,82.67222,343.25,282.82,0.5,0.6,2025-11-29,2101,h,28.44,N
22.79519,86.19535,355.52,286.22,0.5,0.6,2025-11-29,2056,h,46.87,N
22.79244,86.19696,343.36,287.08,0.5,0.6,2025-11-29,804,h,34.21,D
21.15771,72.6564,342.69,289.47,0.5,0.6,2025-11-29,2054,h,34.85,N
21.16147,72.66109,343.77,287.1,0.5,0.6,2025-11-29,731,h,37.42,D
27.3139,77.70754,341.93,294.21,0.5,0.6,2025-11-30,2100,h,31.72,N
27.31616,77.70246,346.45,292.67,0.5,0.6,2025-11-30,2100,h,43.95,N
29.37727,76.87579,336.24,283.64,0.5,0.6,2025-11-30,2062,h,28.97,N
22.39455,70.04213,367.0,289.15,0.5,0.6,2025-11-30,2012,n,72.74,N
22.39505,70.0441,351.74,290.01,0.5,0.6,2025-11-30,730,h,43.64,D
25.4247,85.97308,348.23,288.74,0.5,0.6,2025-11-30,2074,n,45.57,N
25.42427,85.97277,346.84,295.04,0.5,0.6,2025-11-30,735,h,43.57,D
22.8272,69.52524,338.24,290.76,0.5,0.6,2025-11-30,804,n,28.28,D
24.10296,82.67277,343.71,285.63,0.5,0.6,2025-11-30,782,h,29.23,D
24.10334,82.67126,329.28,278.81,0.5,0.6,2025-11-30,2120,n,27.84,N
22.79777,86.19396,331.11,288.03,0.5,0.6,2025-11-30,2034,n,21.72,N
21.15798,72.65541,350.56,287.13,0.5,0.6,2025-11-30,731,n,44.16,D
27.31112,77.70617,353.55,287.4,0.5,0.6,2025-12-01,2127,n,43.84,N
29.37703,76.878,346.99,287.31,0.5,0.6,2025-12-01,760,n,46.38,D
29.37832,76.87775,342.71,290.98,0.5,0.6,2025-12-01,770,h,34.78,D
22.39582,70.0403,348.23,284.9,0.5,0.6,2025-12-01,2092,h,46.05,N
22.32893,69.72033,355.45,288.12,0.5,0.6,2025-12-01,825,h,54.41,D
25.42537,85.97828,336.43,287.29,0.5,0.6,2025-12-01,748,h,29.94,D
28.59715,77.5456,346.08,285.06,0.5,0.6,2025-12-01,2043,h,38.96,N
22.8252,69.52963,340.27,292.32,0.5,0.6,2025-12-01,794,h,30.88,D
22.8269,69.52761,335.97,281.93,0.5,0.6,2025-12-01,806,n,29.33,D
21.16077,72.65953,357.35,290.85,0.5,0.6,2025-12-01,2056,n,46.0,N
27.31524,77.70256,342.25,293.17,0.5,0.6,2025-12-02,2078,h,42.9,N
27.3146,77.70689,348.58,291.26,0.5,0.6,2025-12-02,772,h,32.99,D
29.38089,76.87427,358.01,293.91,0.5,0.6,2025-12-02,785,h,51.77,D
22.39356,70.03982,351.48,290.22,0.5,0.6,2025-12-02,2021,h,49.78,N
22.32745,69.72207,361.09,287.07,0.5,0.6,2025-12-02,2069,n,53.56,N
25.42222,85.97256,346.89,290.12,0.5,0.6,2025-12-02,2126,n,42.72,N
25.42333,85.97365,338.2,286.8,0.5,0.6,2025-12-02,777,h,31.28,D
28.60098,77.54439,339.95,291.64,0.5,0.6,2025-12-02,739,h,30.72,D
22.83098,69.53058,339.42,289.52,0.5,0.6,2025-12-02,2046,h,31.51,N
24.10308,82.66757,340.12,291.29,0.5,0.6,2025-12-02,822,n,34.48,D
24.0997,82.67404,337.0,289.71,0.5,0.6,2025-12-02,2035,n,26.97,N
22.79752,86.19504,356.92,282.58,0.5,0.6,2025-12-02,749,h,49.03,D
22.79699,86.19405,344.23,289.88,0.5,0.6,2025-12-02,2060,h,39.11,N
21.15367,72.65783,342.27,290.88,0.5,0.6,2025-12-02,781,h,33.24,D
21.15344,72.65918,334.34,289.01,0.5,0.6,2025-12-02,781,n,27.6,D
27.31574,77.70383,343.37,290.51,0.5,0.6,2025-12-03,812,h,37.84,D
29.37691,76.87866,360.15,287.86,0.5,0.6,2025-12-03,2111,h,61.35,N
22.39714,70.04406,348.95,289.26,0.5,0.6,2025-12-03,803,h,42.95,D
22.32998,69.72433,348.23,287.66,0.5,0.6,2025-12-03,787,h,47.14,D
25.42521,85.97433,339.91,287.83,0.5,0.6,2025-12-03,2010,h,29.82,N
28.59892,77.54604,339.33,286.73,0.5,0.6,2025-12-03,2009,h,31.13,N
22.83459,69.52884,334.53,285.27,0.5,0.6,2025-12-03,2022,h,21.25,N
22.82712,69.53122,345.57,289.3,0.5,0.6,2025-12-03,2082,n,34.56,N
22.7957,86.19442,340.97,284.25,0.5,0.6,2025-12-03,2086,h,31.95,N
21.15804,72.65955,343.83,283.9,0.5,0.6,2025-12-03,2073,n,35.41,N
21.15731,72.65702,354.46,289.33,0.5,0.6,2025-12-03,2034,h,44.13,N
27.31468,77.70312,353.96,289.81,0.5,0.6,2025-12-04,2035,n,47.93,N
29.37694,76.87586,358.5,285.9,0.5,0.6,2025-12-04,808,h,58.01,D
29.37762,76.87598,361.87,290.22,0.5,0.6,2025-12-04,2080,h,55.42,N
22.39858,70.04353,345.39,287.1,0.5,0.6,2025-12-04,2118,n,37.84,N
22.32504,69.71887,347.55,285.37,0.5,0.6,2025-12-04,749,h,41.01,D
25.42515,85.97363,344.91,284.21,0.5,0.6,2025-12-04,820,n,36.96,D
25.42332,85.97613,340.16,289.14,0.5,0.6,2025-12-04,788,n,33.99,D
22.8302,69.52612,334.63,284.64,0.5,0.6,2025-12-04,2012,h,33.32,N
24.103,82.66806,333.42,287.7,0.5,0.6,2025-12-04,2077,h,26.65,N
22.79678,86.19192,342.99,291.39,0.5,0.6,2025-12-04,2046,n,30.55,N
21.15923,72.66172,343.7,290.02,0.5,0.6,2025-12-04,794,h,33.75,D
21.15597,72.65682,355.44,285.78,0.5,0.6,2025-12-04,804,h,51.51,D
29.37488,76.87909,352.22,286.18,0.5,0.6,2025-12-05,766,h,40.75,D
22.39678,70.04029,352.84,287.26,0.5,0.6,2025-12-05,756,h,48.15,D
22.3268,69.72089,349.81,286.68,0.5,0.6,2025-12-05,2024,h,43.69,N
22.32829,69.72054,346.0,292.89,0.5,0.6,2025-12-05,824,h,41.96,D
25.42157,85.97366,342.65,280.32,0.5,0.6,2025-12-05,780,h,35.6,D
28.60278,77.54735,333.32,291.44,0.5,0.6,2025-12-05,788,h,26.79,D
22.82769,69.53067,348.61,286.55,0.5,0.6,2025-12-05,2047,n,45.85,N
22.82933,69.52761,340.98,282.43,0.5,0.6,2025-12-05,2028,n,30.4,N
24.10674,82.66979,329.29,288.6,0.5,0.6,2025-12-05,795,h,17.64,D
21.15687,72.65719,340.09,287.88,0.5,0.6,2025-12-05,786,h,26.72,D
27.3153,77.70537,352.75,285.37,0.5,0.6,2025-12-06,818,h,52.36,D
27.31026,77.70131,348.56,285.62,0.5,0.6,2025-12-06,821,h,42.2,D
22.39641,70.0392,346.49,287.68,0.5,0.6,2025-12-06,2123,n,43.99,N
22.32312,69.72314,357.88,288.05,0.5,0.6,2025-12-06,2033,h,56.46,N
25.42961,85.97345,335.69,279.69,0.5,0.6,2025-12-06,773,h,28.05,D
28.60185,77.5425,331.56,285.74,0.5,0.6,2025-12-06,770,h,21.56,D
28.60043,77.5457,343.13,288.62,0.5,0.6,2025-12-06,739,h,34.42,D
22.8301,69.52656,352.98,290.26,0.5,0.6,2025-12-06,2042,n,42.06,N
22.82822,69.52651,344.6,286.73,0.5,0.6,2025-12-06,2096,h,40.23,N
24.10442,82.67249,346.89,280.99,0.5,0.6,2025-12-06,800,h,39.83,D
24.1009,82.66935,345.53,286.27,0.5,0.6,2025-12-06,738,n,32.65,D
22.7961,86.1924,341.07,286.8,0.5,0.6,2025-12-06,2026,h,30.91,N
21.15875,72.65674,339.17,289.91,0.5,0.6,2025-12-06,777,h,25.62,D
21.15685,72.65992,338.61,278.95,0.5,0.6,2025-12-06,2018,h,29.08,N
27.31358,77.70367,340.19,284.22,0.5,0.6,2025-12-07,776,h,32.25,D
29.37844,76.87697,340.82,281.48,0.5,0.6,2025-12-07,2110,n,28.76,N
29.37678,76.87846,339.51,285.6,0.5,0.6,2025-12-07,2087,n,37.53,N
22.3966,70.04232,360.37,290.37,0.5,0.6,2025-12-07,749,h,57.21,D
22.39072,70.04276,356.52,286.43,0.5,0.6,2025-12-07,2023,h,50.12,N
22.33144,69.72137,341.08,292.66,0.5,0.6,2025-12-07,2070,h,38.22,N
25.4214,85.97361,342.03,286.79,0.5,0.6,2025-12-07,2051,h,35.27,N
25.42719,85.9746,351.3,289.41,0.5,0.6,2025-12-07,2004,h,42.53,N
28.60151,77.54633,342.3,286.57,0.5,0.6,2025-12-07,730,h,28.39,D
24.10302,82.66708,336.19,291.8,0.5,0.6,2025-12-07,2037,h,25.49,N
22.79491,86.19397,337.56,287.93,0.5,0.6,2025-12-07,742,h,28.59,D
21.15933,72.65443,345.35,290.15,0.5,0.6,2025-12-07,2058,h,39.66,N
27.31629,77.70424,347.28,284.1,0.5,0.6,2025-12-08,2111,h,40.51,N
29.37851,76.87504,359.52,286.37,0.5,0.6,2025-12-08,2111,h,55.68,N
29.3817,76.87797,349.06,291.54,0.5,0.6,2025-12-08,793,h,44.09,D
22.39766,70.04149,367.0,287.2,0.5,0.6,2025-12-08,2028,h,63.43,N
22.32862,69.71863,348.43,291.08,0.5,0.6,2025-12-08,2032,h,42.92,N
22.32704,69.72392,356.0,289.99,0.5,0.6,2025-12-08,774,h,44.51,D
25.42134,85.97235,359.02,281.39,0.5,0.6,2025-12-08,2033,h,50.43,N
28.59694,77.54596,340.51,286.35,0.5,0.6,2025-12-08,2000,h,29.51,N
22.82642,69.5298,332.94,286.37,0.5,0.6,2025-12-08,2005,h,25.68,N
24.10829,82.67042,350.78,286.18,0.5,0.6,2025-12-08,2116,h,40.84,N
22.79359,86.19275,334.45,287.14,0.5,0.6,2025-12-08,2129,n,27.13,N
21.15496,72.65849,342.99,285.64,0.5,0.6,2025-12-08,2059,h,34.02,N
27.31564,77.7059,349.46,286.52,0.5,0.6,2025-12-09,737,h,38.65,D
29.3774,76.87818,352.76,284.51,0.5,0.6,2025-12-09,816,h,40.62,D
29.38006,76.88096,343.05,284.53,0.5,0.6,2025-12-09,760,h,37.77,D
22.39339,70.04234,350.1,287.04,0.5,0.6,2025-12-09,766,h,51.62,D
22.32583,69.72141,347.0,285.09,0.5,0.6,2025-12-09,822,n,43.58,D
22.33016,69.72113,352.46,286.2,0.5,0.6,2025-12-09,808,n,44.71,D
25.42355,85.97571,353.16,284.49,0.5,0.6,2025-12-09,2094,h,52.57,N
28.59594,77.54597,340.09,289.58,0.5,0.6,2025-12-09,826,h,32.43,D
24.10284,82.67096,349.09,289.66,0.5,0.6,2025-12-09,800,h,42.76,D
24.10646,82.66892,340.77,287.72,0.5,0.6,2025-12-09,744,n,28.24,D
22.79469,86.19454,337.33,287.3,0.5,0.6,2025-12-09,793,h,28.61,D
27.31329,77.70309,338.95,286.78,0.5,0.6,2025-12-10,769,h,30.55,D
27.31285,77.7022,364.02,289.69,0.5,0.6,2025-12-10,2044,h,64.54,N
29.37972,76.87548,355.05,289.13,0.5,0.6,2025-12-10,732,h,49.63,D
22.39474,70.0365,354.23,289.4,0.5,0.6,2025-12-10,2028,n,52.92,N
22.39631,70.04517,342.58,290.02,0.5,0.6,2025-12-10,2000,h,34.51,N
22.33224,69.72256,359.91,284.44,0.5,0.6,2025-12-10,754,h,51.67,D
25.42402,85.96923,347.07,290.75,0.5,0.6,2025-12-10,761,n,42.91,D
25.42479,85.97101,358.62,291.74,0.5,0.6,2025-12-10,753,h,52.16,D
28.60035,77.54603,340.72,284.7,0.5,0.6,2025-12-10,733,h,28.29,D
28.59754,77.5459,335.67,290.62,0.5,0.6,2025-12-10,787,h,28.78,D
22.82687,69.52799,342.44,289.56,0.5,0.6,2025-12-10,2016,h,35.85,N
22.79704,86.19169,329.74,283.85,0.5,0.6,2025-12-10,2001,h,20.74,N
22.79399,86.19304,335.0,292.95,0.5,0.6,2025-12-10,2018,n,27.23,N
21.16208,72.65695,347.9,286.44,0.5,0.6,2025-12-10,2029,n,37.07,N
27.31174,77.69893,355.99,287.51,0.5,0.6,2025-12-11,749,h,52.22,D
27.31266,77.70424,363.46,287.94,0.5,0.6,2025-12-11,790,h,52.07,D
29.3748,76.87803,338.76,293.21,0.5,0.6,2025-12-11,769,h,37.02,D
22.39818,70.04053,347.48,289.78,0.5,0.6,2025-12-11,799,h,39.31,D
22.39706,70.04349,352.42,283.66,0.5,0.6,2025-12-11,2038,h,47.31,N
22.32514,69.72529,351.75,286.81,0.5,0.6,2025-12-11,2077,h,44.75,N
25.4236,85.96961,345.64,284.72,0.5,0.6,2025-12-11,2034,h,30.61,N
25.42525,85.97236,367.0,289.38,0.5,0.6,2025-12-11,764,h,67.0,D
28.60346,77.54478,345.52,284.79,0.5,0.6,2025-12-11,769,h,36.31,D
22.82829,69.52785,338.32,286.9,0.5,0.6,2025-12-11,2070,h,29.49,N
22.83331,69.52518,334.22,294.12,0.5,0.6,2025-12-11,2081,h,25.92,N
24.10647,82.67243,337.02,282.41,0.5,0.6,2025-12-11,2091,h,26.8,N
24.10063,82.67081,331.15,284.32,0.5,0.6,2025-12-11,2077,h,19.63,N
22.79712,86.19245,345.51,290.24,0.5,0.6,2025-12-11,790,h,43.64,D
22.79523,86.19589,345.82,288.4,0.5,0.6,2025-12-11,745,h,37.71,D
21.15969,72.65475,334.07,288.83,0.5,0.6,2025-12-11,2128,h,29.03,N
27.30986,77.70296,345.74,285.07,0.5,0.6,2025-12-12,765,n,49.29,D
27.31576,77.70443,355.42,288.35,0.5,0.6,2025-12-12,746,h,51.7,D
29.37718,76.87609,366.17,288.99,0.5,0.6,2025-12-12,750,h,61.92,D
29.37583,76.87927,367.0,290.13,0.5,0.6,2025-12-12,2050,h,63.52,N
22.39588,70.04483,364.45,285.8,0.5,0.6,2025-12-12,2067,h,52.51,N
22.32787,69.72407,358.35,286.79,0.5,0.6,2025-12-12,2095,h,52.47,N
28.6002,77.5434,334.82,286.4,0.5,0.6,2025-12-12,2014,h,25.58,N
22.82558,69.53067,333.53,290.14,0.5,0.6,2025-12-12,793,h,29.63,D
22.79297,86.19234,342.38,289.63,0.5,0.6,2025-12-12,804,h,35.98,D
21.15984,72.65693,338.76,283.43,0.5,0.6,2025-12-12,731,h,24.59,D
27.31237,77.70358,338.16,289.93,0.5,0.6,2025-12-13,759,n,32.55,D
27.31491,77.70702,359.68,289.43,0.5,0.6,2025-12-13,2107,h,51.88,N
29.37751,76.87889,358.36,287.47,0.5,0.6,2025-12-13,792,n,52.73,D
22.39561,70.03851,350.72,286.28,0.5,0.6,2025-12-13,2103,h,45.4,N
22.39741,70.04637,362.03,284.6,0.5,0.6,2025-12-13,2043,h,58.91,N
22.32735,69.7218,351.93,285.95,0.5,0.6,2025-12-13,2050,h,50.8,N
25.42077,85.97484,355.89,284.36,0.5,0.6,2025-12-13,786,h,51.58,D
28.6012,77.54941,340.94,291.32,0.5,0.6,2025-12-13,802,h,34.52,D
22.8281,69.52874,332.17,285.54,0.5,0.6,2025-12-13,759,h,19.6,D
22.82815,69.52617,347.96,287.54,0.5,0.6,2025-12-13,2024,n,41.2,N
24.1018,82.6678,346.16,284.24,0.5,0.6,2025-12-13,824,h,36.98,D
24.10755,82.67181,338.33,283.93,0.5,0.6,2025-12-13,747,n,27.0,D
21.15816,72.65767,336.01,288.7,0.5,0.6,2025-12-13,2093,h,27.86,N
27.3148,77.70694,351.16,288.67,0.5,0.6,2025-12-14,2042,h,46.75,N
27.31662,77.70437,344.95,286.42,0.5,0.6,2025-12-14,809,h,38.07,D
29.37652,76.87839,348.89,288.76,0.5,0.6,2025-12-14,785,h,48.2,D
29.37807,76.87852,361.75,286.97,0.5,0.6,2025-12-14,2103,h,62.87,N
22.39723,70.04426,345.36,287.06,0.5,0.6,2025-12-14,2074,h,41.67,N
22.32725,69.72164,360.67,284.98,0.5,0.6,2025-12-14,2070,h,53.94,N
22.32762,69.72513,347.96,289.82,0.5,0.6,2025-12-14,823,n,40.53,D
25.42312,85.97622,347.7,288.94,0.5,0.6,2025-12-14,2101,h,38.75,N
25.42117,85.97526,346.74,284.12,0.5,0.6,2025-12-14,2001,h,39.64,N
28.60091,77.54696,334.11,289.59,0.5,0.6,2025-12-14,2046,h,16.32,N
28.60135,77.54487,341.84,288.71,0.5,0.6,2025-12-14,2017,h,34.37,N
22.83248,69.53127,347.76,291.5,0.5,0.6,2025-12-14,2029,h,41.27,N
22.83101,69.53026,335.14,286.24,0.5,0.6,2025-12-14,803,h,29.77,D
24.10231,82.66715,339.47,290.51,0.5,0.6,2025-12-14,777,h,31.84,D
24.10742,82.66563,358.87,288.28,0.5,0.6,2025-12-14,2038,h,47.03,N
22.79448,86.19397,334.24,288.88,0.5,0.6,2025-12-14,799,h,26.02,D
22.79306,86.19425,348.42,290.76,0.5,0.6,2025-12-14,2039,n,42.4,N
21.15408,72.65781,347.19,287.36,0.5,0.6,2025-12-14,788,h,43.18,D
21.1589,72.66066,334.71,287.32,0.5,0.6,2025-12-14,2005,h,27.42,N
27.315,77.70171,357.21,291.48,0.5,0.6,2025-12-15,735,h,54.56,D
27.31526,77.70436,358.69,283.01,0.5,0.6,2025-12-15,2124,h,54.2,N
29.37645,76.87617,356.5,290.81,0.5,0.6,2025-12-15,798,n,53.01,D
29.37858,76.87725,356.73,287.84,0.5,0.6,2025-12-15,764,n,47.69,D
22.3984,70.04216,350.88,287.48,0.5,0.6,2025-12-15,2014,h,47.48,N
22.32995,69.72182,347.14,292.39,0.5,0.6,2025-12-15,761,h,35.16,D
22.83202,69.53013,333.04,289.51,0.5,0.6,2025-12-15,2044,h,26.41,N
21.15693,72.65829,331.4,290.14,0.5,0.6,2025-12-15,2085,h,21.44,N
27.31512,77.70481,347.57,292.51,0.5,0.6,2025-12-16,2016,h,39.59,N
29.37543,76.87806,349.31,288.58,0.5,0.6,2025-12-16,816,h,42.52,D
22.3953,70.04066,338.68,294.16,0.5,0.6,2025-12-16,2001,n,28.57,N
22.32997,69.72602,367.0,288.11,0.5,0.6,2025-12-16,2071,n,65.28,N
25.4241,85.97342,339.82,287.04,0.5,0.6,2025-12-16,2093,n,31.17,N
25.42336,85.97277,354.68,282.04,0.5,0.6,2025-12-16,797,h,56.73,D
22.82799,69.52712,349.4,287.84,0.5,0.6,2025-12-16,2124,h,44.21,N
22.82929,69.52946,341.38,288.3,0.5,0.6,2025-12-16,806,n,32.25,D
24.10461,82.67171,333.53,290.84,0.5,0.6,2025-12-16,786,h,24.14,D
24.10303,82.67436,345.05,288.62,0.5,0.6,2025-12-16,2020,n,30.73,N
22.79193,86.1933,344.78,286.52,0.5,0.6,2025-12-16,821,h,37.71,D
21.15558,72.65621,339.85,285.1,0.5,0.6,2025-12-16,2065,h,30.95,N
21.15406,72.65598,331.32,282.59,0.5,0.6,2025-12-16,2058,h,18.83,N
27.3146,77.70202,341.37,291.68,0.5,0.6,2025-12-17,2080,h,33.39,N
29.37649,76.87635,351.1,287.58,0.5,0.6,2025-12-17,2077,n,45.89,N
22.39543,70.0428,357.59,287.82,0.5,0.6,2025-12-17,808,h,55.32,D
22.32731,69.7201,367.0,286.5,0.5,0.6,2025-12-17,826,h,77.76,D
25.41694,85.97411,354.28,291.93,0.5,0.6,2025-12-17,2083,h,45.2,N
25.4218,85.97553,342.65,287.44,0.5,0.6,2025-12-17,2073,h,39.0,N
28.6021,77.5447,341.04,289.98,0.5,0.6,2025-12-17,731,h,31.74,D
28.60346,77.54483,331.67,287.01,0.5,0.6,2025-12-17,2077,h,18.96,N
22.8278,69.53094,335.47,284.41,0.5,0.6,2025-12-17,2023,h,30.23,N
22.82488,69.52927,342.37,288.88,0.5,0.6,2025-12-17,2064,h,35.6,N
22.79352,86.19504,336.77,290.25,0.5,0.6,2025-12-17,2044,h,27.07,N
22.79625,86.19376,329.29,287.02,0.5,0.6,2025-12-17,779,h,28.55,D
21.16079,72.65795,358.14,284.07,0.5,0.6,2025-12-17,2101,h,53.05,N
27.3134,77.70368,349.62,289.92,0.5,0.6,2025-12-18,2022,h,40.23,N
27.31641,77.70127,336.8,288.03,0.5,0.6,2025-12-18,804,h,31.8,D
29.37915,76.87704,342.47,286.28,0.5,0.6,2025-12-18,757,h,39.38,D
22.39483,70.04484,366.3,283.5,0.5,0.6,2025-12-18,813,n,63.92,D
25.42662,85.97268,350.43,290.0,0.5,0.6,2025-12-18,2018,n,48.73,N
28.5995,77.54426,348.71,286.33,0.5,0.6,2025-12-18,2029,h,36.55,N
22.8254,69.52644,333.28,289.1,0.5,0.6,2025-12-18,2082,n,17.57,N
24.10794,82.6686,343.35,288.17,0.5,0.6,2025-12-18,2093,h,37.23,N
24.10684,82.67009,344.47,292.22,0.5,0.6,2025-12-18,2118,n,39.41,N
21.15711,72.65992,333.32,282.96,0.5,0.6,2025-12-18,792,h,28.52,D
29.37787,76.87888,344.32,287.03,0.5,0.6,2025-12-19,768,h,46.82,D
22.3953,70.03887,367.0,289.05,0.5,0.6,2025-12-19,2126,h,65.8,N
22.32891,69.7213,361.06,287.43,0.5,0.6,2025-12-19,2071,h,54.51,N
22.33133,69.7205,349.76,289.46,0.5,0.6,2025-12-19,2033,h,42.13,N
25.42752,85.9731,346.45,287.48,0.5,0.6,2025-12-19,2046,h,44.02,N
25.42345,85.9738,355.14,288.61,0.5,0.6,2025-12-19,763,h,54.44,D
28.59976,77.54367,345.85,283.05,0.5,0.6,2025-12-19,2014,h,42.91,N
28.59699,77.54705,326.48,286.27,0.5,0.6,2025-12-19,757,h,18.23,D
22.82315,69.52878,353.37,289.39,0.5,0.6,2025-12-19,2023,n,43.33,N
22.82517,69.5257,344.08,284.45,0.5,0.6,2025-12-19,2102,h,37.97,N
24.10809,82.66995,351.72,286.44,0.5,0.6,2025-12-19,2087,h,42.54,N
22.7951,86.19376,334.32,283.95,0.5,0.6,2025-12-19,741,h,23.17,D
22.793,86.19386,338.34,289.48,0.5,0.6,2025-12-19,2015,h,23.27,N
27.31364,77.70544,343.55,289.75,0.5,0.6,2025-12-20,2068,h,33.02,N
29.37627,76.88222,335.3,289.7,0.5,0.6,2025-12-20,744,h,30.72,D
22.395,70.03825,354.11,284.17,0.5,0.6,2025-12-20,777,h,54.69,D
22.32908,69.72157,344.08,289.84,0.5,0.6,2025-12-20,733,h,34.23,D
22.32938,69.722,346.02,285.93,0.5,0.6,2025-12-20,732,n,39.88,D
25.42723,85.97611,342.94,292.05,0.5,0.6,2025-12-20,2006,h,29.86,N
25.42386,85.97624,365.98,293.26,0.5,0.6,2025-12-20,2037,h,66.99,N
28.6026,77.54791,334.71,289.53,0.5,0.6,2025-12-20,773,n,21.4,D
22.82764,69.52543,338.88,287.75,0.5,0.6,2025-12-20,741,h,28.48,D
24.10341,82.67072,334.06,284.01,0.5,0.6,2025-12-20,742,h,22.62,D
22.79412,86.19441,327.72,289.38,0.5,0.6,2025-12-20,2091,n,18.14,N
22.79473,86.19657,328.65,285.01,0.5,0.6,2025-12-20,778,h,25.47,D
21.16085,72.65801,340.1,283.19,0.5,0.6,2025-12-20,732,h,37.54,D
27.3142,77.70171,367.0,289.45,0.5,0.6,2025-12-21,2014,h,60.54,N
29.37594,76.87726,361.86,287.4,0.5,0.6,2025-12-21,763,h,53.01,D
22.39682,70.04237,367.0,291.45,0.5,0.6,2025-12-21,809,h,76.67,D
22.39455,70.04279,357.91,295.22,0.5,0.6,2025-12-21,777,h,53.45,D
22.32513,69.72474,341.41,289.68,0.5,0.6,2025-12-21,749,h,35.12,D
28.60171,77.55287,339.45,284.11,0.5,0.6,2025-12-21,2022,h,33.32,N
21.15776,72.65928,348.83,289.29,0.5,0.6,2025-12-21,747,h,37.5,D
21.15981,72.66103,328.09,290.47,0.5,0.6,2025-12-21,2006,n,19.77,N
27.31314,77.70185,345.12,285.95,0.5,0.6,2025-12-22,2072,n,39.5,N
29.37721,76.87869,344.4,282.89,0.5,0.6,2025-12-22,2013,h,38.96,N
29.37837,76.88015,336.38,283.9,0.5,0.6,2025-12-22,806,h,28.79,D
22.39891,70.04292,345.25,285.52,0.5,0.6,2025-12-22,742,h,37.21,D
22.32776,69.72309,360.75,287.09,0.5,0.6,2025-12-22,2066,h,55.4,N
25.42483,85.97386,345.51,282.09,0.5,0.6,2025-12-22,2104,h,36.64,N
28.59889,77.54593,345.71,288.28,0.5,0.6,2025-12-22,730,h,34.81,D
28.59796,77.54564,336.48,284.97,0.5,0.6,2025-12-22,769,h,27.24,D
22.82874,69.53017,341.61,285.17,0.5,0.6,2025-12-22,828,h,34.82,D
22.82819,69.52764,334.58,289.41,0.5,0.6,2025-12-22,750,n,22.89,D
24.10656,82.66853,350.37,287.12,0.5,0.6,2025-12-22,2016,h,39.58,N
24.10325,82.67227,342.06,287.58,0.5,0.6,2025-12-22,747,h,37.79,D
22.79388,86.19638,339.93,283.0,0.5,0.6,2025-12-22,731,h,27.38,D
22.79714,86.19245,335.92,286.13,0.5,0.6,2025-12-22,795,h,24.02,D
21.1554,72.65802,329.17,283.82,0.5,0.6,2025-12-22,2006,h,18.83,N
27.31188,77.70451,342.39,293.41,0.5,0.6,2025-12-23,2062,h,35.39,N
29.37147,76.87711,348.61,290.59,0.5,0.6,2025-12-23,756,n,44.49,D
22.39858,70.0423,345.51,287.9,0.5,0.6,2025-12-23,785,h,39.68,D
25.42237,85.9717,348.71,288.36,0.5,0.6,2025-12-23,2049,h,40.51,N
28.60163,77.54743,338.55,285.77,0.5,0.6,2025-12-23,2100,h,28.79,N
24.10353,82.66968,357.89,291.66,0.5,0.6,2025-12-23,822,n,41.49,D
24.10215,82.66748,341.05,283.16,0.5,0.6,2025-12-23,785,h,29.53,D
22.79118,86.1987,325.25,287.82,0.5,0.6,2025-12-23,762,h,20.42,D
22.79385,86.19361,335.74,287.05,0.5,0.6,2025-12-23,745,h,24.3,D
21.15766,72.65546,333.71,282.67,0.5,0.6,2025-12-23,802,h,21.41,D
21.15593,72.65953,336.92,288.6,0.5,0.6,2025-12-23,793,n,29.98,D
27.31399,77.7061,345.33,287.66,0.5,0.6,2025-12-24,2056,h,35.75,N
29.37808,76.87774,348.41,284.09,0.5,0.6,2025-12-24,821,n,43.3,D
29.37596,76.87752,358.81,286.41,0.5,0.6,2025-12-24,2010,h,54.06,N
22.39225,70.03917,353.17,293.03,0.5,0.6,2025-12-24,2063,h,39.57,N
22.39631,70.0409,344.82,286.59,0.5,0.6,2025-12-24,782,n,36.69,D
22.32718,69.72261,342.72,287.36,0.5,0.6,2025-12-24,740,h,34.03,D
25.42401,85.97344,350.67,289.25,0.5,0.6,2025-12-24,2007,h,38.62,N
25.42195,85.97313,344.49,289.16,0.5,0.6,2025-12-24,790,h,41.54,D
28.59867,77.54186,333.37,292.01,0.5,0.6,2025-12-24,763,h,20.11,D
22.82748,69.52836,346.08,285.97,0.5,0.6,2025-12-24,824,h,37.36,D
22.8256,69.52974,343.29,288.33,0.5,0.6,2025-12-24,2064,h,34.34,N
24.10477,82.66987,345.26,283.38,0.5,0.6,2025-12-24,748,h,27.77,D
24.10426,82.67514,331.7,287.95,0.5,0.6,2025-12-24,822,n,23.58,D
22.79134,86.19039,332.96,292.55,0.5,0.6,2025-12-24,2035,h,28.33,N
22.79283,86.19096,351.96,287.41,0.5,0.6,2025-12-24,2123,h,49.96,N
21.15892,72.65635,336.44,290.25,0.5,0.6,2025-12-24,791,h,27.65,D
21.15648,72.65798,329.06,285.38,0.5,0.6,2025-12-24,760,h,22.45,D
27.31204,77.70539,341.92,286.82,0.5,0.6,2025-12-25,2046,h,37.0,N
29.37571,76.87544,366.5,285.42,0.5,0.6,2025-12-25,2029,h,62.39,N
29.37892,76.87742,367.0,291.93,0.5,0.6,2025-12-25,2125,h,75.71,N
22.39926,70.04281,353.82,293.22,0.5,0.6,2025-12-25,732,n,48.05,D
22.3265,69.7187,354.28,288.51,0.5,0.6,2025-12-25,2058,h,52.99,N
25.42322,85.97915,357.93,286.16,0.5,0.6,2025-12-25,2028,h,54.66,N
22.82608,69.52874,335.11,287.96,0.5,0.6,2025-12-25,2079,h,22.4,N
24.1035,82.6737,343.19,281.94,0.5,0.6,2025-12-25,814,h,39.21,D
24.10765,82.66998,344.45,287.46,0.5,0.6,2025-12-25,2103,n,37.88,N
22.79725,86.19341,327.93,289.9,0.5,0.6,2025-12-25,775,h,26.77,D
22.79285,86.19326,343.86,287.31,0.5,0.6,2025-12-25,768,n,33.68,D
27.31447,77.70092,336.79,287.47,0.5,0.6,2025-12-26,2041,h,34.8,N
29.37881,76.87647,345.77,286.1,0.5,0.6,2025-12-26,803,n,38.47,D
22.39436,70.04107,360.25,296.11,0.5,0.6,2025-12-26,804,h,52.27,D
22.39718,70.04064,348.51,280.14,0.5,0.6,2025-12-26,735,n,43.44,D
22.32549,69.72148,332.71,289.91,0.5,0.6,2025-12-26,2071,h,26.68,N
22.32752,69.72105,362.74,289.93,0.5,0.6,2025-12-26,749,h,57.15,D
25.42184,85.97551,341.43,288.3,0.5,0.6,2025-12-26,2029,h,30.89,N
28.59867,77.54459,341.93,286.78,0.5,0.6,2025-12-26,735,h,33.78,D
28.59911,77.54506,330.53,289.97,0.5,0.6,2025-12-26,771,h,19.58,D
22.82991,69.52946,349.65,292.71,0.5,0.6,2025-12-26,2075,h,39.62,N
21.16189,72.65924,336.26,288.92,0.5,0.6,2025-12-26,778,h,31.77,D
27.31381,77.70587,333.79,291.61,0.5,0.6,2025-12-27,2122,h,22.78,N
29.37801,76.87906,348.62,286.45,0.5,0.6,2025-12-27,2121,n,44.96,N
29.37728,76.87687,358.19,284.61,0.5,0.6,2025-12-27,2055,h,51.06,N
22.39923,70.04524,360.42,294.76,0.5,0.6,2025-12-27,747,h,54.12,D
22.3977,70.04133,363.96,288.4,0.5,0.6,2025-12-27,764,h,61.35,D
22.32645,69.72391,360.68,284.61,0.5,0.6,2025-12-27,819,h,52.98,D
22.33053,69.72089,357.21,283.89,0.5,0.6,2025-12-27,2065,h,50.04,N
25.42629,85.97249,339.46,281.87,0.5,0.6,2025-12-27,755,n,29.37,D
28.60124,77.55082,336.91,286.69,0.5,0.6,2025-12-27,789,h,25.9,D
28.60344,77.54494,350.9,287.9,0.5,0.6,2025-12-27,2017,h,42.65,N
22.8266,69.52733,333.28,284.29,0.5,0.6,2025-12-27,2025,h,19.7,N
24.10382,82.67092,343.35,285.53,0.5,0.6,2025-12-27,2039,h,30.39,N
22.79368,86.19646,339.51,285.49,0.5,0.6,2025-12-27,2014,n,21.88,N
22.79373,86.19102,362.16,286.52,0.5,0.6,2025-12-27,827,n,60.8,D
27.31024,77.7058,336.51,287.99,0.5,0.6,2025-12-28,2083,n,29.9,N
27.31704,77.70545,353.61,293.1,0.5,0.6,2025-12-28,794,h,52.87,D
29.38006,76.87183,352.59,290.77,0.5,0.6,2025-12-28,2094,h,42.86,N
22.39223,70.04426,361.96,289.56,0.5,0.6,2025-12-28,2047,h,60.48,N
22.32472,69.71834,349.29,288.82,0.5,0.6,2025-12-28,820,h,43.65,D
25.42439,85.97601,357.9,290.21,0.5,0.6,2025-12-28,788,n,51.97,D
22.82804,69.52916,332.55,283.98,0.5,0.6,2025-12-28,2085,h,21.97,N
22.79323,86.19579,335.47,285.98,0.5,0.6,2025-12-28,2090,h,31.75,N
22.79512,86.19488,342.87,287.18,0.5,0.6,2025-12-28,777,h,34.88,D
21.15818,72.65776,362.6,287.62,0.5,0.6,2025-12-28,2022,h,64.55,N
27.3131,77.70362,343.13,286.04,0.5,0.6,2025-12-29,787,h,40.41,D
29.3775,76.87456,354.11,290.24,0.5,0.6,2025-12-29,810,h,51.5,D
22.3967,70.04137,347.96,289.49,0.5,0.6,2025-12-29,2017,h,39.08,N
22.39691,70.04047,353.44,282.33,0.5,0.6,2025-12-29,805,h,47.48,D
22.32405,69.72455,351.29,285.64,0.5,0.6,2025-12-29,739,h,49.87,D
22.82387,69.52621,356.16,288.7,0.5,0.6,2025-12-29,2084,h,43.74,N
24.10286,82.67287,331.23,288.04,0.5,0.6,2025-12-29,2030,n,23.1,N
24.10522,82.67392,338.13,292.58,0.5,0.6,2025-12-29,2039,h,29.07,N
22.79472,86.19381,331.53,291.7,0.5,0.6,2025-12-29,2027,n,20.89,N
21.1585,72.65889,338.81,283.06,0.5,0.6,2025-12-29,822,n,33.43,D
27.31798,77.70212,359.12,290.28,0.5,0.6,2025-12-30,2045,h,51.88,N
29.37492,76.87929,350.13,288.71,0.5,0.6,2025-12-30,2070,h,42.16,N
29.37957,76.8776,341.73,285.57,0.5,0.6,2025-12-30,2067,h,31.28,N
22.39173,70.04123,361.87,287.5,0.5,0.6,2025-12-30,2090,h,60.28,N
22.39045,70.04547,364.59,285.65,0.5,0.6,2025-12-30,2075,n,52.76,N
25.42383,85.97352,355.26,286.98,0.5,0.6,2025-12-30,2088,h,51.28,N
28.59572,77.5457,334.47,285.99,0.5,0.6,2025-12-30,2066,h,24.82,N
22.82606,69.528,348.21,290.38,0.5,0.6,2025-12-30,786,h,38.09,D
24.10033,82.66894,341.68,292.86,0.5,0.6,2025-12-30,803,h,35.7,D
24.10625,82.66963,342.78,283.58,0.5,0.6,2025-12-30,2129,n,31.35,N
22.79085,86.19062,346.69,287.42,0.5,0.6,2025-12-30,2081,h,36.37,N
29.37567,76.8776,350.12,287.97,0.5,0.6,2025-12-31,787,h,42.33,D
29.37742,76.87482,346.67,288.96,0.5,0.6,2025-12-31,2108,h,37.65,N
22.39276,70.0399,342.27,288.28,0.5,0.6,2025-12-31,799,h,37.74,D
22.39701,70.04628,343.03,291.16,0.5,0.6,2025-12-31,790,n,41.16,D
22.32762,69.71964,353.91,288.06,0.5,0.6,2025-12-31,816,n,44.88,D
25.42469,85.9724,336.97,285.31,0.5,0.6,2025-12-31,765,h,25.89,D
28.60472,77.5475,340.91,282.75,0.5,0.6,2025-12-31,783,h,31.04,D
28.60305,77.54679,335.17,287.34,0.5,0.6,2025-12-31,829,h,31.03,D
22.83076,69.52786,327.7,284.17,0.5,0.6,2025-12-31,788,h,19.34,D
22.82699,69.52955,342.66,286.93,0.5,0.6,2025-12-31,796,h,30.6,D
24.10358,82.66656,335.12,288.49,0.5,0.6,2025-12-31,776,h,32.29,D
24.10861,82.66784,335.94,285.39,0.5,0.6,2025-12-31,784,h,28.89,D
22.79483,86.19198,334.49,290.4,0.5,0.6,2025-12-31,2063,n,27.37,N
22.79282,86.19537,351.81,289.59,0.5,0.6,2025-12-31,2071,n,40.83,N
21.15887,72.65599,338.97,288.74,0.5,0.6,2025-12-31,779,n,29.51,D
27.31422,77.70281,357.13,288.55,0.5,0.6,2026-01-01,2068,h,42.84,N
27.31552,77.70553,356.09,291.82,0.5,0.6,2026-01-01,2088,h,47.48,N
29.37656,76.87789,340.78,285.11,0.5,0.6,2026-01-01,822,h,29.12,D
29.37808,76.87731,350.22,286.66,0.5,0.6,2026-01-01,829,n,44.25,D
22.39506,70.04284,338.53,287.69,0.5,0.6,2026-01-01,773,n,31.28,D
22.32977,69.7196,350.27,286.84,0.5,0.6,2026-01-01,2098,h,44.12,N
25.42247,85.97506,357.99,287.84,0.5,0.6,2026-01-01,760,h,55.94,D
28.59517,77.54953,333.9,292.92,0.5,0.6,2026-01-01,762,n,24.55,D
28.59673,77.54567,342.2,286.56,0.5,0.6,2026-01-01,809,h,32.85,D
22.83195,69.52801,333.81,287.02,0.5,0.6,2026-01-01,2002,h,23.7,N
24.10453,82.67277,341.92,291.04,0.5,0.6,2026-01-01,2074,n,30.6,N
27.31307,77.7036,349.79,291.5,0.5,0.6,2026-01-02,809,h,43.68,D
29.37934,76.87655,353.47,291.03,0.5,0.6,2026-01-02,775,h,41.16,D
29.37767,76.882,356.75,283.8,0.5,0.6,2026-01-02,781,h,54.99,D
22.39546,70.04306,353.38,289.9,0.5,0.6,2026-01-02,2063,n,50.25,N
22.39826,70.04144,367.0,285.78,0.5,0.6,2026-01-02,821,n,63.42,D
22.32627,69.72082,351.35,288.48,0.5,0.6,2026-01-02,819,n,40.57,D
25.42512,85.97564,360.4,288.53,0.5,0.6,2026-01-02,801,h,57.73,D
28.59952,77.54732,343.81,286.21,0.5,0.6,2026-01-02,746,h,41.1,D
28.59894,77.54514,333.31,287.52,0.5,0.6,2026-01-02,750,n,21.08,D
22.82632,69.5305,341.47,289.21,0.5,0.6,2026-01-02,757,n,30.57,D
24.10617,82.66763,347.18,285.73,0.5,0.6,2026-01-02,2085,h,41.57,N
22.79568,86.19428,333.67,289.23,0.5,0.6,2026-01-02,807,h,26.0,D
22.79304,86.19718,331.36,285.9,0.5,0.6,2026-01-02,2061,h,21.12,N
21.15642,72.65434,329.0,286.1,0.5,0.6,2026-01-02,772,h,19.51,D
21.15782,72.66006,345.33,285.6,0.5,0.6,2026-01-02,827,n,45.01,D
27.31409,77.70375,367.0,289.2,0.5,0.6,2026-01-03,777,h,67.01,D
27.31837,77.70527,350.63,290.73,0.5,0.6,2026-01-03,825,n,48.2,D
29.3818,76.8771,340.49,288.23,0.5,0.6,2026-01-03,815,n,38.02,D
22.3266,69.72307,348.09,289.14,0.5,0.6,2026-01-03,784,h,39.64,D
22.32486,69.71987,344.32,286.78,0.5,0.6,2026-01-03,2028,n,42.06,N
25.4246,85.97293,354.41,291.58,0.5,0.6,2026-01-03,2044,h,46.53,N
25.42335,85.96932,367.0,286.09,0.5,0.6,2026-01-03,2091,n,70.49,N
28.59847,77.54623,346.61,291.13,0.5,0.6,2026-01-03,809,n,35.04,D
28.59866,77.54236,332.87,286.1,0.5,0.6,2026-01-03,786,h,25.37,D
24.10142,82.66842,343.45,285.83,0.5,0.6,2026-01-03,2000,h,36.33,N
24.10237,82.67054,336.92,286.46,0.5,0.6,2026-01-03,2078,h,28.3,N
21.15699,72.66008,349.77,288.93,0.5,0.6,2026-01-03,794,h,33.7,D
21.1578,72.65748,342.4,291.46,0.5,0.6,2026-01-03,2092,n,32.29,N
22.39793,70.04255,353.49,285.64,0.5,0.6,2026-01-04,826,h,48.55,D
22.33077,69.72118,355.16,284.53,0.5,0.6,2026-01-04,788,h,50.03,D
22.32735,69.72165,367.0,289.5,0.5,0.6,2026-01-04,2003,h,76.29,N
25.42545,85.97437,366.12,290.45,0.5,0.6,2026-01-04,798,h,59.14,D
25.425,85.97237,333.25,288.21,0.5,0.6,2026-01-04,2073,h,30.4,N
28.6027,77.54674,334.76,290.01,0.5,0.6,2026-01-04,2009,h,22.98,N
22.83024,69.52719,345.56,288.4,0.5,0.6,2026-01-04,2121,h,46.17,N
24.10368,82.66919,335.96,284.11,0.5,0.6,2026-01-04,822,n,25.29,D
24.102,82.67206,340.68,284.12,0.5,0.6,2026-01-04,2125,n,36.01,N
22.79455,86.19558,334.35,290.76,0.5,0.6,2026-01-04,736,h,27.65,D
21.16002,72.65657,337.43,286.32,0.5,0.6,2026-01-04,2039,h,36.78,N
21.15566,72.65934,344.09,286.88,0.5,0.6,2026-01-04,791,h,39.07,D
27.31505,77.70369,353.77,290.32,0.5,0.6,2026-01-05,2011,h,46.29,N
27.31535,77.70231,341.92,288.18,0.5,0.6,2026-01-05,2010,h,34.87,N
29.37665,76.87641,353.34,289.33,0.5,0.6,2026-01-05,2117,h,48.5,N
29.37574,76.87844,347.58,290.59,0.5,0.6,2026-01-05,743,h,41.09,D
22.39549,70.03853,364.36,289.52,0.5,0.6,2026-01-05,2026,h,62.9,N
22.32858,69.72084,353.14,290.8,0.5,0.6,2026-01-05,2099,h,43.6,N
22.3277,69.71962,363.28,283.63,0.5,0.6,2026-01-05,779,h,58.57,D
25.42198,85.97754,363.72,288.74,0.5,0.6,2026-01-05,736,h,55.62,D
25.42433,85.97457,366.82,286.12,0.5,0.6,2026-01-05,2047,n,63.58,N
28.59925,77.54548,348.73,289.6,0.5,0.6,2026-01-05,763,h,36.93,D
22.78911,86.19283,336.77,286.64,0.5,0.6,2026-01-05,776,h,30.17,D
22.79306,86.19145,342.88,282.1,0.5,0.6,2026-01-05,2047,h,35.78,N
21.15725,72.66197,341.2,286.38,0.5,0.6,2026-01-05,780,h,30.05,D
27.31279,77.7065,348.04,292.55,0.5,0.6,2026-01-06,2121,h,38.61,N
29.3795,76.88168,342.82,284.95,0.5,0.6,2026-01-06,805,n,38.37,D
29.37693,76.87373,347.06,287.8,0.5,0.6,2026-01-06,786,h,38.01,D
22.39717,70.04232,357.42,285.22,0.5,0.6,2026-01-06,2091,n,51.3,N
22.39683,70.04007,343.09,288.57,0.5,0.6,2026-01-06,2058,h,36.74,N
22.32176,69.72174,367.0,285.07,0.5,0.6,2026-01-06,2015,h,80.38,N
25.42355,85.97364,355.34,286.99,0.5,0.6,2026-01-06,764,h,47.93,D
25.42131,85.971,356.33,282.39,0.5,0.6,2026-01-06,791,h,52.93,D
28.60136,77.54818,334.13,289.66,0.5,0.6,2026-01-06,2110,h,23.63,N
28.60111,77.54503,343.95,290.01,0.5,0.6,2026-01-06,2089,h,32.74,N
22.82793,69.52833,343.83,283.99,0.5,0.6,2026-01-06,823,h,37.87,D
24.10686,82.66674,338.38,286.8,0.5,0.6,2026-01-06,785,h,38.74,D
21.15814,72.65813,349.52,286.86,0.5,0.6,2026-01-06,2048,h,47.79,N
27.31289,77.70296,344.85,284.21,0.5,0.6,2026-01-07,2033,n,39.09,N
29.37848,76.87689,356.2,294.36,0.5,0.6,2026-01-07,819,h,43.41,D
22.32848,69.72599,353.02,289.56,0.5,0.6,2026-01-07,2010,h,44.88,N
22.3263,69.72468,344.65,284.73,0.5,0.6,2026-01-07,796,n,38.85,D
25.42298,85.97558,352.89,286.62,0.5,0.6,2026-01-07,2094,n,50.02,N
25.42256,85.97174,340.77,288.61,0.5,0.6,2026-01-07,2111,h,31.07,N
28.59948,77.5434,343.92,289.95,0.5,0.6,2026-01-07,2050,h,35.71,N
22.82663,69.53038,351.74,290.16,0.5,0.6,2026-01-07,2117,n,50.09,N
22.82426,69.52695,331.64,290.52,0.5,0.6,2026-01-07,765,h,21.61,D
21.15706,72.66111,340.94,287.2,0.5,0.6,2026-01-07,2054,n,35.87,N
21.15664,72.66078,336.51,288.42,0.5,0.6,2026-01-07,2088,h,27.27,N
27.31348,77.70403,344.05,290.66,0.5,0.6,2026-01-08,733,h,37.08,D
22.39615,70.04167,335.67,289.11,0.5,0.6,2026-01-08,788,h,27.24,D
22.39825,70.03958,353.54,285.34,0.5,0.6,2026-01-08,814,n,43.6,D
22.32603,69.72555,358.18,286.76,0.5,0.6,2026-01-08,783,h,52.7,D
22.3288,69.72347,340.2,288.25,0.5,0.6,2026-01-08,752,n,37.0,D
25.42797,85.97011,367.0,289.04,0.5,0.6,2026-01-08,2021,n,79.46,N
28.59613,77.54615,343.94,291.52,0.5,0.6,2026-01-08,2083,n,37.06,N
28.60319,77.54609,339.6,288.21,0.5,0.6,2026-01-08,2048,n,30.38,N
22.83117,69.5297,334.59,286.03,0.5,0.6,2026-01-08,754,h,28.26,D
22.83006,69.531,354.45,291.6,0.5,0.6,2026-01-08,736,h,45.42,D
24.10373,82.66964,330.85,293.51,0.5,0.6,2026-01-08,2103,h,23.57,N
22.79529,86.19752,332.77,289.62,0.5,0.6,2026-01-08,2060,h,20.47,N
22.79807,86.19353,343.65,286.1,0.5,0.6,2026-01-08,2094,n,35.5,N
21.15707,72.65709,335.38,289.25,0.5,0.6,2026-01-08,734,n,24.3,D
27.31367,77.70406,352.86,291.52,0.5,0.6,2026-01-09,776,n,43.07,D
29.37971,76.87709,364.78,292.23,0.5,0.6,2026-01-09,757,n,64.24,D
29.37956,76.88323,349.2,288.05,0.5,0.6,2026-01-09,766,h,37.38,D
22.39662,70.04392,351.58,287.55,0.5,0.6,2026-01-09,828,n,47.76,D
22.32519,69.72088,355.9,291.89,0.5,0.6,2026-01-09,2052,n,46.91,N
22.32953,69.71909,351.86,287.81,0.5,0.6,2026-01-09,795,h,50.11,D
25.42297,85.97208,367.0,289.04,0.5,0.6,2026-01-09,2125,n,76.13,N
28.59383,77.55084,341.15,291.26,0.5,0.6,2026-01-09,2006,n,31.4,N
22.82856,69.53086,333.23,291.66,0.5,0.6,2026-01-09,2076,n,25.51,N
24.10085,82.66892,341.09,291.47,0.5,0.6,2026-01-09,2113,h,31.78,N
21.15804,72.65917,346.34,287.64,0.5,0.6,2026-01-09,751,h,36.84,D
21.15794,72.65633,332.33,288.77,0.5,0.6,2026-01-09,2022,h,24.21,N
27.3122,77.70487,346.17,288.16,0.5,0.6,2026-01-10,2084,h,41.67,N
29.37648,76.87468,338.26,284.04,0.5,0.6,2026-01-10,759,h,30.65,D
22.40026,70.04282,347.37,289.29,0.5,0.6,2026-01-10,744,h,41.05,D
22.32821,69.71919,344.33,291.22,0.5,0.6,2026-01-10,767,h,40.07,D
22.32479,69.72226,340.37,294.63,0.5,0.6,2026-01-10,2070,n,33.31,N
25.42633,85.97093,344.83,288.77,0.5,0.6,2026-01-10,2022,h,42.34,N
25.42287,85.97465,354.75,285.75,0.5,0.6,2026-01-10,733,h,55.25,D
28.59937,77.54425,340.17,287.18,0.5,0.6,2026-01-10,2035,h,32.58,N
22.82886,69.52195,332.18,291.61,0.5,0.6,2026-01-10,2108,h,25.8,N
24.10319,82.67019,335.31,284.97,0.5,0.6,2026-01-10,779,h,27.0,D
22.79552,86.19553,346.52,289.91,0.5,0.6,2026-01-10,764,h,38.28,D
22.79191,86.19093,357.53,285.23,0.5,0.6,2026-01-10,2100,h,46.53,N
27.31834,77.70462,354.72,289.4,0.5,0.6,2026-01-11,814,n,50.41,D
27.30946,77.70339,346.96,286.35,0.5,0.6,2026-01-11,2047,h,41.08,N
29.37525,76.87813,347.06,281.53,0.5,0.6,2026-01-11,760,n,41.8,D
22.39522,70.0443,359.51,288.99,0.5,0.6,2026-01-11,2045,h,51.4,N
22.39536,70.04155,362.36,288.79,0.5,0.6,2026-01-11,782,h,61.1,D
22.32966,69.71859,332.2,290.36,0.5,0.6,2026-01-11,794,h,30.06,D
22.32687,69.72176,367.0,290.38,0.5,0.6,2026-01-11,810,h,64.56,D
25.42374,85.97204,346.11,291.08,0.5,0.6,2026-01-11,2084,n,43.07,N
22.8256,69.52676,348.96,287.27,0.5,0.6,2026-01-11,2077,h,41.6,N
22.83027,69.5296,349.85,280.07,0.5,0.6,2026-01-11,2025,h,42.07,N
24.10179,82.6719,343.4,286.1,0.5,0.6,2026-01-11,828,h,33.62,D
24.09894,82.66686,344.27,282.6,0.5,0.6,2026-01-11,2043,h,27.68,N
22.7954,86.19332,336.37,286.03,0.5,0.6,2026-01-11,820,n,26.4,D
21.15757,72.65471,337.38,287.37,0.5,0.6,2026-01-11,2016,n,23.48,N
21.15794,72.65526,340.72,288.96,0.5,0.6,2026-01-11,776,h,30.76,D
27.31343,77.70781,346.62,284.54,0.5,0.6,2026-01-12,732,h,35.48,D
29.37406,76.87677,352.83,288.29,0.5,0.6,2026-01-12,2100,h,51.33,N
29.37784,76.877,339.76,285.2,0.5,0.6,2026-01-12,744,n,33.42,D
22.39475,70.04383,349.25,285.43,0.5,0.6,2026-01-12,790,h,37.2,D
22.32612,69.72434,347.37,286.71,0.5,0.6,2026-01-12,2073,h,36.8,N
22.32678,69.72025,353.37,289.39,0.5,0.6,2026-01-12,810,h,47.61,D
25.42616,85.97377,349.57,287.77,0.5,0.6,2026-01-12,2049,h,41.48,N
25.42417,85.97064,352.63,285.38,0.5,0.6,2026-01-12,759,h,49.14,D
28.60024,77.54916,340.03,292.59,0.5,0.6,2026-01-12,2025,h,34.46,N
28.60098,77.54424,342.03,290.09,0.5,0.6,2026-01-12,829,h,35.72,D
22.82791,69.5305,341.86,290.36,0.5,0.6,2026-01-12,2101,h,34.06,N
24.10677,82.66749,347.04,285.82,0.5,0.6,2026-01-12,746,h,37.41,D
24.10227,82.66841,337.35,287.27,0.5,0.6,2026-01-12,2075,h,23.38,N
22.79155,86.19632,334.45,282.65,0.5,0.6,2026-01-12,800,h,30.13,D
21.15391,72.6558,332.69,293.08,0.5,0.6,2026-01-12,2105,h,23.84,N
29.37856,76.87825,367.0,284.75,0.5,0.6,2026-01-13,745,h,89.86,D
22.39378,70.04269,362.71,290.56,0.5,0.6,2026-01-13,2124,n,57.75,N
25.42387,85.97377,367.0,288.23,0.5,0.6,2026-01-13,2076,h,66.99,N
28.59992,77.54968,342.44,290.19,0.5,0.6,2026-01-13,732,h,36.54,D
28.59895,77.54638,338.59,285.34,0.5,0.6,2026-01-13,745,h,29.27,D
22.82718,69.52958,337.93,291.25,0.5,0.6,2026-01-13,2088,h,24.6,N
24.10476,82.66888,350.23,285.32,0.5,0.6,2026-01-13,740,n,41.87,D
22.79698,86.19765,349.85,291.65,0.5,0.6,2026-01-13,756,n,38.61,D
22.79547,86.19252,348.2,287.38,0.5,0.6,2026-01-13,794,h,36.02,D
21.1603,72.6571,337.28,291.83,0.5,0.6,2026-01-13,2061,h,30.14,N
21.15564,72.65731,343.24,288.33,0.5,0.6,2026-01-13,756,h,34.6,D
27.31203,77.70911,349.14,289.7,0.5,0.6,2026-01-14,2111,h,41.92,N
27.31217,77.70488,344.09,290.38,0.5,0.6,2026-01-14,742,h,29.8,D
29.3863,76.88039,363.23,285.46,0.5,0.6,2026-01-14,2123,n,58.32,N
22.39795,70.04189,351.87,284.62,0.5,0.6,2026-01-14,2079,n,46.15,N
22.32584,69.72316,353.59,287.11,0.5,0.6,2026-01-14,789,n,53.09,D
25.42619,85.97459,347.52,288.24,0.5,0.6,2026-01-14,2001,h,40.4,N
28.59791,77.5454,334.22,282.4,0.5,0.6,2026-01-14,772,h,28.36,D
28.59712,77.54635,349.62,287.62,0.5,0.6,2026-01-14,803,h,40.12,D
22.83187,69.52635,323.54,289.46,0.5,0.6,2026-01-14,818,h,14.62,D
22.82729,69.52551,341.1,286.12,0.5,0.6,2026-01-14,749,n,34.17,D
24.10436,82.66986,331.35,286.82,0.5,0.6,2026-01-14,2115,n,23.17,N
24.10316,82.6702,340.47,287.07,0.5,0.6,2026-01-14,2098,h,27.81,N
22.79373,86.1939,339.72,285.46,0.5,0.6,2026-01-14,2051,h,30.35,N
22.79146,86.19412,328.21,286.31,0.5,0.6,2026-01-14,747,h,18.69,D
21.15929,72.66025,350.99,285.61,0.5,0.6,2026-01-14,2029,h,47.73,N
21.15844,72.6575,340.54,284.7,0.5,0.6,2026-01-14,2072,n,25.85,N
27.31267,77.70513,347.59,283.63,0.5,0.6,2026-01-15,2021,h,41.05,N
29.37669,76.88183,338.13,284.37,0.5,0.6,2026-01-15,2035,n,27.87,N
22.39086,70.04137,346.12,292.54,0.5,0.6,2026-01-15,2097,n,44.0,N
22.39584,70.04462,367.0,291.26,0.5,0.6,2026-01-15,2116,h,83.51,N
22.32829,69.7227,338.71,283.37,0.5,0.6,2026-01-15,2041,h,28.54,N
22.32577,69.72199,352.82,285.29,0.5,0.6,2026-01-15,777,h,46.58,D
25.42364,85.97619,358.49,286.36,0.5,0.6,2026-01-15,2010,h,57.35,N
25.42372,85.97527,344.31,287.34,0.5,0.6,2026-01-15,2091,h,36.98,N
22.82906,69.52773,343.16,292.0,0.5,0.6,2026-01-15,765,h,30.41,D
24.10466,82.66655,351.14,285.4,0.5,0.6,2026-01-15,2056,h,43.24,N
22.79135,86.19555,347.94,287.08,0.5,0.6,2026-01-15,785,h,41.28,D
21.15741,72.6585,339.69,283.43,0.5,0.6,2026-01-15,797,h,30.07,D
27.31465,77.70966,352.59,285.04,0.5,0.6,2026-01-16,759,h,47.24,D
27.31485,77.70305,345.06,292.03,0.5,0.6,2026-01-16,737,n,42.92,D
29.37867,76.87968,348.94,290.09,0.5,0.6,2026-01-16,828,h,50.66,D
29.37478,76.87838,339.74,288.47,0.5,0.6,2026-01-16,760,h,31.99,D
22.39514,70.03978,340.91,285.79,0.5,0.6,2026-01-16,2038,h,31.37,N
22.3942,70.04247,345.35,290.96,0.5,0.6,2026-01-16,772,h,37.91,D
22.32878,69.72232,361.82,287.39,0.5,0.6,2026-01-16,2026,n,56.25,N
25.42492,85.97325,367.0,290.62,0.5,0.6,2026-01-16,782,h,67.93,D
25.42336,85.97408,344.33,291.45,0.5,0.6,2026-01-16,2015,h,42.82,N
22.82815,69.53221,335.61,291.32,0.5,0.6,2026-01-16,2079,h,27.47,N
22.79621,86.19239,346.82,294.98,0.5,0.6,2026-01-16,2049,n,39.39,N
22.79515,86.19333,329.6,287.23,0.5,0.6,2026-01-16,2095,n,19.15,N
21.15849,72.65819,336.4,285.65,0.5,0.6,2026-01-16,764,h,27.07,D
27.31452,77.70367,367.0,287.16,0.5,0.6,2026-01-17,2008,h,82.43,N
27.31263,77.70286,343.51,282.75,0.5,0.6,2026-01-17,797,h,39.33,D
29.3795,76.87905,367.0,288.19,0.5,0.6,2026-01-17,800,h,72.05,D
22.39718,70.04037,357.38,287.43,0.5,0.6,2026-01-17,2120,h,51.42,N
22.39633,70.04107,367.0,286.21,0.5,0.6,2026-01-17,765,h,92.04,D
22.32867,69.7233,357.24,288.48,0.5,0.6,2026-01-17,2028,h,52.73,N
22.33019,69.72211,343.92,290.26,0.5,0.6,2026-01-17,2006,h,36.69,N
25.42147,85.9742,346.8,288.92,0.5,0.6,2026-01-17,802,n,40.72,D
28.59775,77.54758,335.36,288.85,0.5,0.6,2026-01-17,743,n,27.03,D
22.79152,86.19122,337.85,283.64,0.5,0.6,2026-01-17,792,h,31.4,D
22.7963,86.19406,340.2,280.03,0.5,0.6,2026-01-17,2058,n,32.29,N
21.15789,72.65576,340.39,290.23,0.5,0.6,2026-01-17,823,h,31.81,D
29.37908,76.87556,349.25,290.26,0.5,0.6,2026-01-18,733,h,39.44,D
29.38118,76.87759,358.06,288.77,0.5,0.6,2026-01-18,2060,h,61.44,N
22.39388,70.04189,350.9,290.97,0.5,0.6,2026-01-18,2029,h,43.02,N
22.39345,70.04222,367.0,279.08,0.5,0.6,2026-01-18,787,h,86.44,D
22.32747,69.7231,345.58,287.83,0.5,0.6,2026-01-18,2100,n,33.77,N
22.32689,69.72086,367.0,281.54,0.5,0.6,2026-01-18,2080,h,76.91,N
25.42681,85.97438,348.68,286.89,0.5,0.6,2026-01-18,2080,h,36.01,N
25.4215,85.97307,351.15,286.84,0.5,0.6,2026-01-18,2072,h,42.45,N
28.59889,77.54507,345.62,285.66,0.5,0.6,2026-01-18,2047,h,33.06,N
28.59997,77.54592,332.8,288.09,0.5,0.6,2026-01-18,2024,n,21.61,N
22.83215,69.53056,334.24,286.55,0.5,0.6,2026-01-18,2029,h,22.35,N
24.10545,82.67058,342.19,289.21,0.5,0.6,2026-01-18,782,h,33.18,D
24.10417,82.67349,340.0,288.31,0.5,0.6,2026-01-18,2119,h,31.08,N
22.79371,86.19242,341.41,287.36,0.5,0.6,2026-01-18,789,h,30.82,D
27.3112,77.70609,343.68,288.53,0.5,0.6,2026-01-19,818,h,44.36,D
29.37703,76.87429,363.75,285.8,0.5,0.6,2026-01-19,782,h,61.85,D
22.39483,70.04095,340.46,288.03,0.5,0.6,2026-01-19,2124,h,34.15,N
22.39582,70.04378,338.74,285.15,0.5,0.6,2026-01-19,770,h,29.7,D
22.33065,69.72384,332.78,289.78,0.5,0.6,2026-01-19,2015,h,27.76,N
25.42196,85.97498,345.08,289.27,0.5,0.6,2026-01-19,2084,h,32.71,N
28.6011,77.54514,335.0,288.0,0.5,0.6,2026-01-19,2084,h,30.65,N
28.59641,77.54544,347.39,287.49,0.5,0.6,2026-01-19,2075,h,41.4,N
22.82602,69.52824,333.27,286.64,0.5,0.6,2026-01-19,762,h,24.64,D
24.10613,82.67026,335.24,281.85,0.5,0.6,2026-01-19,745,n,25.76,D
24.1025,82.66918,349.03,285.22,0.5,0.6,2026-01-19,762,n,38.45,D
22.79419,86.19507,339.77,287.99,0.5,0.6,2026-01-19,2001,h,25.84,N
27.31275,77.70247,354.83,290.47,0.5,0.6,2026-01-20,784,h,53.07,D
29.3787,76.88178,349.41,288.07,0.5,0.6,2026-01-20,814,h,41.02,D
22.32619,69.72403,351.22,292.02,0.5,0.6,2026-01-20,738,h,46.13,D
22.32624,69.72242,343.31,291.94,0.5,0.6,2026-01-20,2005,h,38.85,N
25.42746,85.96977,352.38,280.93,0.5,0.6,2026-01-20,2009,n,49.45,N
25.42558,85.9764,351.25,282.85,0.5,0.6,2026-01-20,2060,h,44.86,N
28.60027,77.55038,341.37,288.4,0.5,0.6,2026-01-20,807,h,26.94,D
28.60037,77.54521,343.52,289.14,0.5,0.6,2026-01-20,808,n,31.06,D
22.82792,69.52763,337.48,286.91,0.5,0.6,2026-01-20,2125,h,23.61,N
24.10235,82.67073,354.62,290.7,0.5,0.6,2026-01-20,807,h,48.58,D
22.79553,86.1913,339.98,286.83,0.5,0.6,2026-01-20,800,h,31.91,D
22.79559,86.19116,332.55,288.48,0.5,0.6,2026-01-20,763,h,18.53,D
21.15746,72.65546,339.53,288.56,0.5,0.6,2026-01-20,2074,h,32.39,N
21.159,72.65731,340.84,280.71,0.5,0.6,2026-01-20,741,h,31.41,D
27.31337,77.70182,354.15,285.21,0.5,0.6,2026-01-21,741,n,54.21,D
29.3799,76.87944,358.81,287.39,0.5,0.6,2026-01-21,764,h,55.64,D
29.37713,76.8792,364.6,293.38,0.5,0.6,2026-01-21,744,h,60.51,D
22.39545,70.03846,339.25,286.7,0.5,0.6,2026-01-21,2004,h,35.94,N
22.39848,70.04335,340.82,288.34,0.5,0.6,2026-01-21,752,h,30.0,D
22.32662,69.72164,361.29,284.91,0.5,0.6,2026-01-21,2027,n,60.5,N
22.32731,69.7249,351.19,281.61,0.5,0.6,2026-01-21,812,h,44.57,D
25.42434,85.97188,357.71,287.32,0.5,0.6,2026-01-21,2033,n,48.89,N
25.42571,85.97155,354.57,288.73,0.5,0.6,2026-01-21,788,n,52.0,D
22.83146,69.52937,328.36,285.75,0.5,0.6,2026-01-21,817,n,21.51,D
24.10238,82.66964,351.62,285.07,0.5,0.6,2026-01-21,2032,n,49.27,N
22.79327,86.19242,348.9,289.65,0.5,0.6,2026-01-21,2079,h,32.3,N
22.79547,86.19536,340.0,288.06,0.5,0.6,2026-01-21,2052,h,26.7,N
21.15609,72.65771,343.1,289.32,0.5,0.6,2026-01-21,2017,h,37.03,N
27.31355,77.70586,338.07,287.79,0.5,0.6,2026-01-22,776,h,32.85,D
29.37682,76.87832,346.11,283.02,0.5,0.6,2026-01-22,2101,n,40.23,N
29.37811,76.88018,356.44,286.12,0.5,0.6,2026-01-22,783,n,52.03,D
22.39943,70.04306,339.68,287.38,0.5,0.6,2026-01-22,737,n,36.25,D
22.32943,69.71881,365.42,290.38,0.5,0.6,2026-01-22,764,h,67.2,D
22.32752,69.72251,358.54,292.22,0.5,0.6,2026-01-22,2024,h,50.45,N
25.42486,85.9729,354.18,287.9,0.5,0.6,2026-01-22,767,h,47.09,D
28.60336,77.5454,331.16,286.99,0.5,0.6,2026-01-22,829,h,24.42,D
22.83206,69.52964,345.64,288.31,0.5,0.6,2026-01-22,2005,n,39.72,N
22.82715,69.52971,346.72,284.41,0.5,0.6,2026-01-22,2016,h,39.4,N
24.10346,82.67048,342.41,284.4,0.5,0.6,2026-01-22,2127,h,33.3,N
24.10346,82.6711,344.3,291.45,0.5,0.6,2026-01-22,2100,h,37.37,N
22.79277,86.19825,348.1,287.04,0.5,0.6,2026-01-22,2112,h,36.35,N
21.15372,72.65764,333.92,296.77,0.5,0.6,2026-01-22,2036,h,24.46,N
27.31332,77.70436,349.53,284.91,0.5,0.6,2026-01-23,2124,h,48.21,N
27.31258,77.70241,352.86,287.77,0.5,0.6,2026-01-23,819,h,44.0,D
29.37918,76.87644,367.0,293.15,0.5,0.6,2026-01-23,787,n,72.86,D
22.39454,70.0432,367.0,294.36,0.5,0.6,2026-01-23,2045,h,71.77,N
22.32409,69.72117,345.49,290.24,0.5,0.6,2026-01-23,787,h,42.14,D
25.42415,85.9726,352.0,284.58,0.5,0.6,2026-01-23,752,h,46.44,D
28.60135,77.54404,333.18,292.49,0.5,0.6,2026-01-23,747,h,23.66,D
28.59943,77.55047,333.09,287.5,0.5,0.6,2026-01-23,2099,h,26.4,N
22.82893,69.52708,338.85,282.97,0.5,0.6,2026-01-23,733,h,25.97,D
22.82751,69.5307,338.1,288.08,0.5,0.6,2026-01-23,2097,h,27.32,N
24.10585,82.66836,338.84,284.99,0.5,0.6,2026-01-23,797,h,30.18,D
22.79334,86.19023,339.95,290.12,0.5,0.6,2026-01-23,2039,h,27.35,N
22.79234,86.19725,355.74,295.77,0.5,0.6,2026-01-23,2098,h,50.31,N
21.16262,72.65744,331.66,291.42,0.5,0.6,2026-01-23,2050,n,24.2,N
21.15425,72.65574,353.97,288.2,0.5,0.6,2026-01-23,2093,n,46.13,N
27.31284,77.70343,335.36,282.83,0.5,0.6,2026-01-24,780,n,31.03,D
29.38147,76.87727,343.19,292.21,0.5,0.6,2026-01-24,2008,h,30.42,N
22.39622,70.0413,336.1,290.11,0.5,0.6,2026-01-24,2009,h,28.56,N
25.42172,85.97544,352.16,285.8,0.5,0.6,2026-01-24,2022,h,45.53,N
25.42466,85.97491,367.0,282.26,0.5,0.6,2026-01-24,2081,h,77.47,N
28.59899,77.54744,335.7,290.03,0.5,0.6,2026-01-24,829,h,25.86,D
28.60015,77.55097,332.09,283.76,0.5,0.6,2026-01-24,2045,h,27.38,N
22.82709,69.52643,341.71,289.31,0.5,0.6,2026-01-24,2117,h,33.75,N
22.82491,69.53405,353.75,285.98,0.5,0.6,2026-01-24,2053,h,43.41,N
24.10665,82.67168,332.89,290.25,0.5,0.6,2026-01-24,735,h,23.54,D
24.1048,82.67078,338.61,286.35,0.5,0.6,2026-01-24,2111,h,31.97,N
22.79124,86.19455,338.69,287.19,0.5,0.6,2026-01-24,2077,n,36.5,N
22.79532,86.1925,341.46,287.84,0.5,0.6,2026-01-24,2120,h,35.66,N
21.15565,72.65898,335.23,290.98,0.5,0.6,2026-01-24,732,h,31.34,D
21.15953,72.65866,346.24,291.1,0.5,0.6,2026-01-24,800,n,40.15,D
27.31544,77.70311,345.52,285.72,0.5,0.6,2026-01-25,2010,n,38.33,N
22.39981,70.04281,346.05,288.01,0.5,0.6,2026-01-25,2033,h,44.44,N
22.32609,69.72029,367.0,288.59,0.5,0.6,2026-01-25,2098,n,61.94,N
25.42493,85.97227,343.57,292.25,0.5,0.6,2026-01-25,774,h,38.39,D
28.6,77.5449,339.66,286.78,0.5,0.6,2026-01-25,2072,h,29.28,N
24.10046,82.67315,341.66,290.18,0.5,0.6,2026-01-25,790,h,31.03,D
24.10351,82.6714,337.56,280.9,0.5,0.6,2026-01-25,788,h,25.93,D
22.79269,86.18794,336.81,286.25,0.5,0.6,2026-01-25,784,h,23.3,D
22.79074,86.19638,339.11,286.11,0.5,0.6,2026-01-25,2043,h,35.01,N
21.15915,72.65918,340.21,288.17,0.5,0.6,2026-01-25,2032,n,37.34,N
27.30796,77.70632,349.64,289.42,0.5,0.6,2026-01-26,2087,h,48.87,N
27.31507,77.7024,345.76,287.46,0.5,0.6,2026-01-26,819,h,34.21,D
29.37861,76.87492,350.78,290.57,0.5,0.6,2026-01-26,808,h,47.56,D
29.37479,76.87779,341.71,281.05,0.5,0.6,2026-01-26,2034,h,33.53,N
25.4244,85.97331,367.0,288.18,0.5,0.6,2026-01-26,2044,h,66.24,N
25.42325,85.97303,358.61,288.43,0.5,0.6,2026-01-26,752,n,48.83,D
22.82759,69.52909,344.63,290.63,0.5,0.6,2026-01-26,2019,h,36.57,N
22.83003,69.52935,341.96,285.32,0.5,0.6,2026-01-26,2009,h,31.02,N
24.1015,82.66914,337.05,288.25,0.5,0.6,2026-01-26,2114,h,30.3,N
24.10247,82.67458,334.84,285.05,0.5,0.6,2026-01-26,2058,n,29.19,N
22.79317,86.19531,346.15,295.19,0.5,0.6,2026-01-26,735,h,37.91,D
22.79349,86.19852,356.49,285.62,0.5,0.6,2026-01-26,2036,h,47.03,N
21.15751,72.65778,339.14,288.16,0.5,0.6,2026-01-26,2116,h,36.41,N
27.31445,77.70444,350.19,285.39,0.5,0.6,2026-01-27,795,n,42.59,D
29.37752,76.88174,347.0,290.76,0.5,0.6,2026-01-27,2043,h,44.29,N
29.38056,76.87682,362.91,287.12,0.5,0.6,2026-01-27,795,h,63.82,D
22.39669,70.04146,359.1,283.46,0.5,0.6,2026-01-27,2008,h,47.99,N
22.32963,69.71878,358.38,294.04,0.5,0.6,2026-01-27,2087,h,52.24,N
25.42308,85.97171,346.1,288.53,0.5,0.6,2026-01-27,2095,h,39.03,N
28.60325,77.54637,328.66,290.06,0.5,0.6,2026-01-27,2102,n,23.9,N
28.60279,77.54291,346.44,291.06,0.5,0.6,2026-01-27,746,h,34.46,D
22.82883,69.5226,339.66,288.44,0.5,0.6,2026-01-27,741,h,27.83,D
22.7941,86.19523,343.82,291.28,0.5,0.6,2026-01-27,762,h,35.71,D
21.15899,72.65547,354.68,287.14,0.5,0.6,2026-01-27,749,n,46.94,D
27.31277,77.70744,354.12,285.8,0.5,0.6,2026-01-28,2032,h,42.97,N
29.37703,76.87817,362.07,289.72,0.5,0.6,2026-01-28,2120,h,61.48,N
22.39548,70.04229,354.81,291.03,0.5,0.6,2026-01-28,782,h,43.86,D
22.32598,69.72223,353.47,284.99,0.5,0.6,2026-01-28,791,h,49.25,D
22.33066,69.72198,346.9,290.0,0.5,0.6,2026-01-28,2039,h,39.48,N
25.42398,85.9739,341.59,283.0,0.5,0.6,2026-01-28,2047,h,37.84,N
25.42208,85.9709,342.53,286.96,0.5,0.6,2026-01-28,2108,h,35.85,N
28.59675,77.54429,342.22,290.58,0.5,0.6,2026-01-28,740,h,35.72,D
22.82718,69.52781,332.72,292.42,0.5,0.6,2026-01-28,2019,n,27.8,N
22.82674,69.52432,342.04,287.41,0.5,0.6,2026-01-28,2034,h,38.59,N
24.1051,82.66842,336.32,292.69,0.5,0.6,2026-01-28,826,n,32.29,D
22.79403,86.19294,347.63,286.61,0.5,0.6,2026-01-28,2103,h,39.94,N
21.15664,72.65895,338.07,290.25,0.5,0.6,2026-01-28,736,h,32.77,D
27.31294,77.70291,351.86,284.56,0.5,0.6,2026-01-29,2048,h,46.84,N
29.37854,76.87676,360.31,291.52,0.5,0.6,2026-01-29,781,h,47.12,D
22.39757,70.04091,336.7,289.33,0.5,0.6,2026-01-29,2080,h,31.46,N
22.39617,70.04393,356.97,281.73,0.5,0.6,2026-01-29,828,n,49.36,D
22.33176,69.72167,340.03,290.59,0.5,0.6,2026-01-29,755,n,38.62,D
22.33221,69.7235,343.54,290.31,0.5,0.6,2026-01-29,2129,h,34.8,N
28.59765,77.54585,334.45,288.51,0.5,0.6,2026-01-29,2097,h,31.35,N
22.83186,69.52844,345.74,282.38,0.5,0.6,2026-01-29,2019,h,38.87,N
24.10415,82.67213,350.06,293.18,0.5,0.6,2026-01-29,746,n,37.88,D
22.79261,86.19302,338.88,283.54,0.5,0.6,2026-01-29,785,h,28.42,D
21.15642,72.6537,343.25,284.56,0.5,0.6,2026-01-29,2113,h,38.07,N
21.15608,72.65752,333.3,287.26,0.5,0.6,2026-01-29,745,n,22.18,D
27.31194,77.70419,358.93,292.15,0.5,0.6,2026-01-30,2071,n,54.55,N
29.37908,76.88047,339.68,291.19,0.5,0.6,2026-01-30,2075,h,27.87,N
22.39676,70.04056,364.82,286.21,0.5,0.6,2026-01-30,2108,h,60.21,N
22.32903,69.72127,348.22,284.8,0.5,0.6,2026-01-30,2082,n,41.39,N
22.32601,69.71846,340.12,287.33,0.5,0.6,2026-01-30,782,h,29.8,D
25.4239,85.97565,360.07,282.44,0.5,0.6,2026-01-30,773,h,57.28,D
28.60014,77.55086,336.23,284.06,0.5,0.6,2026-01-30,2077,n,26.55,N
28.60161,77.54872,335.66,293.13,0.5,0.6,2026-01-30,2021,h,26.96,N
22.8298,69.52882,331.34,288.63,0.5,0.6,2026-01-30,2038,h,19.42,N
22.82883,69.52805,353.71,290.75,0.5,0.6,2026-01-30,2085,h,39.97,N
24.10833,82.6685,346.66,283.56,0.5,0.6,2026-01-30,2113,h,40.04,N
24.10516,82.67018,338.0,291.27,0.5,0.6,2026-01-30,2032,h,23.24,N
22.79285,86.19426,333.59,288.38,0.5,0.6,2026-01-30,2099,n,28.71,N
21.1563,72.65733,332.33,286.22,0.5,0.6,2026-01-30,2029,h,24.78,N
27.31659,77.70589,347.41,288.98,0.5,0.6,2026-01-31,809,h,35.92,D
29.37837,76.87733,338.28,286.88,0.5,0.6,2026-01-31,741,h,27.12,D
29.38005,76.87841,352.09,293.05,0.5,0.6,2026-01-31,2012,h,46.88,N
22.39484,70.04106,346.82,284.25,0.5,0.6,2026-01-31,803,h,39.54,D
22.33112,69.72167,364.75,292.8,0.5,0.6,2026-01-31,2096,h,62.27,N
22.32784,69.72542,354.61,288.99,0.5,0.6,2026-01-31,2037,h,51.44,N
25.42601,85.97552,343.95,291.05,0.5,0.6,2026-01-31,2106,h,37.78,N
25.42531,85.97457,351.51,286.77,0.5,0.6,2026-01-31,2118,h,44.29,N
28.60182,77.54406,353.63,288.09,0.5,0.6,2026-01-31,762,h,49.91,D
24.10474,82.66985,341.46,288.9,0.5,0.6,2026-01-31,745,h,29.09,D
24.10767,82.67035,330.38,283.7,0.5,0.6,2026-01-31,784,n,26.38,D
21.15617,72.65923,345.48,288.73,0.5,0.6,2026-01-31,766,h,42.25,D
21.1581,72.65682,344.54,285.55,0.5,0.6,2026-01-31,740,h,39.84,D
27.31347,77.70423,348.88,291.7,0.5,0.6,2026-02-01,829,h,40.7,D
27.3162,77.7051,360.66,287.44,0.5,0.6,2026-02-01,778,h,57.41,D
29.37779,76.87308,337.88,284.7,0.5,0.6,2026-02-01,808,n,30.08,D
22.32678,69.7229,355.52,290.55,0.5,0.6,2026-02-01,811,h,47.26,D
22.32796,69.72257,348.36,288.04,0.5,0.6,2026-02-01,2029,h,37.42,N
28.59792,77.54462,335.79,287.48,0.5,0.6,2026-02-01,2090,n,25.3,N
22.83023,69.52497,345.31,287.45,0.5,0.6,2026-02-01,756,h,32.71,D
22.79026,86.1937,332.47,291.35,0.5,0.6,2026-02-01,2007,h,21.88,N
21.15723,72.65415,347.89,292.15,0.5,0.6,2026-02-01,757,n,45.05,D
21.15862,72.66227,348.69,285.86,0.5,0.6,2026-02-01,746,h,44.04,D
27.31062,77.70492,349.54,288.75,0.5,0.6,2026-02-02,2033,h,43.03,N
27.31388,77.7031,338.31,293.53,0.5,0.6,2026-02-02,812,h,29.55,D
29.37607,76.87515,344.5,285.05,0.5,0.6,2026-02-02,2089,h,31.88,N
22.39813,70.04403,338.67,288.91,0.5,0.6,2026-02-02,785,h,32.26,D
22.32924,69.72336,342.54,288.65,0.5,0.6,2026-02-02,2006,h,36.42,N
25.42773,85.97431,362.22,288.26,0.5,0.6,2026-02-02,2015,h,58.92,N
22.8255,69.52619,351.52,286.14,0.5,0.6,2026-02-02,2083,h,39.13,N
24.10309,82.67248,341.35,292.12,0.5,0.6,2026-02-02,2046,n,33.0,N
24.10676,82.6725,335.75,289.32,0.5,0.6,2026-02-02,2080,h,40.52,N
22.79536,86.19346,352.24,289.63,0.5,0.6,2026-02-02,780,h,43.63,D
21.15998,72.65835,357.05,286.12,0.5,0.6,2026-02-02,2058,h,48.44,N
21.15661,72.66176,338.18,287.2,0.5,0.6,2026-02-02,2028,h,31.96,N
27.31454,77.70478,338.09,288.93,0.5,0.6,2026-02-03,2071,h,35.08,N
22.40136,70.0482,331.6,287.98,0.5,0.6,2026-02-03,786,h,29.0,D
22.39741,70.04146,343.64,287.4,0.5,0.6,2026-02-03,2035,h,37.83,N
22.3276,69.72423,340.2,288.91,0.5,0.6,2026-02-03,789,h,35.76,D
22.33185,69.72074,360.07,291.23,0.5,0.6,2026-02-03,2096,h,65.27,N
25.42238,85.97357,367.0,294.33,0.5,0.6,2026-02-03,805,n,71.1,D
25.42075,85.97343,351.1,288.56,0.5,0.6,2026-02-03,2097,h,39.36,N
28.60161,77.5454,338.07,284.61,0.5,0.6,2026-02-03,764,h,26.16,D
28.6008,77.5462,338.18,289.84,0.5,0.6,2026-02-03,802,h,33.97,D
22.79578,86.19413,335.47,283.1,0.5,0.6,2026-02-03,818,h,22.52,D
21.15658,72.65902,337.49,292.01,0.5,0.6,2026-02-03,2034,h,30.43,N
21.16083,72.6608,341.84,283.71,0.5,0.6,2026-02-03,2097,h,34.68,N
27.31574,77.70586,351.35,289.88,0.5,0.6,2026-02-04,2070,h,41.74,N
29.37769,76.87635,357.77,291.74,0.5,0.6,2026-02-04,2041,h,48.55,N
29.37833,76.87793,352.5,288.32,0.5,0.6,2026-02-04,790,h,39.73,D
22.39412,70.04079,348.13,290.41,0.5,0.6,2026-02-04,2059,h,35.55,N
22.39877,70.04272,366.04,289.53,0.5,0.6,2026-02-04,824,h,64.02,D
25.42552,85.97598,357.14,292.66,0.5,0.6,2026-02-04,2024,h,53.16,N
25.42375,85.97478,355.24,284.62,0.5,0.6,2026-02-04,2023,h,54.61,N
28.6003,77.54581,353.29,289.37,0.5,0.6,2026-02-04,789,h,40.32,D
22.82628,69.52707,340.37,289.53,0.5,0.6,2026-02-04,2036,n,28.7,N
22.82885,69.52739,331.81,285.9,0.5,0.6,2026-02-04,763,h,23.15,D
24.10325,82.6708,330.57,291.83,0.5,0.6,2026-02-04,742,n,18.41,D
24.10656,82.67052,338.94,284.24,0.5,0.6,2026-02-04,2040,n,21.04,N
22.79527,86.19658,333.76,289.44,0.5,0.6,2026-02-04,2055,h,27.24,N
21.1582,72.65764,353.05,288.54,0.5,0.6,2026-02-04,768,h,39.2,D
21.15668,72.65953,340.54,290.71,0.5,0.6,2026-02-04,2045,n,33.5,N
27.31592,77.70566,348.61,288.01,0.5,0.6,2026-02-05,826,h,43.79,D
29.37999,76.87665,367.0,284.62,0.5,0.6,2026-02-05,2021,h,83.64,N
29.37501,76.87592,350.96,283.65,0.5,0.6,2026-02-05,2080,h,51.53,N
22.39306,70.04297,342.82,289.04,0.5,0.6,2026-02-05,770,h,36.78,D
22.32816,69.72097,342.81,289.44,0.5,0.6,2026-02-05,795,h,34.72,D
22.32941,69.72179,358.44,288.14,0.5,0.6,2026-02-05,735,n,54.12,D
25.42462,85.97326,331.69,294.23,0.5,0.6,2026-02-05,2063,h,29.37,N
28.59934,77.54412,325.54,283.21,0.5,0.6,2026-02-05,2105,h,21.07,N
22.82907,69.52991,338.2,288.4,0.5,0.6,2026-02-05,2097,h,30.12,N
24.0997,82.66913,340.41,282.82,0.5,0.6,2026-02-05,2086,h,30.03,N
24.10103,82.66779,338.99,288.72,0.5,0.6,2026-02-05,800,h,33.08,D
22.79333,86.19296,351.39,291.44,0.5,0.6,2026-02-05,756,h,43.27,D
22.7948,86.1929,336.68,289.2,0.5,0.6,2026-02-05,753,n,29.29,D
21.1589,72.65727,336.93,289.76,0.5,0.6,2026-02-05,2089,h,25.37,N
27.31705,77.70463,348.33,290.22,0.5,0.6,2026-02-06,813,n,45.16,D
29.37299,76.87768,351.13,288.48,0.5,0.6,2026-02-06,749,h,46.43,D
22.32631,69.71815,354.75,287.35,0.5,0.6,2026-02-06,775,h,42.35,D
24.10372,82.66931,344.18,291.69,0.5,0.6,2026-02-06,818,h,37.73,D
22.79502,86.1927,337.74,287.6,0.5,0.6,2026-02-06,2083,n,30.25,N
21.15854,72.65869,340.05,290.44,0.5,0.6,2026-02-06,788,h,25.35,D
27.31651,77.70597,353.35,290.47,0.5,0.6,2026-02-07,781,n,45.4,D
27.31498,77.70244,344.52,285.88,0.5,0.6,2026-02-07,733,h,37.99,D
29.37752,76.87763,349.43,283.94,0.5,0.6,2026-02-07,813,h,47.09,D
22.39575,70.04251,363.89,290.63,0.5,0.6,2026-02-07,2086,n,67.11,N
22.32722,69.72458,360.9,286.92,0.5,0.6,2026-02-07,2029,h,59.01,N
25.42507,85.97221,348.48,286.07,0.5,0.6,2026-02-07,808,h,41.45,D
28.59965,77.54691,334.82,288.77,0.5,0.6,2026-02-07,821,h,23.17,D
24.10446,82.66715,347.35,292.87,0.5,0.6,2026-02-07,822,n,42.19,D
22.79454,86.19619,332.1,283.62,0.5,0.6,2026-02-07,2044,n,26.11,N
22.79612,86.19345,324.72,296.6,0.5,0.6,2026-02-07,2083,h,20.98,N
21.15641,72.66149,341.0,284.32,0.5,0.6,2026-02-07,2070,h,35.37,N
21.15762,72.65562,339.44,284.16,0.5,0.6,2026-02-07,794,h,29.56,D
27.31294,77.70068,350.75,285.31,0.5,0.6,2026-02-08,2119,h,43.52,N
29.37603,76.88115,364.85,288.03,0.5,0.6,2026-02-08,738,h,56.23,D
29.3787,76.87761,353.8,287.62,0.5,0.6,2026-02-08,823,n,42.44,D
22.39741,70.04373,349.25,290.61,0.5,0.6,2026-02-08,777,n,39.74,D
22.33079,69.72341,352.19,281.86,0.5,0.6,2026-02-08,740,h,44.21,D
22.3284,69.72492,358.26,287.58,0.5,0.6,2026-02-08,806,n,55.9,D
25.42463,85.97547,346.67,287.77,0.5,0.6,2026-02-08,2060,n,41.61,N
25.42186,85.9763,357.8,290.28,0.5,0.6,2026-02-08,760,n,49.72,D
28.59889,77.54509,331.0,289.64,0.5,0.6,2026-02-08,816,h,21.07,D
28.60422,77.54665,335.92,294.57,0.5,0.6,2026-02-08,752,h,24.41,D
22.82759,69.52573,335.8,281.79,0.5,0.6,2026-02-08,751,h,24.93,D
22.82631,69.52522,337.16,286.21,0.5,0.6,2026-02-08,812,h,28.97,D
24.10215,82.67027,334.39,292.4,0.5,0.6,2026-02-08,763,h,23.57,D
24.10364,82.6697,344.1,288.11,0.5,0.6,2026-02-08,822,h,33.79,D
22.79567,86.19426,337.05,288.43,0.5,0.6,2026-02-08,750,h,23.33,D
22.79207,86.19611,344.01,287.87,0.5,0.6,2026-02-08,814,h,35.59,D
21.15621,72.65858,344.01,292.23,0.5,0.6,2026-02-08,734,h,36.75,D
21.15765,72.66018,340.04,283.04,0.5,0.6,2026-02-08,2099,h,30.8,N
27.315,77.7025,349.93,292.23,0.5,0.6,2026-02-09,735,n,36.55,D
29.37665,76.87784,367.0,284.86,0.5,0.6,2026-02-09,2000,h,70.76,N
22.32938,69.71988,350.4,293.16,0.5,0.6,2026-02-09,765,h,45.52,D
25.42358,85.97469,366.54,289.59,0.5,0.6,2026-02-09,774,h,61.03,D
28.59881,77.54451,336.63,285.21,0.5,0.6,2026-02-09,762,n,23.93,D
22.82508,69.53132,334.77,292.78,0.5,0.6,2026-02-09,750,h,32.49,D
22.82607,69.52486,356.13,284.21,0.5,0.6,2026-02-09,2080,h,54.88,N
24.10493,82.66923,337.78,287.81,0.5,0.6,2026-02-09,754,h,30.14,D
27.31214,77.70161,356.08,284.92,0.5,0.6,2026-02-10,756,h,43.26,D
29.38031,76.87891,361.25,290.68,0.5,0.6,2026-02-10,786,h,55.6,D
22.39466,70.04369,363.76,285.1,0.5,0.6,2026-02-10,2043,h,53.75,N
22.32896,69.71918,359.51,288.46,0.5,0.6,2026-02-10,2001,h,54.87,N
22.3282,69.7224,367.0,286.3,0.5,0.6,2026-02-10,2054,h,78.42,N
25.42151,85.9704,347.67,291.54,0.5,0.6,2026-02-10,2106,h,41.1,N
28.60278,77.54679,337.88,291.16,0.5,0.6,2026-02-10,2105,h,33.34,N
28.59881,77.54568,335.52,289.94,0.5,0.6,2026-02-10,747,h,27.01,D
22.827,69.52687,343.29,293.86,0.5,0.6,2026-02-10,2023,h,28.63,N
22.82844,69.52642,346.26,289.15,0.5,0.6,2026-02-10,2098,h,45.1,N
24.10388,82.67152,336.07,291.01,0.5,0.6,2026-02-10,753,h,25.42,D
22.79182,86.19211,341.58,283.64,0.5,0.6,2026-02-10,826,h,34.87,D
21.15676,72.6574,336.38,288.33,0.5,0.6,2026-02-10,819,h,24.05,D
27.31083,77.70751,356.55,289.29,0.5,0.6,2026-02-11,2044,h,50.66,N
29.37607,76.87964,361.75,293.29,0.5,0.6,2026-02-11,2075,h,53.08,N
22.39668,70.04149,349.62,288.73,0.5,0.6,2026-02-11,2022,h,40.41,N
22.39565,70.04046,348.9,293.53,0.5,0.6,2026-02-11,2093,h,42.82,N
25.42313,85.97211,367.0,282.79,0.5,0.6,2026-02-11,762,h,73.05,D
28.59802,77.54417,349.89,282.96,0.5,0.6,2026-02-11,2083,h,43.89,N
28.59796,77.54387,347.23,289.44,0.5,0.6,2026-02-11,769,n,39.36,D
22.83033,69.53083,332.06,290.52,0.5,0.6,2026-02-11,795,h,22.1,D
24.10412,82.67209,340.44,289.65,0.5,0.6,2026-02-11,2106,h,36.53,N
22.79537,86.19442,333.08,288.46,0.5,0.6,2026-02-11,2107,h,23.82,N
22.7957,86.19401,334.54,288.05,0.5,0.6,2026-02-11,2103,h,19.37,N
21.15842,72.65973,345.35,287.24,0.5,0.6,2026-02-11,2020,h,37.2,N
27.31695,77.70475,361.81,292.96,0.5,0.6,2026-02-12,796,n,49.49,D
27.31384,77.70355,336.96,284.75,0.5,0.6,2026-02-12,812,h,26.23,D
29.38256,76.87595,362.62,288.62,0.5,0.6,2026-02-12,2060,h,66.28,N
29.37697,76.87617,339.95,288.35,0.5,0.6,2026-02-12,751,h,32.84,D
22.39513,70.04342,351.64,290.8,0.5,0.6,2026-02-12,799,h,49.03,D
22.32695,69.72089,341.36,291.3,0.5,0.6,2026-02-12,795,h,34.44,D
25.4207,85.97215,343.19,290.94,0.5,0.6,2026-02-12,2035,h,38.05,N
28.60318,77.54554,345.74,287.82,0.5,0.6,2026-02-12,2103,n,33.77,N
28.59875,77.54128,337.3,284.77,0.5,0.6,2026-02-12,741,n,30.53,D
22.8272,69.52787,335.07,288.56,0.5,0.6,2026-02-12,2052,n,22.28,N
24.10591,82.67138,337.22,291.77,0.5,0.6,2026-02-12,2029,n,26.24,N
22.79338,86.19692,333.22,286.15,0.5,0.6,2026-02-12,752,h,25.01,D
22.79144,86.19617,345.58,284.48,0.5,0.6,2026-02-12,2109,h,28.93,N
21.15718,72.65721,331.33,288.0,0.5,0.6,2026-02-12,753,h,23.83,D
21.15748,72.65813,334.72,286.93,0.5,0.6,2026-02-12,2031,h,25.65,N
27.31541,77.70398,352.42,291.01,0.5,0.6,2026-02-13,794,n,47.68,D
29.37778,76.87806,348.82,290.29,0.5,0.6,2026-02-13,795,h,44.37,D
22.39218,70.04366,337.06,289.0,0.5,0.6,2026-02-13,758,h,31.27,D
22.32613,69.72189,350.21,290.54,0.5,0.6,2026-02-13,788,n,40.94,D
25.42212,85.97474,367.0,286.62,0.5,0.6,2026-02-13,2022,h,85.16,N
25.4269,85.97463,339.65,288.05,0.5,0.6,2026-02-13,2023,h,34.62,N
22.82706,69.5315,329.77,290.86,0.5,0.6,2026-02-13,759,n,21.2,D
22.83002,69.52866,334.22,288.85,0.5,0.6,2026-02-13,811,n,25.74,D
24.10471,82.67237,358.8,282.79,0.5,0.6,2026-02-13,781,n,48.92,D
22.79757,86.19726,334.08,285.75,0.5,0.6,2026-02-13,810,h,24.46,D
22.79591,86.19222,322.66,284.92,0.5,0.6,2026-02-13,776,n,15.6,D
21.15558,72.65614,331.5,286.21,0.5,0.6,2026-02-13,817,h,22.7,D
21.15691,72.65962,341.24,284.54,0.5,0.6,2026-02-13,2040,h,28.86,N
27.31747,77.70229,345.93,283.62,0.5,0.6,2026-02-14,731,h,43.59,D
27.31319,77.70355,336.96,289.51,0.5,0.6,2026-02-14,2091,n,29.8,N
29.37868,76.87496,361.05,288.17,0.5,0.6,2026-02-14,2128,h,56.19,N
22.39968,70.04061,353.13,287.77,0.5,0.6,2026-02-14,799,h,43.74,D
22.39684,70.04199,338.59,286.04,0.5,0.6,2026-02-14,786,h,33.2,D
25.4277,85.97483,354.81,289.43,0.5,0.6,2026-02-14,2045,h,48.23,N
28.60331,77.54166,350.75,291.04,0.5,0.6,2026-02-14,751,n,44.36,D
24.10503,82.66957,343.09,286.21,0.5,0.6,2026-02-14,756,h,35.36,D
21.15401,72.65677,343.82,290.11,0.5,0.6,2026-02-14,747,n,40.47,D
21.15827,72.65972,327.32,288.09,0.5,0.6,2026-02-14,775,h,21.3,D
27.31432,77.70374,347.79,288.84,0.5,0.6,2026-02-15,754,h,44.19,D
22.39392,70.0422,343.95,285.28,0.5,0.6,2026-02-15,815,h,35.83,D
22.3981,70.04146,352.59,287.5,0.5,0.6,2026-02-15,2040,h,40.46,N
22.32849,69.72196,363.11,286.24,0.5,0.6,2026-02-15,2043,h,65.9,N
25.42581,85.97478,355.53,285.71,0.5,0.6,2026-02-15,797,n,52.38,D
28.5976,77.54641,335.68,287.28,0.5,0.6,2026-02-15,748,h,26.12,D
22.82952,69.53119,329.76,287.96,0.5,0.6,2026-02-15,2014,h,24.45,N
24.10651,82.67067,333.49,288.51,0.5,0.6,2026-02-15,2079,h,20.39,N
22.79371,86.19076,347.42,284.28,0.5,0.6,2026-02-15,2093,h,35.29,N
21.15711,72.65931,349.63,284.65,0.5,0.6,2026-02-15,809,h,39.16,D
21.16111,72.65768,331.93,284.69,0.5,0.6,2026-02-15,791,h,24.86,D
27.31392,77.70379,347.92,289.09,0.5,0.6,2026-02-16,774,h,38.39,D
22.39779,70.04251,348.0,289.03,0.5,0.6,2026-02-16,815,h,40.37,D
22.32699,69.72093,337.8,290.03,0.5,0.6,2026-02-16,2119,h,35.03,N
22.3295,69.72191,359.05,286.26,0.5,0.6,2026-02-16,804,h,55.44,D
25.42638,85.97681,348.43,286.09,0.5,0.6,2026-02-16,735,h,50.24,D
28.59739,77.54592,343.79,288.68,0.5,0.6,2026-02-16,782,h,30.11,D
28.6008,77.54725,331.85,292.11,0.5,0.6,2026-02-16,2022,h,25.03,N
22.82994,69.528,333.55,288.2,0.5,0.6,2026-02-16,730,n,21.59,D
24.10887,82.66952,335.23,293.33,0.5,0.6,2026-02-16,785,h,27.32,D
24.10115,82.66836,338.39,288.78,0.5,0.6,2026-02-16,2086,h,32.47,N
22.79343,86.1933,340.87,293.19,0.5,0.6,2026-02-16,786,h,31.16,D
21.15846,72.65751,342.41,281.83,0.5,0.6,2026-02-16,2027,h,35.05,N
27.3129,77.70254,353.84,288.26,0.5,0.6,2026-02-17,792,h,47.62,D
27.31442,77.70548,361.57,287.48,0.5,0.6,2026-02-17,2062,h,61.05,N
29.37896,76.87769,352.17,292.23,0.5,0.6,2026-02-17,2098,h,44.9,N
22.39368,70.0433,355.99,289.23,0.5,0.6,2026-02-17,783,h,60.11,D
22.39482,70.04134,346.91,286.97,0.5,0.6,2026-02-17,807,h,41.73,D
22.32762,69.72122,350.64,286.43,0.5,0.6,2026-02-17,2043,h,43.77,N
22.3274,69.71757,362.73,290.01,0.5,0.6,2026-02-17,2001,n,60.32,N
25.42208,85.97166,348.06,292.28,0.5,0.6,2026-02-17,2088,h,43.88,N
25.42427,85.97386,353.74,283.83,0.5,0.6,2026-02-17,2056,h,48.16,N
22.82791,69.53071,350.16,284.39,0.5,0.6,2026-02-17,2107,h,40.01,N
24.10122,82.67384,328.71,286.95,0.5,0.6,2026-02-17,2056,h,24.61,N
24.10912,82.66924,331.87,285.31,0.5,0.6,2026-02-17,2099,h,20.99,N
27.31371,77.70341,344.06,285.63,0.5,0.6,2026-02-18,2117,n,39.18,N
29.37986,76.8775,353.32,285.67,0.5,0.6,2026-02-18,2047,h,43.52,N
29.37722,76.87752,361.44,287.5,0.5,0.6,2026-02-18,2069,n,55.24,N
22.39469,70.04405,351.56,288.34,0.5,0.6,2026-02-18,2035,n,46.32,N
22.39841,70.04452,360.24,288.03,0.5,0.6,2026-02-18,810,h,51.4,D
22.32926,69.72591,345.99,287.36,0.5,0.6,2026-02-18,731,n,39.32,D
25.42434,85.97116,354.69,284.59,0.5,0.6,2026-02-18,802,n,52.55,D
28.6016,77.54436,333.8,289.62,0.5,0.6,2026-02-18,795,h,23.42,D
28.60235,77.54995,331.51,289.14,0.5,0.6,2026-02-18,2073,n,23.4,N
22.82538,69.531,336.83,292.77,0.5,0.6,2026-02-18,2081,n,25.98,N
24.10504,82.66959,340.58,284.96,0.5,0.6,2026-02-18,2100,h,37.21,N
22.79178,86.19696,329.88,288.75,0.5,0.6,2026-02-18,741,n,23.42,D
22.79392,86.19658,346.17,286.25,0.5,0.6,2026-02-18,2033,h,37.37,N
21.1606,72.65887,326.19,285.96,0.5,0.6,2026-02-18,2023,h,18.52,N
22.39396,70.03872,336.44,288.23,0.5,0.6,2026-02-19,2112,h,33.1,N
22.39894,70.04592,358.12,290.21,0.5,0.6,2026-02-19,2126,h,54.56,N
22.32693,69.72129,350.67,287.15,0.5,0.6,2026-02-19,796,n,48.75,D
22.32876,69.72135,360.99,290.99,0.5,0.6,2026-02-19,779,h,53.52,D
25.42644,85.97382,342.88,287.0,0.5,0.6,2026-02-19,742,n,35.83,D
28.59673,77.54573,330.67,286.09,0.5,0.6,2026-02-19,777,h,24.3,D
22.82799,69.53003,350.11,288.68,0.5,0.6,2026-02-19,758,n,43.33,D
24.10022,82.66953,341.05,285.18,0.5,0.6,2026-02-19,2036,h,32.65,N
24.10049,82.67171,341.57,285.26,0.5,0.6,2026-02-19,791,h,33.65,D
22.79274,86.19395,338.13,291.27,0.5,0.6,2026-02-19,2124,h,26.5,N
22.79454,86.19402,329.28,283.95,0.5,0.6,2026-02-19,2105,n,21.71,N
21.15625,72.65586,332.17,289.82,0.5,0.6,2026-02-19,756,h,25.66,D
27.31775,77.70075,367.0,290.3,0.5,0.6,2026-02-20,811,n,62.04,D
27.31259,77.70322,343.38,291.33,0.5,0.6,2026-02-20,753,h,39.02,D
29.37569,76.87564,353.2,289.32,0.5,0.6,2026-02-20,2114,h,43.79,N
22.39487,70.04367,361.51,285.92,0.5,0.6,2026-02-20,2094,h,61.29,N
22.39506,70.0446,346.69,286.7,0.5,0.6,2026-02-20,2098,n,34.65,N
22.32618,69.72062,366.73,291.09,0.5,0.6,2026-02-20,2055,h,62.88,N
25.42448,85.97446,353.64,290.62,0.5,0.6,2026-02-20,804,h,45.6,D
22.82466,69.52523,342.43,288.05,0.5,0.6,2026-02-20,2018,h,26.73,N
24.10575,82.66982,357.45,290.49,0.5,0.6,2026-02-20,732,h,50.71,D
24.10126,82.67182,339.66,288.41,0.5,0.6,2026-02-20,2009,h,27.25,N
21.15657,72.65923,351.99,290.36,0.5,0.6,2026-02-20,801,h,45.21,D
27.31393,77.70245,345.42,284.97,0.5,0.6,2026-02-21,772,n,33.27,D
27.31584,77.70297,345.68,287.12,0.5,0.6,2026-02-21,2022,h,36.93,N
29.37752,76.88051,339.45,285.27,0.5,0.6,2026-02-21,765,h,26.18,D
22.39458,70.0414,352.35,289.32,0.5,0.6,2026-02-21,2120,n,46.02,N
22.39721,70.04066,357.69,287.35,0.5,0.6,2026-02-21,827,h,53.24,D
22.33166,69.72657,352.83,290.45,0.5,0.6,2026-02-21,760,h,45.57,D
25.42504,85.97216,346.59,284.43,0.5,0.6,2026-02-21,783,h,41.44,D
28.60111,77.54638,334.76,290.63,0.5,0.6,2026-02-21,759,h,28.13,D
28.59963,77.54453,334.33,287.14,0.5,0.6,2026-02-21,2082,h,26.27,N
24.10512,82.67109,338.72,286.03,0.5,0.6,2026-02-21,815,n,26.56,D
22.79224,86.19625,349.5,291.74,0.5,0.6,2026-02-21,2078,h,41.14,N
22.7922,86.19414,337.35,283.03,0.5,0.6,2026-02-21,2063,n,28.88,N
21.15649,72.65628,323.5,287.48,0.5,0.6,2026-02-21,744,h,13.81,D
21.16079,72.65903,349.35,284.94,0.5,0.6,2026-02-21,742,h,38.78,D
22.39382,70.04067,355.95,291.1,0.5,0.6,2026-02-22,805,n,50.36,D
22.3944,70.04079,338.5,292.62,0.5,0.6,2026-02-22,824,h,28.29,D
22.32621,69.72009,349.52,293.55,0.5,0.6,2026-02-22,748,h,41.58,D
22.32621,69.71946,351.87,282.56,0.5,0.6,2026-02-22,781,n,46.09,D
25.42493,85.97436,346.74,289.69,0.5,0.6,2026-02-22,2041,h,39.43,N
28.59853,77.54742,344.9,292.44,0.5,0.6,2026-02-22,824,h,37.03,D
28.60288,77.54754,359.12,284.14,0.5,0.6,2026-02-22,2017,n,47.03,N
24.10155,82.66982,342.48,288.82,0.5,0.6,2026-02-22,2114,h,31.42,N
24.10636,82.67126,337.01,291.68,0.5,0.6,2026-02-22,2068,h,22.3,N
22.79648,86.19305,346.92,284.27,0.5,0.6,2026-02-22,2074,h,39.45,N
21.15674,72.65928,345.76,296.4,0.5,0.6,2026-02-22,2058,h,46.47,N
21.15799,72.65839,331.05,291.55,0.5,0.6,2026-02-22,795,h,23.08,D
27.31794,77.70209,341.58,285.69,0.5,0.6,2026-02-23,777,h,33.92,D
27.31511,77.70447,347.8,289.93,0.5,0.6,2026-02-23,2106,n,43.63,N
29.38018,76.88045,366.75,288.0,0.5,0.6,2026-02-23,746,h,62.09,D
29.37944,76.87849,358.9,289.99,0.5,0.6,2026-02-23,781,n,55.31,D
22.32645,69.72019,352.86,283.7,0.5,0.6,2026-02-23,789,n,48.93,D
22.32583,69.72066,348.95,291.91,0.5,0.6,2026-02-23,2104,h,43.09,N
25.42604,85.97639,364.16,287.98,0.5,0.6,2026-02-23,2030,h,62.47,N
25.42579,85.97383,367.0,285.85,0.5,0.6,2026-02-23,783,h,68.82,D
28.60122,77.54517,332.12,289.13,0.5,0.6,2026-02-23,732,h,29.57,D
22.83153,69.52588,337.8,286.33,0.5,0.6,2026-02-23,2119,h,32.59,N
22.82799,69.52867,338.87,287.08,0.5,0.6,2026-02-23,827,h,26.52,D
24.10463,82.67094,333.92,283.72,0.5,0.6,2026-02-23,2118,n,27.66,N
24.10639,82.66836,340.68,287.29,0.5,0.6,2026-02-23,2111,h,40.36,N
21.16078,72.6573,339.42,284.09,0.5,0.6,2026-02-23,828,h,29.47,D
21.15859,72.65684,329.91,289.92,0.5,0.6,2026-02-23,2070,h,20.25,N
27.31411,77.70304,361.6,286.33,0.5,0.6,2026-02-24,2041,h,57.16,N
27.31414,77.70871,363.82,286.39,0.5,0.6,2026-02-24,798,n,54.98,D
29.37798,76.87744,348.46,290.67,0.5,0.6,2026-02-24,742,n,45.22,D
22.39471,70.04346,349.27,286.84,0.5,0.6,2026-02-24,2059,h,44.85,N
22.32869,69.72523,350.19,288.82,0.5,0.6,2026-02-24,794,n,44.9,D
25.4208,85.97572,353.84,285.92,0.5,0.6,2026-02-24,2012,h,48.02,N
25.42347,85.97489,344.8,291.43,0.5,0.6,2026-02-24,802,h,36.88,D
28.5991,77.54239,331.64,287.68,0.5,0.6,2026-02-24,809,h,21.43,D
22.82705,69.52937,348.08,286.52,0.5,0.6,2026-02-24,765,h,36.7,D
24.10399,82.66593,340.84,286.72,0.5,0.6,2026-02-24,2048,h,27.22,N
24.10438,82.66814,344.14,289.49,0.5,0.6,2026-02-24,2033,h,30.43,N
22.79463,86.19546,337.49,289.18,0.5,0.6,2026-02-24,2103,h,36.3,N
22.79361,86.19089,334.02,289.39,0.5,0.6,2026-02-24,2011,h,19.11,N
21.16049,72.6601,331.67,286.66,0.5,0.6,2026-02-24,2093,n,21.37,N
21.15672,72.65857,347.7,290.25,0.5,0.6,2026-02-24,2009,h,38.95,N
27.31779,77.69934,338.69,287.21,0.5,0.6,2026-02-25,2051,h,28.17,N
27.31215,77.70578,367.0,283.23,0.5,0.6,2026-02-25,779,n,60.93,D
29.37816,76.87846,347.13,289.54,0.5,0.6,2026-02-25,763,h,44.37,D
22.39645,70.04175,360.65,285.35,0.5,0.6,2026-02-25,778,h,56.23,D
22.39807,70.04077,352.37,287.64,0.5,0.6,2026-02-25,745,h,53.18,D
22.32448,69.7213,351.56,286.0,0.5,0.6,2026-02-25,811,h,36.42,D
25.42481,85.97417,333.55,291.06,0.5,0.6,2026-02-25,759,h,25.32,D
28.59991,77.54918,332.88,290.55,0.5,0.6,2026-02-25,2030,n,30.02,N
28.59709,77.54924,340.79,286.71,0.5,0.6,2026-02-25,2035,h,26.34,N
24.10308,82.67086,330.73,286.74,0.5,0.6,2026-02-25,2075,h,21.68,N
24.10262,82.67549,335.96,286.93,0.5,0.6,2026-02-25,2090,n,26.92,N
22.79615,86.19609,341.41,291.33,0.5,0.6,2026-02-25,2052,h,31.61,N
21.15558,72.65564,352.43,286.3,0.5,0.6,2026-02-25,2083,h,38.27,N
27.31704,77.70352,357.97,287.94,0.5,0.6,2026-02-26,2063,n,51.36,N
27.3163,77.7065,349.96,291.59,0.5,0.6,2026-02-26,782,h,42.72,D
29.37574,76.87823,353.83,288.53,0.5,0.6,2026-02-26,741,h,58.09,D
29.37773,76.87795,344.93,283.64,0.5,0.6,2026-02-26,811,h,41.25,D
22.39647,70.04186,341.64,290.21,0.5,0.6,2026-02-26,825,n,34.7,D
22.39078,70.04065,344.19,286.76,0.5,0.6,2026-02-26,809,n,39.88,D
22.32739,69.71812,344.22,291.84,0.5,0.6,2026-02-26,785,n,40.45,D
25.4219,85.97453,367.0,286.88,0.5,0.6,2026-02-26,2021,h,70.75,N
25.42647,85.97452,352.9,289.48,0.5,0.6,2026-02-26,2081,h,46.25,N
28.6019,77.54929,343.41,297.6,0.5,0.6,2026-02-26,2113,h,34.17,N
22.82541,69.5265,345.83,287.67,0.5,0.6,2026-02-26,826,n,39.56,D
24.10516,82.67052,331.71,287.19,0.5,0.6,2026-02-26,2013,h,25.23,N
24.10267,82.66762,337.91,294.35,0.5,0.6,2026-02-26,771,h,27.37,D
22.79284,86.1986,339.56,289.65,0.5,0.6,2026-02-26,2089,h,29.82,N
22.79557,86.19433,345.04,286.95,0.5,0.6,2026-02-26,2129,h,38.35,N
21.15947,72.65785,337.44,289.98,0.5,0.6,2026-02-26,2079,n,26.69,N
27.31439,77.70539,359.03,287.02,0.5,0.6,2026-02-27,754,h,52.03,D
29.38034,76.87655,354.5,285.39,0.5,0.6,2026-02-27,2055,h,55.02,N
22.39552,70.04027,341.56,294.66,0.5,0.6,2026-02-27,734,h,35.78,D
22.39552,70.042,356.36,287.13,0.5,0.6,2026-02-27,2097,h,53.6,N
25.42236,85.97457,353.12,285.52,0.5,0.6,2026-02-27,2040,n,48.32,N
25.4262,85.97149,367.0,289.24,0.5,0.6,2026-02-27,2089,h,77.48,N
28.59885,77.54546,342.16,287.88,0.5,0.6,2026-02-27,2052,n,33.31,N
22.82932,69.52959,340.14,287.49,0.5,0.6,2026-02-27,2100,h,29.99,N
24.10287,82.67027,330.95,292.64,0.5,0.6,2026-02-27,2106,h,22.6,N
24.10167,82.6685,334.88,289.72,0.5,0.6,2026-02-27,2056,h,28.55,N
22.79351,86.19493,350.1,291.21,0.5,0.6,2026-02-27,2097,h,37.3,N
22.79342,86.19435,334.3,282.82,0.5,0.6,2026-02-27,791,n,23.87,D
21.15607,72.66215,340.63,283.15,0.5,0.6,2026-02-27,765,h,31.13,D
27.31445,77.70111,354.37,291.26,0.5,0.6,2026-02-28,731,h,43.93,D
27.31148,77.70206,367.0,287.13,0.5,0.6,2026-02-28,823,h,71.71,D
29.37804,76.87568,351.87,285.04,0.5,0.6,2026-02-28,782,h,48.08,D
22.32786,69.72281,351.37,281.89,0.5,0.6,2026-02-28,733,h,40.51,D
22.32752,69.72319,363.74,283.9,0.5,0.6,2026-02-28,791,n,65.77,D
22.82806,69.52609,348.75,285.34,0.5,0.6,2026-02-28,821,h,35.15,D
22.82803,69.5288,347.03,289.56,0.5,0.6,2026-02-28,2061,h,33.08,N
24.10422,82.67577,328.53,288.81,0.5,0.6,2026-02-28,2024,h,16.04,N
24.1035,82.67044,342.31,287.24,0.5,0.6,2026-02-28,2069,h,26.56,N
27.31484,77.70195,349.89,285.71,0.5,0.6,2026-03-01,2026,h,37.28,N
29.37607,76.87658,347.56,288.21,0.5,0.6,2026-03-01,771,h,39.18,D
22.39765,70.04195,358.79,287.53,0.5,0.6,2026-03-01,2073,h,48.16,N
22.3268,69.7206,351.52,291.32,0.5,0.6,2026-03-01,793,n,42.27,D
25.42474,85.96944,336.77,288.79,0.5,0.6,2026-03-01,778,n,27.82,D
25.42373,85.97492,352.98,292.7,0.5,0.6,2026-03-01,776,h,42.28,D
28.59711,77.54592,332.47,288.78,0.5,0.6,2026-03-01,772,h,23.07,D
22.82701,69.52746,330.77,286.4,0.5,0.6,2026-03-01,2123,h,25.14,N
24.10536,82.66873,335.0,289.16,0.5,0.6,2026-03-01,796,h,20.23,D
21.16012,72.65558,337.78,289.03,0.5,0.6,2026-03-01,2087,n,29.73,N
29.37903,76.8789,348.84,285.04,0.5,0.6,2026-03-02,801,n,41.29,D
22.38949,70.04131,343.12,288.01,0.5,0.6,2026-03-02,2016,h,35.94,N
22.39699,70.04374,356.17,290.13,0.5,0.6,2026-03-02,758,h,50.41,D
22.32517,69.72442,346.87,284.15,0.5,0.6,2026-03-02,782,n,37.83,D
25.42392,85.97315,361.56,291.42,0.5,0.6,2026-03-02,2113,h,59.8,N
25.42348,85.97499,356.64,288.8,0.5,0.6,2026-03-02,797,h,49.34,D
28.59664,77.54698,347.81,290.18,0.5,0.6,2026-03-02,2073,h,35.53,N
22.82533,69.53097,339.11,288.81,0.5,0.6,2026-03-02,2114,n,33.57,N
22.79479,86.19223,345.89,291.34,0.5,0.6,2026-03-02,2038,n,35.05,N
22.79676,86.19693,334.89,295.45,0.5,0.6,2026-03-02,753,h,29.7,D
29.3778,76.87893,358.78,289.98,0.5,0.6,2026-03-03,2103,n,58.83,N
29.37941,76.87708,346.68,290.21,0.5,0.6,2026-03-03,2105,h,32.74,N
22.39671,70.03811,352.46,292.06,0.5,0.6,2026-03-03,747,h,52.71,D
25.42416,85.97428,349.31,293.09,0.5,0.6,2026-03-03,2034,h,41.9,N
25.41987,85.97441,354.16,283.51,0.5,0.6,2026-03-03,816,n,49.37,D
28.5995,77.54731,338.99,288.41,0.5,0.6,2026-03-03,816,n,33.29,D
28.60013,77.54868,335.92,292.86,0.5,0.6,2026-03-03,764,n,21.81,D
22.82329,69.5278,344.22,285.36,0.5,0.6,2026-03-03,769,h,33.74,D
24.10648,82.66957,342.34,287.64,0.5,0.6,2026-03-03,2008,n,39.41,N
22.79705,86.1945,349.91,289.79,0.5,0.6,2026-03-03,2023,h,40.16,N
21.1618,72.655,334.02,285.54,0.5,0.6,2026-03-03,2062,h,20.07,N
27.31216,77.70068,362.82,292.75,0.5,0.6,2026-03-04,740,h,65.4,D
29.3776,76.88085,366.44,286.2,0.5,0.6,2026-03-04,2122,n,63.72,N
22.39434,70.04395,349.13,290.89,0.5,0.6,2026-03-04,793,h,44.7,D
22.32809,69.72092,354.44,291.16,0.5,0.6,2026-03-04,2042,h,49.6,N
22.32706,69.7214,352.78,291.33,0.5,0.6,2026-03-04,769,h,47.88,D
25.42284,85.97191,367.0,290.93,0.5,0.6,2026-03-04,825,h,67.91,D
22.82786,69.53215,333.66,282.84,0.5,0.6,2026-03-04,2027,h,28.56,N
24.10394,82.67169,339.31,286.27,0.5,0.6,2026-03-04,2109,h,30.34,N
22.79556,86.19396,338.25,292.18,0.5,0.6,2026-03-04,2107,n,30.06,N
21.15771,72.65913,336.15,288.02,0.5,0.6,2026-03-04,2000,h,25.9,N
27.31714,77.70485,367.0,290.88,0.5,0.6,2026-03-05,2017,n,86.33,N
29.37747,76.8789,346.58,287.19,0.5,0.6,2026-03-05,2100,h,42.43,N
29.37542,76.88019,346.04,289.66,0.5,0.6,2026-03-05,800,h,36.01,D
22.32671,69.72051,349.48,283.77,0.5,0.6,2026-03-05,738,h,41.88,D
22.32903,69.72583,356.64,285.6,0.5,0.6,2026-03-05,790,n,53.19,D
25.42804,85.97655,354.61,285.65,0.5,0.6,2026-03-05,2104,h,42.77,N
25.42769,85.97071,338.21,291.97,0.5,0.6,2026-03-05,786,n,31.39,D
28.60084,77.5493,335.27,289.41,0.5,0.6,2026-03-05,754,h,28.21,D
22.82826,69.52875,345.63,289.11,0.5,0.6,2026-03-05,2094,n,32.23,N
22.82955,69.52944,324.03,291.83,0.5,0.6,2026-03-05,2021,h,20.63,N
24.10683,82.67192,331.96,280.84,0.5,0.6,2026-03-05,2031,h,24.04,N
24.10638,82.67135,336.4,285.52,0.5,0.6,2026-03-05,2041,h,28.87,N
22.79361,86.19013,340.84,286.93,0.5,0.6,2026-03-05,2103,h,32.31,N
22.79373,86.19791,341.65,286.61,0.5,0.6,2026-03-05,2081,h,31.32,N
21.15872,72.65634,324.68,295.14,0.5,0.6,2026-03-05,2061,n,15.07,N
21.1573,72.65329,334.38,288.71,0.5,0.6,2026-03-05,2118,h,22.74,N
27.31588,77.703,354.47,286.89,0.5,0.6,2026-03-06,759,n,48.6,D
27.31622,77.70604,340.26,291.29,0.5,0.6,2026-03-06,2101,h,36.97,N
29.37973,76.88037,343.09,291.72,0.5,0.6,2026-03-06,2031,h,37.97,N
22.39609,70.04123,365.36,291.26,0.5,0.6,2026-03-06,2073,h,59.63,N
22.39598,70.04115,367.0,287.73,0.5,0.6,2026-03-06,2070,n,64.93,N
22.3311,69.72098,347.55,284.05,0.5,0.6,2026-03-06,2107,h,41.55,N
25.4237,85.97259,343.57,288.74,0.5,0.6,2026-03-06,2058,h,38.86,N
28.60121,77.54744,339.45,288.06,0.5,0.6,2026-03-06,800,h,29.53,D
24.10699,82.67432,342.04,291.24,0.5,0.6,2026-03-06,2065,h,31.31,N
22.79362,86.19582,344.54,286.46,0.5,0.6,2026-03-06,2000,h,28.69,N
22.79446,86.19267,330.8,286.53,0.5,0.6,2026-03-06,827,n,15.72,D
21.15307,72.65923,340.52,289.77,0.5,0.6,2026-03-06,778,n,27.53,D
27.3104,77.70282,335.65,288.35,0.5,0.6,2026-03-07,784,n,31.21,D
27.313,77.70211,345.79,287.81,0.5,0.6,2026-03-07,759,h,41.57,D
22.39666,70.0436,335.0,291.31,0.5,0.6,2026-03-07,739,h,26.84,D
22.3275,69.72008,345.74,286.22,0.5,0.6,2026-03-07,2056,h,39.95,N
22.32697,69.72387,351.25,289.04,0.5,0.6,2026-03-07,820,h,41.52,D
25.42428,85.97254,345.56,289.29,0.5,0.6,2026-03-07,748,n,37.06,D
25.4265,85.97608,340.92,287.37,0.5,0.6,2026-03-07,2027,h,27.38,N
28.60048,77.54325,332.1,292.03,0.5,0.6,2026-03-07,2034,h,18.08,N
22.83015,69.52844,345.64,283.7,0.5,0.6,2026-03-07,748,h,28.33,D
22.8283,69.52969,336.38,287.16,0.5,0.6,2026-03-07,788,h,28.1,D
24.10238,82.67087,338.01,291.53,0.5,0.6,2026-03-07,754,h,29.48,D
24.10528,82.67283,345.4,286.75,0.5,0.6,2026-03-07,819,n,32.93,D
22.79191,86.19359,340.4,290.28,0.5,0.6,2026-03-07,749,h,25.28,D
22.79288,86.19367,343.81,294.87,0.5,0.6,2026-03-07,825,n,39.64,D
21.15764,72.65876,341.98,284.11,0.5,0.6,2026-03-07,2091,h,33.21,N
21.16163,72.66171,334.61,288.83,0.5,0.6,2026-03-07,2045,h,28.1,N
27.31128,77.70626,347.11,290.96,0.5,0.6,2026-03-08,2072,h,42.83,N
27.31377,77.7048,359.2,288.87,0.5,0.6,2026-03-08,2115,h,53.96,N
22.39521,70.04458,344.2,286.73,0.5,0.6,2026-03-08,770,h,43.35,D
25.42161,85.97312,344.95,290.07,0.5,0.6,2026-03-08,743,h,38.51,D
25.42323,85.97702,357.93,289.81,0.5,0.6,2026-03-08,2024,h,53.24,N
28.60016,77.54573,328.55,292.27,0.5,0.6,2026-03-08,2093,h,24.27,N
22.82976,69.52607,346.68,286.17,0.5,0.6,2026-03-08,752,h,40.14,D
24.10356,82.67123,342.43,281.86,0.5,0.6,2026-03-08,2063,n,32.23,N
24.10514,82.66745,337.17,288.05,0.5,0.6,2026-03-08,2129,h,32.93,N
22.79764,86.19959,337.93,289.3,0.5,0.6,2026-03-08,2075,h,33.78,N
22.79609,86.19232,333.87,285.15,0.5,0.6,2026-03-08,752,h,32.93,D
21.15866,72.65783,341.56,286.97,0.5,0.6,2026-03-08,2058,h,30.46,N
27.31329,77.70342,354.71,291.28,0.5,0.6,2026-03-09,2127,h,47.39,N
29.38091,76.87516,339.8,292.16,0.5,0.6,2026-03-09,771,h,30.17,D
29.3782,76.87564,352.84,286.53,0.5,0.6,2026-03-09,738,h,46.56,D
22.3957,70.04161,350.46,286.05,0.5,0.6,2026-03-09,2089,n,41.77,N
22.3271,69.72634,346.34,286.01,0.5,0.6,2026-03-09,2120,h,40.32,N
22.32576,69.72115,360.01,288.07,0.5,0.6,2026-03-09,2057,h,52.41,N
25.42089,85.9726,358.86,286.96,0.5,0.6,2026-03-09,2106,h,56.41,N
22.82855,69.52786,340.14,288.17,0.5,0.6,2026-03-09,766,h,30.51,D
24.10059,82.67128,341.57,287.22,0.5,0.6,2026-03-09,730,n,33.09,D
24.10283,82.67193,327.93,290.04,0.5,0.6,2026-03-09,2045,h,20.09,N
22.79358,86.19264,337.01,292.7,0.5,0.6,2026-03-09,2099,n,22.26,N
22.7933,86.19468,339.43,287.85,0.5,0.6,2026-03-09,2072,h,28.67,N
21.16089,72.65901,329.92,286.46,0.5,0.6,2026-03-09,829,h,18.54,D
29.37724,76.87588,359.58,288.21,0.5,0.6,2026-03-10,766,h,49.14,D
22.39579,70.04281,356.91,289.67,0.5,0.6,2026-03-10,746,h,51.09,D
22.32696,69.72248,363.74,292.24,0.5,0.6,2026-03-10,775,h,56.47,D
22.32816,69.72152,345.44,289.45,0.5,0.6,2026-03-10,784,h,39.19,D
25.42284,85.97515,354.48,287.4,0.5,0.6,2026-03-10,750,h,46.14,D
25.4259,85.97424,348.76,293.55,0.5,0.6,2026-03-10,793,h,34.89,D
28.60303,77.54862,347.48,290.81,0.5,0.6,2026-03-10,2102,h,32.06,N
28.59841,77.54518,338.67,287.42,0.5,0.6,2026-03-10,736,n,28.26,D
22.82861,69.53053,347.05,289.71,0.5,0.6,2026-03-10,2110,h,35.12,N
24.10559,82.66999,342.36,281.53,0.5,0.6,2026-03-10,821,n,34.05,D
24.10247,82.67184,339.55,290.72,0.5,0.6,2026-03-10,2121,h,31.41,N
22.79603,86.19441,329.77,282.59,0.5,0.6,2026-03-10,2033,h,19.89,N
22.79498,86.19594,330.86,283.76,0.5,0.6,2026-03-10,2010,h,20.23,N
21.15764,72.65601,343.48,289.23,0.5,0.6,2026-03-10,2023,h,31.44,N
27.31261,77.70155,360.85,288.7,0.5,0.6,2026-03-11,810,h,55.21,D
29.37743,76.88053,354.76,283.67,0.5,0.6,2026-03-11,825,h,48.27,D
22.39687,70.04199,339.47,286.6,0.5,0.6,2026-03-11,2051,h,31.62,N
22.39518,70.0411,354.5,288.84,0.5,0.6,2026-03-11,2077,h,45.76,N
22.33113,69.71969,360.98,292.2,0.5,0.6,2026-03-11,2070,n,52.91,N
25.42123,85.97246,338.33,294.79,0.5,0.6,2026-03-11,799,h,28.62,D
28.60073,77.54678,334.14,290.23,0.5,0.6,2026-03-11,2088,n,24.28,N
28.60071,77.5475,333.78,287.63,0.5,0.6,2026-03-11,2125,h,25.86,N
22.82887,69.52674,339.78,284.99,0.5,0.6,2026-03-11,809,n,23.27,D
22.82854,69.52933,352.25,286.26,0.5,0.6,2026-03-11,776,h,49.48,D
24.10625,82.67161,338.41,288.32,0.5,0.6,2026-03-11,829,h,31.46,D
24.10274,82.66918,341.78,289.38,0.5,0.6,2026-03-11,2093,n,29.88,N
22.79614,86.19235,337.5,287.77,0.5,0.6,2026-03-11,774,h,26.85,D
22.79342,86.19706,344.55,290.08,0.5,0.6,2026-03-11,823,n,35.81,D
21.15743,72.65735,334.11,291.57,0.5,0.6,2026-03-11,2060,h,26.78,N
27.31507,77.70368,339.07,289.97,0.5,0.6,2026-03-12,2029,n,34.17,N
27.31362,77.70335,338.44,289.57,0.5,0.6,2026-03-12,2004,n,29.08,N
29.37827,76.87849,339.19,288.74,0.5,0.6,2026-03-12,2101,n,27.98,N
29.37638,76.87709,342.01,293.29,0.5,0.6,2026-03-12,787,h,32.21,D
22.3938,70.04271,357.85,283.07,0.5,0.6,2026-03-12,2083,h,56.07,N
22.39497,70.04063,357.88,288.6,0.5,0.6,2026-03-12,2023,h,51.86,N
22.32682,69.7179,349.72,290.4,0.5,0.6,2026-03-12,816,h,39.26,D
22.3309,69.71988,346.66,288.08,0.5,0.6,2026-03-12,2046,h,35.36,N
25.42227,85.97464,357.45,287.13,0.5,0.6,2026-03-12,2033,n,47.38,N
28.59688,77.54438,333.55,286.47,0.5,0.6,2026-03-12,2053,h,23.05,N
28.60049,77.54704,322.36,287.21,0.5,0.6,2026-03-12,2058,h,15.71,N
24.10527,82.67306,347.77,285.48,0.5,0.6,2026-03-12,764,h,41.07,D
24.1032,82.66637,336.1,282.54,0.5,0.6,2026-03-12,2023,h,27.42,N
22.79546,86.19593,339.31,284.81,0.5,0.6,2026-03-12,2006,h,34.16,N
21.1572,72.65421,339.13,289.03,0.5,0.6,2026-03-12,2009,n,28.37,N
21.15715,72.66109,329.51,291.69,0.5,0.6,2026-03-12,2043,h,18.35,N
27.31675,77.7016,343.23,286.52,0.5,0.6,2026-03-13,2063,h,33.84,N
29.37903,76.87887,347.87,285.5,0.5,0.6,2026-03-13,2015,n,38.55,N
29.3788,76.87444,331.0,293.24,0.5,0.6,2026-03-13,810,h,25.64,D
22.39591,70.04529,357.82,291.89,0.5,0.6,2026-03-13,755,h,52.08,D
22.32769,69.72113,341.54,285.25,0.5,0.6,2026-03-13,794,n,36.21,D
25.42188,85.97182,346.67,285.36,0.5,0.6,2026-03-13,783,n,42.5,D
28.6014,77.54797,346.67,292.99,0.5,0.6,2026-03-13,2048,h,37.27,N
28.59661,77.54468,352.81,293.95,0.5,0.6,2026-03-13,820,h,47.91,D
22.83272,69.52865,341.29,288.0,0.5,0.6,2026-03-13,2013,h,31.76,N
22.82707,69.52524,339.21,286.23,0.5,0.6,2026-03-13,2011,n,32.85,N
21.15782,72.65832,333.39,290.55,0.5,0.6,2026-03-13,827,n,21.72,D
21.15693,72.66077,338.04,283.64,0.5,0.6,2026-03-13,2079,h,31.7,N
27.3119,77.70551,353.82,287.75,0.5,0.6,2026-03-14,736,h,52.95,D
29.37927,76.88116,343.82,287.37,0.5,0.6,2026-03-14,2117,h,38.07,N
29.37921,76.87575,352.53,287.57,0.5,0.6,2026-03-14,2074,h,49.69,N
22.39631,70.0441,352.21,291.99,0.5,0.6,2026-03-14,732,h,46.95,D
22.39025,70.04185,340.01,292.42,0.5,0.6,2026-03-14,786,h,34.37,D
22.32952,69.72132,353.54,287.57,0.5,0.6,2026-03-14,751,h,48.59,D
22.32928,69.72523,348.04,286.43,0.5,0.6,2026-03-14,2019,h,42.78,N
25.42234,85.97446,352.24,287.47,0.5,0.6,2026-03-14,770,h,44.63,D
25.42629,85.9707,350.65,289.81,0.5,0.6,2026-03-14,787,h,44.05,D
28.60237,77.54752,340.66,287.4,0.5,0.6,2026-03-14,2051,h,29.55,N
28.59991,77.54672,347.66,291.7,0.5,0.6,2026-03-14,737,n,38.15,D
22.82894,69.52923,344.82,292.54,0.5,0.6,2026-03-14,828,h,43.6,D
24.10401,82.6714,345.28,289.88,0.5,0.6,2026-03-14,2065,h,35.15,N
24.10566,82.67372,343.34,285.25,0.5,0.6,2026-03-14,746,h,29.8,D
22.7938,86.19634,351.16,288.39,0.5,0.6,2026-03-14,760,h,45.32,D
22.79422,86.19829,338.74,289.57,0.5,0.6,2026-03-14,759,n,26.47,D
27.3172,77.70342,348.01,288.41,0.5,0.6,2026-03-15,2019,n,34.64,N
27.31181,77.70413,342.98,287.09,0.5,0.6,2026-03-15,2008,n,38.27,N
29.37585,76.8791,346.07,287.65,0.5,0.6,2026-03-15,2023,h,36.13,N
22.39645,70.04356,338.52,286.2,0.5,0.6,2026-03-15,734,h,35.38,D
22.39554,70.04382,344.16,283.46,0.5,0.6,2026-03-15,759,n,36.78,D
22.32762,69.71944,353.3,287.04,0.5,0.6,2026-03-15,2040,h,42.31,N
22.32541,69.72334,341.01,288.08,0.5,0.6,2026-03-15,748,h,31.35,D
25.4226,85.97323,348.8,289.63,0.5,0.6,2026-03-15,788,h,39.66,D
28.59978,77.5453,344.36,285.68,0.5,0.6,2026-03-15,2116,h,34.0,N
28.59691,77.54505,344.1,286.98,0.5,0.6,2026-03-15,801,h,42.02,D
22.82594,69.52802,338.02,290.97,0.5,0.6,2026-03-15,817,h,32.1,D
24.10357,82.67292,339.73,286.63,0.5,0.6,2026-03-15,816,h,30.88,D
24.10263,82.67025,341.21,282.88,0.5,0.6,2026-03-15,2083,h,31.41,N
22.79301,86.19161,333.33,290.27,0.5,0.6,2026-03-15,734,h,27.12,D
21.15708,72.65648,342.39,288.97,0.5,0.6,2026-03-15,2047,h,31.91,N
21.15678,72.66008,339.28,293.54,0.5,0.6,2026-03-15,2018,h,31.27,N
27.31441,77.70405,360.27,289.65,0.5,0.6,2026-03-16,766,h,53.29,D
29.38162,76.87553,349.88,287.71,0.5,0.6,2026-03-16,2022,h,48.62,N
29.37609,76.87794,362.07,285.44,0.5,0.6,2026-03-16,2115,h,63.76,N
22.39441,70.04096,344.61,292.02,0.5,0.6,2026-03-16,2057,h,38.32,N
22.39327,70.0448,344.89,283.16,0.5,0.6,2026-03-16,761,h,38.59,D
22.32487,69.72134,349.37,289.96,0.5,0.6,2026-03-16,2002,n,46.68,N
25.42629,85.97807,344.7,291.91,0.5,0.6,2026-03-16,787,h,34.23,D
25.42373,85.97329,351.77,282.31,0.5,0.6,2026-03-16,789,n,42.82,D
28.60112,77.54865,335.68,290.62,0.5,0.6,2026-03-16,2038,h,29.63,N
28.60008,77.54818,334.46,289.33,0.5,0.6,2026-03-16,2028,h,30.88,N
22.82633,69.52867,343.22,288.89,0.5,0.6,2026-03-16,755,h,34.67,D
22.8263,69.52779,339.54,291.3,0.5,0.6,2026-03-16,731,h,29.07,D
24.10131,82.66854,340.75,293.57,0.5,0.6,2026-03-16,739,n,31.87,D
22.79328,86.19185,336.42,286.12,0.5,0.6,2026-03-16,788,h,26.81,D
22.79199,86.19093,332.43,285.03,0.5,0.6,2026-03-16,731,h,22.66,D
21.15539,72.65685,345.94,289.06,0.5,0.6,2026-03-16,743,h,35.34,D
21.16097,72.65748,348.1,282.07,0.5,0.6,2026-03-16,740,h,38.71,D
27.31814,77.70348,364.02,288.62,0.5,0.6,2026-03-17,2104,n,55.71,N
27.31508,77.70575,356.69,287.85,0.5,0.6,2026-03-17,805,n,50.51,D
29.37951,76.87572,352.29,287.76,0.5,0.6,2026-03-17,806,h,38.66,D
29.37416,76.87904,344.59,285.56,0.5,0.6,2026-03-17,764,h,35.78,D
22.39542,70.04483,357.01,285.87,0.5,0.6,2026-03-17,820,h,49.67,D
22.32769,69.71955,347.17,287.5,0.5,0.6,2026-03-17,815,n,36.59,D
22.32617,69.71753,344.81,287.25,0.5,0.6,2026-03-17,2094,n,36.36,N
25.42484,85.9714,356.55,291.42,0.5,0.6,2026-03-17,2090,h,48.54,N
25.42397,85.97209,367.0,285.15,0.5,0.6,2026-03-17,823,h,62.0,D
28.59558,77.54608,328.22,289.78,0.5,0.6,2026-03-17,2015,h,15.93,N
28.60032,77.5473,335.63,288.82,0.5,0.6,2026-03-17,730,h,22.36,D
24.10445,82.66876,334.5,285.31,0.5,0.6,2026-03-17,2066,n,23.73,N
24.10443,82.66846,329.28,287.85,0.5,0.6,2026-03-17,745,h,20.09,D
22.79325,86.19729,328.45,284.79,0.5,0.6,2026-03-17,2058,h,18.51,N
22.7952,86.19451,330.55,288.0,0.5,0.6,2026-03-17,827,n,21.65,D
21.15781,72.65836,337.49,281.19,0.5,0.6,2026-03-17,827,h,26.35,D
27.31148,77.70455,359.41,283.16,0.5,0.6,2026-03-18,814,h,54.88,D
29.37724,76.87562,350.72,290.01,0.5,0.6,2026-03-18,778,h,46.89,D
22.39306,70.04639,355.4,293.08,0.5,0.6,2026-03-18,753,h,53.1,D
22.39574,70.03986,352.28,283.88,0.5,0.6,2026-03-18,2060,h,43.93,N
22.32666,69.72366,342.55,288.08,0.5,0.6,2026-03-18,2098,h,33.53,N
25.423,85.97152,353.89,285.41,0.5,0.6,2026-03-18,786,h,50.2,D
25.42179,85.97197,359.54,290.87,0.5,0.6,2026-03-18,777,h,56.3,D
28.60261,77.54831,332.55,290.28,0.5,0.6,2026-03-18,2118,h,25.64,N
22.82949,69.5283,340.48,285.64,0.5,0.6,2026-03-18,734,h,31.48,D
22.82829,69.52792,347.82,291.97,0.5,0.6,2026-03-18,2121,h,36.3,N
24.10676,82.67311,336.1,289.1,0.5,0.6,2026-03-18,2095,h,33.87,N
22.79283,86.19194,340.05,292.43,0.5,0.6,2026-03-18,2071,n,34.28,N
22.79464,86.19359,327.86,286.41,0.5,0.6,2026-03-18,2087,h,23.81,N
21.15542,72.65896,335.0,287.58,0.5,0.6,2026-03-18,2064,n,17.15,N
27.31327,77.70267,340.88,290.47,0.5,0.6,2026-03-19,768,n,36.69,D
29.37814,76.87846,350.27,288.93,0.5,0.6,2026-03-19,814,h,42.6,D
22.39684,70.04594,363.98,285.83,0.5,0.6,2026-03-19,781,h,60.37,D
22.39482,70.04367,353.87,285.07,0.5,0.6,2026-03-19,2122,n,45.44,N
22.32783,69.72167,367.0,290.25,0.5,0.6,2026-03-19,811,n,70.28,D
25.4254,85.97482,364.12,285.67,0.5,0.6,2026-03-19,783,h,59.93,D
28.60016,77.54479,342.2,292.14,0.5,0.6,2026-03-19,2093,h,28.7,N
22.83007,69.5295,328.71,287.62,0.5,0.6,2026-03-19,789,h,16.99,D
22.82754,69.52924,333.06,288.58,0.5,0.6,2026-03-19,780,h,24.72,D
24.10699,82.66652,361.25,289.37,0.5,0.6,2026-03-19,2038,h,49.74,N
24.10278,82.6699,343.84,293.96,0.5,0.6,2026-03-19,792,n,34.47,D
21.15688,72.65854,337.3,285.76,0.5,0.6,2026-03-19,2067,n,33.3,N
21.16037,72.65556,348.58,286.02,0.5,0.6,2026-03-19,2075,n,38.48,N
27.31376,77.70199,348.47,289.54,0.5,0.6,2026-03-20,786,h,46.69,D
27.3175,77.7084,340.97,289.55,0.5,0.6,2026-03-20,753,n,34.7,D
29.37415,76.87533,346.41,291.02,0.5,0.6,2026-03-20,2068,n,39.05,N
22.39563,70.04339,361.16,285.21,0.5,0.6,2026-03-20,762,h,58.25,D
22.39847,70.04064,347.73,286.78,0.5,0.6,2026-03-20,2058,n,38.08,N
22.32677,69.72373,350.85,287.21,0.5,0.6,2026-03-20,744,h,43.79,D
25.42406,85.97265,345.4,286.34,0.5,0.6,2026-03-20,2107,n,31.0,N
25.42434,85.97843,336.45,287.2,0.5,0.6,2026-03-20,2035,h,26.01,N
28.59995,77.54337,343.55,286.37,0.5,0.6,2026-03-20,769,h,33.0,D
22.82806,69.53028,352.97,286.29,0.5,0.6,2026-03-20,746,h,44.43,D
22.82968,69.52785,340.58,284.78,0.5,0.6,2026-03-20,2099,h,26.04,N
24.10656,82.66985,342.14,284.42,0.5,0.6,2026-03-20,735,h,33.96,D
22.79355,86.19262,340.52,286.98,0.5,0.6,2026-03-20,786,h,30.74,D
22.79491,86.19316,330.99,287.03,0.5,0.6,2026-03-20,803,n,20.3,D
21.16161,72.65878,348.07,282.3,0.5,0.6,2026-03-20,2105,n,39.49,N
21.15846,72.65642,345.87,291.61,0.5,0.6,2026-03-20,807,n,34.9,D
27.31602,77.70445,351.12,282.2,0.5,0.6,2026-03-21,774,h,45.36,D
29.38312,76.8775,354.32,289.77,0.5,0.6,2026-03-21,2123,h,48.24,N
29.37543,76.87778,348.83,289.53,0.5,0.6,2026-03-21,2110,h,43.1,N
22.3917,70.04356,352.72,288.84,0.5,0.6,2026-03-21,2017,h,50.84,N
22.32989,69.72139,353.04,291.33,0.5,0.6,2026-03-21,795,n,49.88,D
22.32804,69.72393,344.89,288.18,0.5,0.6,2026-03-21,733,h,37.02,D
25.42266,85.97087,360.48,289.37,0.5,0.6,2026-03-21,2051,h,55.35,N
28.59983,77.54861,354.09,290.5,0.5,0.6,2026-03-21,2104,h,50.48,N
22.82083,69.53107,334.45,287.34,0.5,0.6,2026-03-21,2119,n,25.22,N
22.82657,69.5283,341.59,283.98,0.5,0.6,2026-03-21,784,n,29.75,D
24.10282,82.6698,337.79,284.91,0.5,0.6,2026-03-21,2023,n,29.28,N
24.10018,82.66689,350.55,281.61,0.5,0.6,2026-03-21,2064,h,38.55,N
22.79364,86.19463,338.05,290.5,0.5,0.6,2026-03-21,794,h,25.06,D
22.80022,86.1967,339.48,283.41,0.5,0.6,2026-03-21,799,h,34.34,D
27.31373,77.70348,356.33,289.05,0.5,0.6,2026-03-22,2086,h,54.96,N
27.31718,77.70341,345.65,288.16,0.5,0.6,2026-03-22,741,h,35.11,D
22.32643,69.72738,364.93,284.32,0.5,0.6,2026-03-22,2123,h,61.35,N
25.42402,85.97427,353.27,290.76,0.5,0.6,2026-03-22,2070,n,49.49,N
28.60236,77.54509,330.28,281.94,0.5,0.6,2026-03-22,772,h,25.43,D
28.59826,77.54905,341.09,286.67,0.5,0.6,2026-03-22,2034,n,37.34,N
22.83018,69.53036,336.35,287.98,0.5,0.6,2026-03-22,733,h,24.96,D
22.82547,69.53033,349.15,286.05,0.5,0.6,2026-03-22,2022,n,44.23,N
24.10388,82.66846,339.33,286.38,0.5,0.6,2026-03-22,2030,n,33.04,N
22.79252,86.19827,352.77,295.02,0.5,0.6,2026-03-22,828,n,49.11,D
21.15806,72.65886,334.23,286.72,0.5,0.6,2026-03-22,2078,h,28.33,N
21.15496,72.65818,335.93,285.8,0.5,0.6,2026-03-22,2035,h,22.72,N
27.31517,77.70043,367.0,289.57,0.5,0.6,2026-03-23,2037,h,61.52,N
27.31145,77.70625,363.0,284.39,0.5,0.6,2026-03-23,778,n,58.55,D
29.37901,76.87708,367.0,292.33,0.5,0.6,2026-03-23,2081,h,63.97,N
29.38089,76.88003,346.69,290.43,0.5,0.6,2026-03-23,2114,n,46.58,N
22.39675,70.04631,350.59,295.07,0.5,0.6,2026-03-23,2091,n,41.62,N
22.33087,69.72443,330.44,287.79,0.5,0.6,2026-03-23,2106,n,22.52,N
25.42255,85.97399,343.58,288.12,0.5,0.6,2026-03-23,2004,h,39.46,N
28.59988,77.54426,332.48,291.34,0.5,0.6,2026-03-23,2118,h,22.65,N
24.1026,82.67147,342.9,284.51,0.5,0.6,2026-03-23,2059,n,36.37,N
24.10097,82.67051,330.92,286.94,0.5,0.6,2026-03-23,774,h,25.58,D
22.79519,86.1942,330.49,286.18,0.5,0.6,2026-03-23,2013,h,22.76,N
22.79411,86.19319,336.48,292.22,0.5,0.6,2026-03-23,777,h,28.86,D
21.15822,72.66012,346.24,283.44,0.5,0.6,2026-03-23,796,n,43.35,D
27.31562,77.70536,338.91,281.41,0.5,0.6,2026-03-24,2079,h,32.03,N
29.37828,76.87497,360.12,289.43,0.5,0.6,2026-03-24,2016,h,49.43,N
22.39215,70.04653,354.88,286.62,0.5,0.6,2026-03-24,768,h,46.6,D
22.32889,69.72215,344.14,285.15,0.5,0.6,2026-03-24,2040,h,36.99,N
22.32796,69.72086,367.0,283.37,0.5,0.6,2026-03-24,775,h,76.21,D
25.42406,85.975,361.92,288.76,0.5,0.6,2026-03-24,2023,n,50.76,N
25.42393,85.97619,357.74,289.95,0.5,0.6,2026-03-24,794,h,52.31,D
28.59537,77.54796,342.76,285.94,0.5,0.6,2026-03-24,2116,h,34.12,N
22.8289,69.5257,340.46,285.94,0.5,0.6,2026-03-24,731,h,34.53,D
24.1007,82.67273,342.12,291.02,0.5,0.6,2026-03-24,2034,n,32.42,N
24.10523,82.67074,332.28,288.64,0.5,0.6,2026-03-24,743,h,27.54,D
22.79338,86.18982,343.12,293.34,0.5,0.6,2026-03-24,792,h,38.69,D
21.16,72.65848,364.77,289.75,0.5,0.6,2026-03-24,810,h,61.77,D
27.31466,77.70116,354.97,289.83,0.5,0.6,2026-03-25,827,h,53.08,D
22.3963,70.04494,349.9,284.99,0.5,0.6,2026-03-25,815,h,45.95,D
22.33043,69.72157,340.69,286.48,0.5,0.6,2026-03-25,806,h,37.01,D
22.32781,69.72544,340.58,294.0,0.5,0.6,2026-03-25,2046,h,32.5,N
25.42667,85.974,346.52,285.04,0.5,0.6,2026-03-25,749,h,39.83,D
24.10157,82.66929,349.53,283.6,0.5,0.6,2026-03-25,816,n,43.57,D
24.10121,82.674,337.5,287.72,0.5,0.6,2026-03-25,806,h,27.48,D
22.79684,86.19589,335.66,289.43,0.5,0.6,2026-03-25,2022,h,22.12,N
21.15896,72.65627,348.71,289.73,0.5,0.6,2026-03-25,791,h,49.37,D
27.31378,77.70163,342.75,283.21,0.5,0.6,2026-03-26,828,h,34.23,D
29.3773,76.87626,332.21,293.3,0.5,0.6,2026-03-26,738,h,23.04,D
22.39857,70.03892,345.16,290.2,0.5,0.6,2026-03-26,2028,h,32.13,N
22.32786,69.72321,334.04,290.21,0.5,0.6,2026-03-26,2053,h,24.78,N
22.32608,69.72365,343.25,289.97,0.5,0.6,2026-03-26,802,n,35.11,D
25.42541,85.97233,346.96,288.33,0.5,0.6,2026-03-26,734,h,36.05,D
28.59499,77.54781,330.63,289.92,0.5,0.6,2026-03-26,829,h,24.2,D
22.83069,69.53038,339.63,287.83,0.5,0.6,2026-03-26,827,n,32.45,D
22.79417,86.19269,341.33,285.93,0.5,0.6,2026-03-26,820,h,36.83,D
21.15644,72.65761,341.56,288.95,0.5,0.6,2026-03-26,781,h,31.1,D
21.15878,72.6591,341.35,290.75,0.5,0.6,2026-03-26,778,h,35.64,D
27.31342,77.70444,336.62,282.75,0.5,0.6,2026-03-27,781,h,28.51,D
27.31446,77.70521,356.28,291.93,0.5,0.6,2026-03-27,2053,h,57.47,N
29.37551,76.87904,365.79,287.77,0.5,0.6,2026-03-27,752,n,60.75,D
22.39381,70.03906,345.13,286.91,0.5,0.6,2026-03-27,2111,h,40.5,N
22.32338,69.71897,345.17,287.3,0.5,0.6,2026-03-27,2035,h,40.87,N
25.42742,85.97706,352.1,288.92,0.5,0.6,2026-03-27,2124,h,52.23,N
25.42286,85.97327,342.24,292.1,0.5,0.6,2026-03-27,2078,h,38.35,N
28.60469,77.54775,344.68,286.7,0.5,0.6,2026-03-27,2083,h,36.96,N
28.59834,77.54691,338.3,285.23,0.5,0.6,2026-03-27,2081,h,36.99,N
22.82898,69.52908,350.89,286.88,0.5,0.6,2026-03-27,2084,h,44.56,N
22.82942,69.52951,342.28,291.83,0.5,0.6,2026-03-27,779,h,32.05,D
24.10304,82.67159,332.66,282.42,0.5,0.6,2026-03-27,2034,h,23.28,N
24.10563,82.67168,345.43,290.04,0.5,0.6,2026-03-27,737,h,35.73,D
22.79087,86.19153,343.14,288.03,0.5,0.6,2026-03-27,2118,n,31.78,N
22.79216,86.19489,351.34,289.97,0.5,0.6,2026-03-27,820,h,41.43,D
21.1563,72.65864,335.87,288.67,0.5,0.6,2026-03-27,748,h,20.38,D
21.16327,72.65826,337.13,294.11,0.5,0.6,2026-03-27,2033,n,23.36,N
27.31262,77.70756,347.32,286.64,0.5,0.6,2026-03-28,811,h,43.54,D
29.38206,76.87915,367.0,287.62,0.5,0.6,2026-03-28,2111,h,62.54,N
22.39672,70.04221,351.83,288.95,0.5,0.6,2026-03-28,2007,h,45.16,N
22.32706,69.72252,348.01,289.29,0.5,0.6,2026-03-28,798,h,37.72,D
22.32634,69.72427,351.58,290.1,0.5,0.6,2026-03-28,822,h,46.49,D
25.4274,85.97133,353.42,282.07,0.5,0.6,2026-03-28,751,h,48.72,D
28.59894,77.54419,343.57,286.78,0.5,0.6,2026-03-28,788,h,36.65,D
28.60173,77.54354,351.76,290.62,0.5,0.6,2026-03-28,791,n,46.76,D
24.10203,82.66759,347.58,289.06,0.5,0.6,2026-03-28,770,h,43.48,D
27.31299,77.70266,351.76,290.13,0.5,0.6,2026-03-29,807,h,39.72,D
29.38059,76.88247,362.67,291.87,0.5,0.6,2026-03-29,2079,n,57.95,N
29.37787,76.88074,341.18,288.71,0.5,0.6,2026-03-29,2079,h,36.33,N
22.32871,69.72182,367.0,290.82,0.5,0.6,2026-03-29,2048,h,69.45,N
25.4234,85.97542,361.86,289.31,0.5,0.6,2026-03-29,738,h,50.29,D
25.42399,85.97099,348.21,286.72,0.5,0.6,2026-03-29,2009,h,45.25,N
28.59857,77.54398,333.59,289.76,0.5,0.6,2026-03-29,741,h,26.59,D
28.60377,77.54735,344.08,289.4,0.5,0.6,2026-03-29,780,n,33.57,D
22.82794,69.5309,343.29,291.74,0.5,0.6,2026-03-29,2121,h,37.71,N
24.10485,82.67225,330.67,287.02,0.5,0.6,2026-03-29,2083,h,27.63,N
24.10185,82.6713,343.45,287.23,0.5,0.6,2026-03-29,2062,h,28.21,N
21.1592,72.65741,333.61,289.26,0.5,0.6,2026-03-29,774,n,20.84,D
21.15463,72.65907,343.12,288.09,0.5,0.6,2026-03-29,822,h,29.93,D
27.3138,77.70216,354.81,291.13,0.5,0.6,2026-03-30,809,h,42.5,D
29.37708,76.88201,367.0,292.4,0.5,0.6,2026-03-30,2115,n,74.18,N
29.37598,76.879,343.99,292.01,0.5,0.6,2026-03-30,739,n,35.57,D
22.39432,70.04114,360.04,289.61,0.5,0.6,2026-03-30,2107,n,54.78,N
22.39898,70.0406,354.64,289.69,0.5,0.6,2026-03-30,813,h,49.97,D
22.32832,69.72113,367.0,290.64,0.5,0.6,2026-03-30,2112,h,91.12,N
25.42485,85.97463,367.0,289.55,0.5,0.6,2026-03-30,785,h,87.89,D
28.59806,77.54563,331.57,290.54,0.5,0.6,2026-03-30,754,h,18.62,D
22.82824,69.53119,335.24,290.32,0.5,0.6,2026-03-30,735,h,24.21,D
22.82689,69.53138,337.61,292.04,0.5,0.6,2026-03-30,820,h,29.18,D
24.10862,82.66978,342.35,286.95,0.5,0.6,2026-03-30,2111,h,34.16,N
21.15862,72.65784,339.56,289.6,0.5,0.6,2026-03-30,2049,h,27.42,N
27.31004,77.70821,360.11,285.39,0.5,0.6,2026-03-31,2027,n,48.2,N
29.37837,76.87674,340.68,284.15,0.5,0.6,2026-03-31,821,h,31.04,D
29.37886,76.88198,365.29,289.96,0.5,0.6,2026-03-31,2071,h,57.48,N
22.39533,70.04379,345.48,289.74,0.5,0.6,2026-03-31,2021,h,35.23,N
22.39759,70.04508,352.15,285.79,0.5,0.6,2026-03-31,797,n,44.45,D
22.32906,69.72435,341.46,287.83,0.5,0.6,2026-03-31,787,h,29.73,D
22.33007,69.72346,346.45,284.79,0.5,0.6,2026-03-31,2001,h,43.58,N
25.42492,85.97548,338.93,290.39,0.5,0.6,2026-03-31,2110,h,34.52,N
25.43111,85.97306,352.3,291.4,0.5,0.6,2026-03-31,792,h,49.6,D
28.6027,77.54337,342.67,287.8,0.5,0.6,2026-03-31,2059,h,27.38,N
28.59754,77.54432,341.61,291.36,0.5,0.6,2026-03-31,2047,h,28.37,N
22.82936,69.53002,352.74,287.21,0.5,0.6,2026-03-31,2110,h,47.01,N
22.82599,69.53064,326.55,287.5,0.5,0.6,2026-03-31,779,h,20.4,D
24.10304,82.67407,345.11,283.63,0.5,0.6,2026-03-31,793,h,33.4,D
21.15553,72.65656,338.71,284.08,0.5,0.6,2026-03-31,2017,h,31.48,N
21.15895,72.6592,340.1,291.02,0.5,0.6,2026-03-31,2099,n,34.79,N
27.31438,77.70723,362.08,289.62,0.5,0.6,2026-04-01,828,n,59.81,D
29.38394,76.87686,367.0,285.75,0.5,0.6,2026-04-01,788,h,93.44,D
22.39559,70.04286,351.96,293.32,0.5,0.6,2026-04-01,818,h,44.9,D
22.33014,69.71908,335.6,287.59,0.5,0.6,2026-04-01,2054,h,24.9,N
22.83004,69.53154,329.22,289.85,0.5,0.6,2026-04-01,2127,h,22.34,N
24.10598,82.67187,338.24,285.67,0.5,0.6,2026-04-01,2094,n,27.1,N
22.79277,86.19302,330.95,293.88,0.5,0.6,2026-04-01,813,n,24.82,D
22.79672,86.19433,335.17,290.61,0.5,0.6,2026-04-01,2102,h,26.85,N
21.16301,72.65732,351.18,290.01,0.5,0.6,2026-04-01,2066,h,38.43,N
21.15949,72.66129,346.21,295.78,0.5,0.6,2026-04-01,804,h,34.39,D
27.3135,77.70701,351.41,286.95,0.5,0.6,2026-04-02,820,h,44.25,D
29.37553,76.87719,347.55,291.07,0.5,0.6,2026-04-02,2018,h,36.89,N
29.37531,76.87771,360.3,289.42,0.5,0.6,2026-04-02,792,h,52.91,D
22.39781,70.04095,353.69,281.97,0.5,0.6,2026-04-02,823,h,49.47,D
22.39666,70.03893,343.77,291.61,0.5,0.6,2026-04-02,2002,h,37.59,N
22.32958,69.71998,360.36,287.28,0.5,0.6,2026-04-02,2112,n,47.44,N
25.42334,85.97523,351.08,291.05,0.5,0.6,2026-04-02,2079,h,50.04,N
28.59799,77.5463,341.93,291.55,0.5,0.6,2026-04-02,776,h,31.19,D
28.60357,77.547,338.54,283.62,0.5,0.6,2026-04-02,2039,n,31.2,N
22.8292,69.52509,343.92,290.99,0.5,0.6,2026-04-02,2098,h,28.67,N
22.82727,69.52449,334.56,287.02,0.5,0.6,2026-04-02,2093,n,33.63,N
22.79215,86.19784,340.19,288.1,0.5,0.6,2026-04-02,783,h,35.02,D
22.79463,86.1918,334.36,290.61,0.5,0.6,2026-04-02,820,h,28.04,D
27.31342,77.70436,349.12,287.49,0.5,0.6,2026-04-03,791,h,49.3,D
27.31346,77.70384,350.06,284.15,0.5,0.6,2026-04-03,2042,h,37.35,N
29.37438,76.87662,348.36,294.79,0.5,0.6,2026-04-03,740,n,35.4,D
29.37604,76.8769,344.26,286.94,0.5,0.6,2026-04-03,826,h,38.45,D
22.39804,70.04193,345.45,290.84,0.5,0.6,2026-04-03,822,h,46.43,D
22.39631,70.04088,345.19,290.41,0.5,0.6,2026-04-03,2064,n,29.58,N
22.32704,69.72348,344.24,288.29,0.5,0.6,2026-04-03,732,n,38.44,D
25.42308,85.97331,360.41,292.34,0.5,0.6,2026-04-03,2128,h,55.69,N
28.60098,77.54612,335.54,289.38,0.5,0.6,2026-04-03,2093,n,25.64,N
22.82905,69.53126,336.55,290.81,0.5,0.6,2026-04-03,2014,h,22.69,N
24.1025,82.66749,346.26,288.45,0.5,0.6,2026-04-03,783,h,44.71,D
22.79654,86.19589,336.73,287.12,0.5,0.6,2026-04-03,2109,h,26.84,N
22.78994,86.19514,352.23,290.21,0.5,0.6,2026-04-03,778,h,39.2,D
21.15544,72.65798,340.57,287.89,0.5,0.6,2026-04-03,2063,h,32.34,N
27.31228,77.70185,339.98,287.81,0.5,0.6,2026-04-04,735,h,29.41,D
29.37657,76.87607,350.33,287.01,0.5,0.6,2026-04-04,769,n,42.39,D
29.38009,76.87808,350.64,285.33,0.5,0.6,2026-04-04,814,n,45.78,D
22.39616,70.04259,351.99,287.02,0.5,0.6,2026-04-04,2121,h,48.99,N
22.33073,69.72448,339.82,287.95,0.5,0.6,2026-04-04,810,h,31.87,D
22.32708,69.7241,338.81,282.47,0.5,0.6,2026-04-04,2067,h,31.37,N
28.60271,77.54586,339.19,289.88,0.5,0.6,2026-04-04,2058,h,31.94,N
28.60228,77.5436,335.97,286.99,0.5,0.6,2026-04-04,741,h,24.63,D
22.83284,69.52921,338.39,291.3,0.5,0.6,2026-04-04,829,h,21.41,D
22.79676,86.19479,355.76,288.06,0.5,0.6,2026-04-04,2056,h,45.99,N
22.79357,86.19428,328.97,290.16,0.5,0.6,2026-04-04,751,h,16.42,D
21.16133,72.65726,339.64,290.94,0.5,0.6,2026-04-04,2047,h,25.71,N
27.31659,77.70265,343.28,288.31,0.5,0.6,2026-04-05,2098,h,35.06,N
27.3089,77.70584,340.63,281.45,0.5,0.6,2026-04-05,780,h,34.33,D
29.38045,76.87861,333.55,286.64,0.5,0.6,2026-04-05,2000,h,26.89,N
29.38001,76.87504,353.06,285.23,0.5,0.6,2026-04-05,807,h,44.9,D
22.39619,70.04138,342.59,288.3,0.5,0.6,2026-04-05,2021,h,33.57,N
22.32654,69.72047,344.68,286.65,0.5,0.6,2026-04-05,810,n,29.58,D
28.5975,77.54292,342.23,287.33,0.5,0.6,2026-04-05,2063,h,34.44,N
28.59991,77.54319,328.71,284.75,0.5,0.6,2026-04-05,2089,n,19.77,N
22.82792,69.5288,335.12,291.73,0.5,0.6,2026-04-05,742,h,27.65,D
24.10648,82.66972,339.17,288.29,0.5,0.6,2026-04-05,745,n,31.79,D
21.15844,72.65954,333.99,292.18,0.5,0.6,2026-04-05,2111,n,26.35,N
21.15696,72.6599,335.64,285.26,0.5,0.6,2026-04-05,2092,h,28.09,N
27.31098,77.70526,344.53,287.56,0.5,0.6,2026-04-06,2028,h,37.7,N
29.38064,76.87805,347.95,286.78,0.5,0.6,2026-04-06,824,h,43.61,D
29.37649,76.87351,350.69,286.24,0.5,0.6,2026-04-06,790,h,45.66,D
22.39474,70.0411,357.43,286.1,0.5,0.6,2026-04-06,2101,h,51.05,N
22.32835,69.72324,352.07,286.95,0.5,0.6,2026-04-06,2034,h,54.16,N
28.59864,77.54631,349.44,287.14,0.5,0.6,2026-04-06,2084,h,36.94,N
22.8272,69.52587,334.13,287.84,0.5,0.6,2026-04-06,2089,n,22.61,N
24.10347,82.67164,334.21,287.83,0.5,0.6,2026-04-06,2024,h,23.23,N
24.10422,82.66727,346.1,286.28,0.5,0.6,2026-04-06,783,h,39.22,D
22.79662,86.19775,328.35,288.21,0.5,0.6,2026-04-06,2029,n,19.74,N
21.15608,72.65839,331.92,282.79,0.5,0.6,2026-04-06,2070,h,22.7,N
21.15989,72.65788,339.68,281.61,0.5,0.6,2026-04-06,2052,h,30.93,N
27.31227,77.70352,350.51,290.17,0.5,0.6,2026-04-07,2052,h,41.47,N
27.31485,77.70731,354.25,284.52,0.5,0.6,2026-04-07,2066,h,44.68,N
29.37289,76.87838,358.51,284.41,0.5,0.6,2026-04-07,2048,h,52.34,N
29.37918,76.87775,357.93,287.39,0.5,0.6,2026-04-07,808,h,49.5,D
22.39735,70.04487,366.83,280.97,0.5,0.6,2026-04-07,2120,h,62.11,N
22.33099,69.71984,367.0,285.7,0.5,0.6,2026-04-07,2040,h,78.82,N
25.425,85.97193,344.21,285.54,0.5,0.6,2026-04-07,2116,h,36.87,N
25.42224,85.97608,348.9,291.21,0.5,0.6,2026-04-07,759,n,38.1,D
28.59961,77.54517,334.53,287.77,0.5,0.6,2026-04-07,2070,h,30.35,N
28.6019,77.54525,333.04,286.78,0.5,0.6,2026-04-07,2034,h,26.75,N
24.10234,82.67152,333.7,285.46,0.5,0.6,2026-04-07,730,h,26.96,D
22.79841,86.19644,344.39,287.55,0.5,0.6,2026-04-07,824,h,43.31,D
22.79465,86.19226,337.21,290.16,0.5,0.6,2026-04-07,808,h,25.43,D
21.16153,72.65943,343.17,287.85,0.5,0.6,2026-04-07,804,h,35.12,D
21.15641,72.65909,337.52,287.85,0.5,0.6,2026-04-07,771,h,25.1,D
27.31482,77.70548,344.53,294.8,0.5,0.6,2026-04-08,738,n,30.53,D
27.31335,77.70378,357.9,284.82,0.5,0.6,2026-04-08,2080,h,57.27,N
29.37779,76.87598,331.48,288.78,0.5,0.6,2026-04-08,793,h,24.45,D
22.39432,70.04275,351.87,289.14,0.5,0.6,2026-04-08,2105,h,42.68,N
22.39814,70.04607,352.98,285.21,0.5,0.6,2026-04-08,778,h,45.61,D
22.32856,69.72278,360.66,287.58,0.5,0.6,2026-04-08,2109,h,55.13,N
22.328,69.71846,360.32,287.23,0.5,0.6,2026-04-08,737,n,52.07,D
25.42243,85.97353,345.48,288.72,0.5,0.6,2026-04-08,781,h,35.89,D
25.42356,85.97629,349.15,285.88,0.5,0.6,2026-04-08,759,h,40.3,D
28.60058,77.54848,347.65,286.19,0.5,0.6,2026-04-08,818,h,45.03,D
28.59644,77.54381,331.36,284.75,0.5,0.6,2026-04-08,2012,n,19.43,N
22.82657,69.52785,335.96,291.54,0.5,0.6,2026-04-08,776,n,27.44,D
24.10439,82.66989,349.59,282.86,0.5,0.6,2026-04-08,808,h,34.95,D
24.10296,82.67158,346.81,293.74,0.5,0.6,2026-04-08,742,h,35.13,D
22.79117,86.19499,323.75,290.66,0.5,0.6,2026-04-08,2020,h,16.0,N
21.15939,72.65743,331.5,289.74,0.5,0.6,2026-04-08,794,h,20.51,D
21.15659,72.65811,346.95,290.37,0.5,0.6,2026-04-08,755,n,36.05,D
27.31307,77.70536,360.36,292.92,0.5,0.6,2026-04-09,822,h,63.49,D
29.37672,76.87764,334.67,295.0,0.5,0.6,2026-04-09,771,h,31.12,D
29.37794,76.87634,348.61,287.41,0.5,0.6,2026-04-09,784,h,41.67,D
22.39741,70.04166,353.96,285.17,0.5,0.6,2026-04-09,819,h,43.14,D
22.39385,70.04377,345.93,293.8,0.5,0.6,2026-04-09,2102,h,43.4,N
22.32672,69.72364,354.9,286.71,0.5,0.6,2026-04-09,775,h,44.8,D
22.32749,69.71836,340.44,292.67,0.5,0.6,2026-04-09,734,h,34.56,D
25.42287,85.9748,350.9,287.89,0.5,0.6,2026-04-09,2013,h,46.9,N
28.60234,77.54702,354.32,293.22,0.5,0.6,2026-04-09,737,h,46.04,D
22.83092,69.52574,339.75,288.3,0.5,0.6,2026-04-09,823,h,29.41,D
22.83107,69.52807,339.18,284.77,0.5,0.6,2026-04-09,757,h,24.46,D
24.09978,82.66792,338.89,287.05,0.5,0.6,2026-04-09,2047,h,32.39,N
22.79503,86.1935,343.96,291.99,0.5,0.6,2026-04-09,2044,h,35.84,N
21.1572,72.65628,349.73,281.98,0.5,0.6,2026-04-09,2057,n,40.08,N
21.15655,72.65633,330.11,287.47,0.5,0.6,2026-04-09,2021,h,20.16,N
27.31349,77.70213,341.07,289.34,0.5,0.6,2026-04-10,2125,h,30.24,N
27.31125,77.70203,352.09,283.11,0.5,0.6,2026-04-10,2110,n,45.38,N
29.37828,76.87849,349.63,283.97,0.5,0.6,2026-04-10,2096,n,42.28,N
29.38101,76.87969,356.92,285.15,0.5,0.6,2026-04-10,818,n,59.25,D
22.39676,70.04271,347.19,279.9,0.5,0.6,2026-04-10,751,h,44.74,D
22.32884,69.72354,359.82,285.38,0.5,0.6,2026-04-10,2005,n,59.48,N
22.32826,69.72386,362.11,291.19,0.5,0.6,2026-04-10,2057,h,56.23,N
25.42165,85.97049,367.0,287.07,0.5,0.6,2026-04-10,812,h,70.33,D
28.59789,77.54741,338.31,292.26,0.5,0.6,2026-04-10,2019,n,35.94,N
28.59873,77.54741,342.15,289.35,0.5,0.6,2026-04-10,814,n,34.08,D
22.82162,69.52717,335.13,285.22,0.5,0.6,2026-04-10,793,h,26.58,D
24.10463,82.67097,345.59,286.96,0.5,0.6,2026-04-10,2095,h,38.04,N
22.79363,86.19187,344.79,287.18,0.5,0.6,2026-04-10,738,h,34.52,D
21.16155,72.66,345.91,288.72,0.5,0.6,2026-04-10,741,h,31.8,D
21.15799,72.65893,330.5,288.64,0.5,0.6,2026-04-10,772,h,21.06,D
27.31218,77.70388,356.6,285.45,0.5,0.6,2026-04-11,824,h,51.13,D
27.31509,77.70367,340.72,288.02,0.5,0.6,2026-04-11,2061,h,34.82,N
29.37698,76.88209,342.45,283.08,0.5,0.6,2026-04-11,2115,h,39.16,N
29.38096,76.87799,360.24,285.77,0.5,0.6,2026-04-11,751,h,59.39,D
22.39718,70.03916,346.5,286.59,0.5,0.6,2026-04-11,807,h,41.32,D
22.39199,70.04153,344.08,290.42,0.5,0.6,2026-04-11,797,n,34.49,D
22.32957,69.7241,347.25,281.07,0.5,0.6,2026-04-11,802,h,43.21,D
22.32761,69.71981,359.01,289.43,0.5,0.6,2026-04-11,741,h,55.48,D
25.42295,85.97215,333.24,284.72,0.5,0.6,2026-04-11,2026,h,24.09,N
28.60079,77.54577,353.8,286.75,0.5,0.6,2026-04-11,749,h,45.73,D
28.60041,77.54376,348.79,291.54,0.5,0.6,2026-04-11,818,h,37.52,D
24.10358,82.66634,340.62,288.13,0.5,0.6,2026-04-11,2046,h,30.08,N
24.10195,82.67033,345.09,293.14,0.5,0.6,2026-04-11,757,n,33.42,D
22.79507,86.19685,329.65,289.46,0.5,0.6,2026-04-11,2123,h,16.75,N
21.16136,72.65875,328.51,289.77,0.5,0.6,2026-04-11,2039,h,24.59,N
21.15921,72.6573,349.32,283.08,0.5,0.6,2026-04-11,2001,h,39.17,N
27.31086,77.70442,341.11,287.86,0.5,0.6,2026-04-12,2105,h,33.82,N
27.31304,77.70174,359.57,286.79,0.5,0.6,2026-04-12,811,h,49.59,D
29.37802,76.87777,362.25,286.83,0.5,0.6,2026-04-12,2024,h,52.39,N
29.3786,76.8784,354.07,288.41,0.5,0.6,2026-04-12,2090,h,43.26,N
22.39649,70.03988,350.17,286.13,0.5,0.6,2026-04-12,747,n,44.5,D
22.32628,69.72174,360.98,287.29,0.5,0.6,2026-04-12,770,n,56.7,D
22.32852,69.72328,350.16,286.53,0.5,0.6,2026-04-12,754,h,43.26,D
25.42607,85.97256,336.03,283.38,0.5,0.6,2026-04-12,782,n,28.9,D
25.42597,85.97593,341.14,289.6,0.5,0.6,2026-04-12,782,n,35.71,D
28.5989,77.54819,365.22,284.26,0.5,0.6,2026-04-12,2128,n,63.67,N
28.59815,77.54515,340.99,285.36,0.5,0.6,2026-04-12,2081,h,33.12,N
22.82929,69.52754,333.56,289.25,0.5,0.6,2026-04-12,746,h,19.35,D
24.10326,82.66985,333.45,292.22,0.5,0.6,2026-04-12,2020,h,28.61,N
22.79411,86.19711,364.4,286.25,0.5,0.6,2026-04-12,2126,h,62.22,N
22.7965,86.19329,348.1,284.76,0.5,0.6,2026-04-12,741,h,37.34,D
21.15591,72.65772,352.05,288.55,0.5,0.6,2026-04-12,2079,h,43.74,N
27.31351,77.7062,350.34,287.25,0.5,0.6,2026-04-13,2015,h,40.79,N
29.37645,76.87838,345.64,290.59,0.5,0.6,2026-04-13,2108,h,34.98,N
22.39713,70.04082,345.4,286.56,0.5,0.6,2026-04-13,2069,n,42.04,N
22.32798,69.71661,344.61,286.17,0.5,0.6,2026-04-13,2011,h,42.24,N
22.32966,69.7206,350.73,289.14,0.5,0.6,2026-04-13,2032,h,37.04,N
25.42781,85.97063,350.55,286.71,0.5,0.6,2026-04-13,2023,h,44.6,N
28.60273,77.5436,332.45,291.97,0.5,0.6,2026-04-13,798,h,24.52,D
28.59776,77.55151,339.75,284.58,0.5,0.6,2026-04-13,2022,n,28.95,N
22.82844,69.52641,351.64,285.93,0.5,0.6,2026-04-13,784,h,43.91,D
22.79547,86.19257,340.95,286.41,0.5,0.6,2026-04-13,824,n,25.09,D
21.15739,72.66106,343.79,284.86,0.5,0.6,2026-04-13,769,h,37.86,D
21.15911,72.65477,347.89,288.52,0.5,0.6,2026-04-13,753,n,36.22,D
27.31612,77.70523,367.0,286.79,0.5,0.6,2026-04-14,2024,h,70.6,N
29.38055,76.87501,351.53,285.66,0.5,0.6,2026-04-14,749,h,45.43,D
29.37978,76.88069,345.19,285.7,0.5,0.6,2026-04-14,2047,h,37.6,N
22.39738,70.04028,342.23,292.5,0.5,0.6,2026-04-14,2125,n,32.09,N
22.39698,70.04234,341.93,290.06,0.5,0.6,2026-04-14,2030,h,33.6,N
22.33133,69.72379,343.07,288.83,0.5,0.6,2026-04-14,2122,n,39.47,N
25.42433,85.97347,367.0,284.54,0.5,0.6,2026-04-14,810,n,84.0,D
22.82403,69.52596,336.6,284.84,0.5,0.6,2026-04-14,2036,n,25.34,N
24.10692,82.67049,339.05,287.45,0.5,0.6,2026-04-14,820,n,24.46,D
22.79464,86.19561,334.55,289.07,0.5,0.6,2026-04-14,2015,h,26.51,N
22.79471,86.19378,339.8,289.98,0.5,0.6,2026-04-14,2008,h,29.05,N
21.15827,72.6569,336.58,287.34,0.5,0.6,2026-04-14,2114,n,24.66,N
29.37854,76.87362,340.49,287.04,0.5,0.6,2026-04-15,783,h,35.3,D
29.37663,76.87938,367.0,286.01,0.5,0.6,2026-04-15,743,h,70.74,D
22.39309,70.04404,367.0,288.68,0.5,0.6,2026-04-15,763,h,62.0,D
22.39302,70.03894,354.99,293.88,0.5,0.6,2026-04-15,824,h,47.97,D
22.32702,69.72269,341.97,289.95,0.5,0.6,2026-04-15,2089,n,33.22,N
22.32711,69.72139,361.31,286.79,0.5,0.6,2026-04-15,758,h,63.03,D
28.60217,77.54785,342.35,289.03,0.5,0.6,2026-04-15,793,n,30.09,D
28.60172,77.54394,352.73,279.76,0.5,0.6,2026-04-15,802,n,46.33,D
22.82888,69.52622,334.12,287.12,0.5,0.6,2026-04-15,2072,h,25.97,N
22.8305,69.52854,343.31,287.72,0.5,0.6,2026-04-15,736,h,33.1,D
24.10607,82.66908,324.66,289.91,0.5,0.6,2026-04-15,813,n,16.68,D
24.09901,82.66997,331.14,290.55,0.5,0.6,2026-04-15,2061,h,22.89,N
22.79319,86.19693,328.07,283.38,0.5,0.6,2026-04-15,2026,n,21.79,N
22.79118,86.19476,347.64,290.63,0.5,0.6,2026-04-15,820,n,36.86,D
21.15833,72.6555,336.63,292.52,0.5,0.6,2026-04-15,763,h,25.64,D
21.15816,72.65785,329.21,285.59,0.5,0.6,2026-04-15,2031,n,20.89,N
27.31414,77.70203,348.38,289.97,0.5,0.6,2026-04-16,2125,h,44.44,N
29.37993,76.8753,353.59,290.48,0.5,0.6,2026-04-16,783,n,48.58,D
29.37722,76.87782,348.26,288.9,0.5,0.6,2026-04-16,825,h,38.16,D
22.397,70.04002,341.44,287.53,0.5,0.6,2026-04-16,2096,h,38.17,N
22.32821,69.72213,349.51,288.32,0.5,0.6,2026-04-16,2082,h,47.04,N
22.32579,69.72436,339.56,283.08,0.5,0.6,2026-04-16,825,n,24.42,D
25.42579,85.97241,346.67,286.38,0.5,0.6,2026-04-16,812,h,40.72,D
28.59743,77.54472,348.3,289.65,0.5,0.6,2026-04-16,2039,h,40.53,N
28.60018,77.54398,341.46,287.67,0.5,0.6,2026-04-16,758,h,35.19,D
22.8269,69.52995,330.79,293.72,0.5,0.6,2026-04-16,2029,n,23.45,N
22.8317,69.52794,350.56,287.98,0.5,0.6,2026-04-16,2052,h,42.01,N
24.10446,82.67493,342.64,291.49,0.5,0.6,2026-04-16,2103,h,32.18,N
24.10593,82.6693,341.31,289.87,0.5,0.6,2026-04-16,2017,h,33.52,N
22.79769,86.19433,339.01,287.07,0.5,0.6,2026-04-16,771,n,29.58,D
22.79839,86.19496,341.93,291.47,0.5,0.6,2026-04-16,2090,h,34.35,N
27.31581,77.70587,334.82,289.75,0.5,0.6,2026-04-17,2034,h,30.32,N
27.3138,77.70393,352.5,282.1,0.5,0.6,2026-04-17,738,h,50.74,D
22.39697,70.04464,345.32,287.8,0.5,0.6,2026-04-17,2103,n,44.38,N
22.39293,70.04138,359.41,287.08,0.5,0.6,2026-04-17,806,n,55.91,D
22.32755,69.72193,351.22,286.22,0.5,0.6,2026-04-17,2002,h,44.59,N
22.32738,69.71752,350.31,282.4,0.5,0.6,2026-04-17,2090,h,46.11,N
25.42534,85.97677,345.63,293.19,0.5,0.6,2026-04-17,758,h,38.46,D
25.42319,85.97537,345.15,286.93,0.5,0.6,2026-04-17,800,h,44.56,D
28.60009,77.5435,338.08,291.44,0.5,0.6,2026-04-17,739,h,26.52,D
28.59998,77.54618,335.6,293.15,0.5,0.6,2026-04-17,2047,h,24.94,N
22.82663,69.52576,344.01,288.48,0.5,0.6,2026-04-17,812,h,31.68,D
24.10173,82.6718,336.5,287.49,0.5,0.6,2026-04-17,2046,n,27.99,N
21.1586,72.65793,338.4,287.89,0.5,0.6,2026-04-17,794,n,29.08,D
29.37757,76.8758,350.45,288.75,0.5,0.6,2026-04-18,753,h,35.23,D
29.37997,76.8776,367.0,288.12,0.5,0.6,2026-04-18,2102,h,67.24,N
22.39676,70.04548,345.06,286.9,0.5,0.6,2026-04-18,756,h,33.29,D
22.32454,69.72548,343.69,284.84,0.5,0.6,2026-04-18,731,h,35.55,D
28.59704,77.54625,330.81,286.43,0.5,0.6,2026-04-18,782,h,29.06,D
22.82596,69.52798,341.87,287.38,0.5,0.6,2026-04-18,797,h,36.87,D
24.10368,82.67089,326.55,289.29,0.5,0.6,2026-04-18,2105,h,16.45,N
24.10526,82.66936,343.65,286.66,0.5,0.6,2026-04-18,2076,h,34.38,N
22.7961,86.19364,360.82,288.72,0.5,0.6,2026-04-18,798,h,56.71,D
22.79659,86.19286,348.68,289.81,0.5,0.6,2026-04-18,774,h,37.75,D
21.15742,72.65777,343.62,286.23,0.5,0.6,2026-04-18,2029,h,36.67,N
27.31286,77.70443,353.53,288.54,0.5,0.6,2026-04-19,743,n,40.38,D
29.37967,76.87556,351.07,288.77,0.5,0.6,2026-04-19,2041,h,49.1,N
29.3791,76.87553,338.89,292.74,0.5,0.6,2026-04-19,768,n,28.0,D
22.39288,70.04354,356.63,284.41,0.5,0.6,2026-04-19,2014,n,46.48,N
22.39571,70.04123,348.4,288.91,0.5,0.6,2026-04-19,768,h,41.1,D
22.33003,69.72011,345.91,286.1,0.5,0.6,2026-04-19,2034,h,40.93,N
25.42501,85.97301,358.59,281.67,0.5,0.6,2026-04-19,824,h,56.39,D
25.4264,85.9723,362.81,288.11,0.5,0.6,2026-04-19,2106,h,53.22,N
28.60429,77.54656,333.63,288.18,0.5,0.6,2026-04-19,797,n,25.48,D
22.83188,69.52811,327.1,288.79,0.5,0.6,2026-04-19,793,n,18.55,D
22.82992,69.52986,341.03,285.31,0.5,0.6,2026-04-19,2088,n,28.41,N
24.1068,82.66919,345.5,284.41,0.5,0.6,2026-04-19,746,h,44.34,D
21.15728,72.65856,334.99,286.06,0.5,0.6,2026-04-19,2091,h,25.39,N
27.31466,77.70272,351.68,281.16,0.5,0.6,2026-04-20,737,h,41.89,D
27.31485,77.70475,340.29,286.15,0.5,0.6,2026-04-20,2010,h,31.28,N
29.37858,76.87565,348.33,291.09,0.5,0.6,2026-04-20,730,h,44.66,D
22.3949,70.04129,334.55,289.86,0.5,0.6,2026-04-20,2087,h,30.15,N
22.3958,70.04118,360.1,285.6,0.5,0.6,2026-04-20,749,h,56.15,D
22.32657,69.72052,367.0,287.35,0.5,0.6,2026-04-20,751,h,71.81,D
22.32694,69.72331,342.61,283.18,0.5,0.6,2026-04-20,2123,h,30.8,N
25.42609,85.9763,336.91,289.02,0.5,0.6,2026-04-20,2059,n,31.32,N
28.60332,77.54505,339.44,291.32,0.5,0.6,2026-04-20,2042,h,30.24,N
22.82457,69.52779,353.12,289.26,0.5,0.6,2026-04-20,2015,h,45.04,N
24.10578,82.67015,339.67,288.78,0.5,0.6,2026-04-20,769,h,27.96,D
22.79279,86.19636,341.3,290.65,0.5,0.6,2026-04-20,820,h,31.89,D
22.79362,86.19797,337.22,287.75,0.5,0.6,2026-04-20,803,h,24.97,D
21.15853,72.65672,350.0,286.7,0.5,0.6,2026-04-20,754,n,41.09,D
27.3155,77.70304,360.3,286.87,0.5,0.6,2026-04-21,806,h,54.4,D
29.3737,76.88098,347.65,285.15,0.5,0.6,2026-04-21,733,h,46.16,D
29.379,76.87739,348.49,289.87,0.5,0.6,2026-04-21,2025,h,39.96,N
22.39633,70.04044,346.12,288.88,0.5,0.6,2026-04-21,2063,h,40.47,N
22.32838,69.72017,355.65,288.61,0.5,0.6,2026-04-21,751,h,51.88,D
22.32876,69.72215,347.69,287.19,0.5,0.6,2026-04-21,2129,h,37.85,N
25.42376,85.97386,354.2,284.07,0.5,0.6,2026-04-21,824,n,44.38,D
25.42426,85.97055,341.07,290.98,0.5,0.6,2026-04-21,2114,h,34.55,N
22.82603,69.5248,346.76,286.96,0.5,0.6,2026-04-21,731,h,34.33,D
24.10681,82.67185,334.27,285.92,0.5,0.6,2026-04-21,2101,h,31.41,N
24.10438,82.67042,333.21,288.05,0.5,0.6,2026-04-21,2020,n,19.74,N
21.16103,72.65621,346.67,295.65,0.5,0.6,2026-04-21,788,h,42.98,D
21.15943,72.65792,324.88,295.52,0.5,0.6,2026-04-21,802,h,22.84,D
27.31257,77.70258,354.43,288.3,0.5,0.6,2026-04-22,788,h,44.78,D
29.37755,76.87905,353.45,290.59,0.5,0.6,2026-04-22,2025,h,45.68,N
22.39302,70.04297,367.0,291.0,0.5,0.6,2026-04-22,2128,h,71.14,N
22.32788,69.72135,364.65,286.61,0.5,0.6,2026-04-22,737,h,62.48,D
22.32584,69.72106,353.29,291.61,0.5,0.6,2026-04-22,2014,h,46.34,N
25.42377,85.97383,355.0,288.81,0.5,0.6,2026-04-22,2053,n,48.05,N
25.4257,85.97315,344.19,285.17,0.5,0.6,2026-04-22,2011,h,32.14,N
22.82878,69.53065,337.84,294.38,0.5,0.6,2026-04-22,766,n,36.52,D
24.10416,82.66886,348.36,283.3,0.5,0.6,2026-04-22,771,h,41.84,D
24.10623,82.67115,357.71,288.05,0.5,0.6,2026-04-22,788,h,54.55,D
22.79561,86.18811,338.26,287.58,0.5,0.6,2026-04-22,2066,h,29.46,N
22.7944,86.19393,346.49,288.59,0.5,0.6,2026-04-22,2029,h,34.0,N
21.15743,72.65914,337.27,287.33,0.5,0.6,2026-04-22,2035,h,30.81,N
21.158,72.66162,345.52,288.61,0.5,0.6,2026-04-22,730,h,42.03,D
27.31775,77.70317,346.62,290.47,0.5,0.6,2026-04-23,2059,h,49.0,N
27.3149,77.70404,354.59,293.59,0.5,0.6,2026-04-23,2111,h,50.56,N
29.37592,76.87982,350.51,283.79,0.5,0.6,2026-04-23,737,n,52.33,D
22.39423,70.04109,347.15,282.84,0.5,0.6,2026-04-23,2110,h,38.28,N
22.39537,70.04345,356.14,289.6,0.5,0.6,2026-04-23,759,h,54.16,D
22.32979,69.72108,349.62,283.73,0.5,0.6,2026-04-23,2116,h,42.02,N
22.3268,69.72398,341.18,287.59,0.5,0.6,2026-04-23,759,n,35.07,D
25.42415,85.97452,358.96,282.57,0.5,0.6,2026-04-23,802,h,54.05,D
22.82344,69.52611,346.21,288.91,0.5,0.6,2026-04-23,816,n,34.14,D
24.1082,82.67375,357.07,286.98,0.5,0.6,2026-04-23,2047,h,51.16,N
22.79343,86.19246,345.88,288.29,0.5,0.6,2026-04-23,736,h,40.91,D
22.79442,86.19477,336.68,291.79,0.5,0.6,2026-04-23,731,h,23.26,D
21.15816,72.65788,334.81,289.57,0.5,0.6,2026-04-23,2082,n,28.49,N
27.31295,77.70497,348.06,287.64,0.5,0.6,2026-04-24,2008,h,37.67,N
22.39792,70.04196,362.42,288.86,0.5,0.6,2026-04-24,750,h,60.49,D
22.32936,69.7241,346.58,285.05,0.5,0.6,2026-04-24,2129,h,36.65,N
22.32798,69.72093,351.57,289.87,0.5,0.6,2026-04-24,761,h,45.63,D
25.42124,85.97327,351.11,286.33,0.5,0.6,2026-04-24,829,h,45.1,D
25.4246,85.97649,337.53,287.67,0.5,0.6,2026-04-24,801,n,25.83,D
28.59749,77.54626,337.73,285.03,0.5,0.6,2026-04-24,2099,h,28.24,N
28.60038,77.54771,341.37,286.71,0.5,0.6,2026-04-24,753,h,27.85,D
22.82927,69.52673,336.63,292.19,0.5,0.6,2026-04-24,767,h,25.3,D
24.10536,82.67298,344.45,290.4,0.5,0.6,2026-04-24,820,h,40.88,D
21.15507,72.65731,341.95,288.25,0.5,0.6,2026-04-24,761,n,35.87,D
27.3125,77.70147,356.38,287.85,0.5,0.6,2026-04-25,2041,h,51.11,N
27.31469,77.70301,345.53,287.43,0.5,0.6,2026-04-25,2100,n,38.39,N
22.39438,70.04468,357.2,289.09,0.5,0.6,2026-04-25,807,h,43.37,D
22.39616,70.04188,357.05,287.37,0.5,0.6,2026-04-25,2066,h,53.86,N
22.32896,69.72197,338.32,289.57,0.5,0.6,2026-04-25,2001,n,32.89,N
22.32877,69.72026,356.55,287.25,0.5,0.6,2026-04-25,2008,h,52.69,N
25.42171,85.97543,343.99,286.32,0.5,0.6,2026-04-25,2100,h,41.67,N
28.6048,77.5483,329.86,287.2,0.5,0.6,2026-04-25,765,h,19.93,D
22.8268,69.52687,333.63,290.95,0.5,0.6,2026-04-25,2116,h,27.74,N
24.10668,82.67323,336.11,286.01,0.5,0.6,2026-04-25,747,n,29.58,D
24.10591,82.67194,336.58,285.69,0.5,0.6,2026-04-25,743,h,31.31,D
22.79509,86.19501,334.05,283.3,0.5,0.6,2026-04-25,775,h,18.81,D
22.79472,86.19144,334.1,289.53,0.5,0.6,2026-04-25,2004,h,22.8,N
21.15623,72.65816,341.96,288.73,0.5,0.6,2026-04-25,745,h,29.35,D
27.31388,77.70233,347.9,285.34,0.5,0.6,2026-04-26,2096,n,38.57,N
29.38236,76.88152,359.63,287.2,0.5,0.6,2026-04-26,779,h,51.01,D
22.40118,70.03919,354.64,289.55,0.5,0.6,2026-04-26,790,h,48.48,D
22.328,69.72186,346.92,289.61,0.5,0.6,2026-04-26,754,h,32.34,D
22.32972,69.72168,352.99,292.64,0.5,0.6,2026-04-26,2104,h,52.56,N
25.42133,85.97736,353.51,284.71,0.5,0.6,2026-04-26,2054,h,50.78,N
25.42497,85.97405,344.54,287.41,0.5,0.6,2026-04-26,2055,n,35.02,N
28.60544,77.54677,337.69,286.64,0.5,0.6,2026-04-26,753,n,30.91,D
22.82791,69.52826,342.91,291.63,0.5,0.6,2026-04-26,2057,n,29.68,N
24.10089,82.671,346.33,289.21,0.5,0.6,2026-04-26,760,n,40.68,D
24.10347,82.66794,334.45,284.59,0.5,0.6,2026-04-26,811,h,20.84,D
22.79385,86.196,331.88,287.3,0.5,0.6,2026-04-26,789,n,24.51,D
27.31066,77.7045,354.49,292.19,0.5,0.6,2026-04-27,2112,n,44.51,N
29.37923,76.87733,355.66,292.55,0.5,0.6,2026-04-27,2066,h,47.24,N
22.39699,70.04227,352.86,290.32,0.5,0.6,2026-04-27,829,h,45.97,D
22.39649,70.04551,361.72,283.0,0.5,0.6,2026-04-27,2078,n,58.62,N
22.32833,69.72388,345.07,289.71,0.5,0.6,2026-04-27,2097,h,40.84,N
22.32985,69.72577,361.83,289.11,0.5,0.6,2026-04-27,777,h,55.99,D
25.42334,85.97658,337.8,289.77,0.5,0.6,2026-04-27,790,h,33.07,D
25.42598,85.97492,349.59,290.23,0.5,0.6,2026-04-27,2089,h,38.42,N
28.59938,77.54274,346.02,281.1,0.5,0.6,2026-04-27,2057,h,36.19,N
28.59985,77.54564,354.71,285.36,0.5,0.6,2026-04-27,803,h,45.44,D
22.82903,69.52678,350.88,283.83,0.5,0.6,2026-04-27,2032,h,46.62,N
22.8264,69.5286,339.0,286.31,0.5,0.6,2026-04-27,2031,n,34.53,N
22.79546,86.19504,338.3,286.76,0.5,0.6,2026-04-27,768,h,27.33,D
21.15772,72.65671,332.17,290.0,0.5,0.6,2026-04-27,2123,h,23.17,N
29.37689,76.87541,367.0,282.19,0.5,0.6,2026-04-28,2019,h,63.19,N
22.39805,70.04282,359.41,283.85,0.5,0.6,2026-04-28,787,h,58.28,D
22.39175,70.04106,344.87,288.78,0.5,0.6,2026-04-28,775,h,38.58,D
22.33222,69.72477,347.89,287.0,0.5,0.6,2026-04-28,756,n,41.62,D
22.32642,69.71767,350.78,287.54,0.5,0.6,2026-04-28,2092,n,40.73,N
25.42578,85.97461,364.77,289.99,0.5,0.6,2026-04-28,784,h,57.47,D
25.42463,85.97436,343.76,290.15,0.5,0.6,2026-04-28,2067,h,36.29,N
28.60134,77.54707,338.25,288.82,0.5,0.6,2026-04-28,784,h,33.5,D
28.60195,77.54709,344.67,290.66,0.5,0.6,2026-04-28,735,h,36.9,D
22.83019,69.52769,331.01,287.18,0.5,0.6,2026-04-28,809,h,26.16,D
24.10205,82.66976,337.07,288.28,0.5,0.6,2026-04-28,2105,n,26.02,N
24.10285,82.67092,356.0,290.84,0.5,0.6,2026-04-28,2048,h,48.79,N
22.79396,86.19422,336.1,287.48,0.5,0.6,2026-04-28,2077,h,25.66,N
21.15996,72.65911,332.7,289.54,0.5,0.6,2026-04-28,2004,n,29.95,N
21.15874,72.66067,350.28,284.05,0.5,0.6,2026-04-28,2076,h,47.55,N
27.3152,77.70154,341.14,287.36,0.5,0.6,2026-04-29,781,h,35.09,D
22.39469,70.04336,362.33,293.43,0.5,0.6,2026-04-29,794,n,57.61,D
22.39619,70.04086,367.0,283.23,0.5,0.6,2026-04-29,2046,h,63.6,N
22.33078,69.71806,358.52,287.73,0.5,0.6,2026-04-29,782,h,50.3,D
25.42542,85.97273,339.96,286.46,0.5,0.6,2026-04-29,2015,h,30.74,N
28.59787,77.54696,352.73,292.33,0.5,0.6,2026-04-29,2049,h,38.86,N
28.60051,77.5437,346.52,291.59,0.5,0.6,2026-04-29,766,h,32.21,D
22.82461,69.52831,334.51,289.16,0.5,0.6,2026-04-29,737,h,31.28,D
22.82914,69.52888,328.1,286.81,0.5,0.6,2026-04-29,782,h,19.77,D
24.10357,82.67226,337.97,292.15,0.5,0.6,2026-04-29,813,n,25.52,D
24.1065,82.66896,360.4,291.44,0.5,0.6,2026-04-29,806,h,55.85,D
22.79208,86.19359,341.14,286.91,0.5,0.6,2026-04-29,785,h,39.55,D
21.15617,72.65771,351.42,282.8,0.5,0.6,2026-04-29,745,h,47.92,D
21.16038,72.65814,339.7,285.6,0.5,0.6,2026-04-29,2072,h,29.76,N
27.31488,77.70193,345.39,296.94,0.5,0.6,2026-04-30,823,h,39.38,D
29.37767,76.8817,356.87,285.27,0.5,0.6,2026-04-30,812,h,48.94,D
22.39723,70.04309,352.94,287.23,0.5,0.6,2026-04-30,747,h,43.33,D
22.32626,69.72277,362.64,293.44,0.5,0.6,2026-04-30,2126,h,62.03,N
22.3263,69.7259,345.68,295.37,0.5,0.6,2026-04-30,2002,h,43.34,N
25.42595,85.97411,358.15,287.94,0.5,0.6,2026-04-30,770,n,54.06,D
28.60164,77.54728,357.73,287.38,0.5,0.6,2026-04-30,2049,n,49.46,N
24.1058,82.67001,334.79,290.72,0.5,0.6,2026-04-30,2005,n,29.62,N
24.10758,82.66867,348.23,287.73,0.5,0.6,2026-04-30,828,h,38.55,D
22.79158,86.19634,342.12,293.72,0.5,0.6,2026-04-30,800,h,34.43,D
21.15633,72.65818,330.4,281.21,0.5,0.6,2026-04-30,806,h,23.74,D
21.15736,72.65939,331.78,287.8,0.5,0.6,2026-04-30,2005,n,25.04,N
27.31331,77.70398,367.0,289.51,0.5,0.6,2026-05-01,802,h,67.72,D
27.31406,77.7053,345.57,286.54,0.5,0.6,2026-05-01,2115,h,39.71,N
29.38336,76.87686,356.86,287.2,0.5,0.6,2026-05-01,751,n,48.43,D
22.3989,70.04354,347.64,286.52,0.5,0.6,2026-05-01,2102,n,44.46,N
22.39563,70.04553,352.58,288.66,0.5,0.6,2026-05-01,2031,h,43.27,N
22.32797,69.72055,341.51,286.4,0.5,0.6,2026-05-01,812,h,31.98,D
25.42748,85.97532,367.0,290.35,0.5,0.6,2026-05-01,2031,n,76.22,N
28.59554,77.54458,326.67,285.42,0.5,0.6,2026-05-01,2043,n,18.16,N
28.59625,77.54574,339.61,289.05,0.5,0.6,2026-05-01,2095,h,27.66,N
22.83006,69.52965,341.71,287.89,0.5,0.6,2026-05-01,825,n,32.51,D
22.82751,69.52727,337.66,281.63,0.5,0.6,2026-05-01,813,h,26.87,D
24.10822,82.67066,324.48,287.25,0.5,0.6,2026-05-01,825,h,17.14,D
24.10633,82.66782,338.44,289.02,0.5,0.6,2026-05-01,743,h,28.48,D
22.79573,86.19545,341.43,292.06,0.5,0.6,2026-05-01,2020,h,31.86,N
22.79829,86.19274,332.81,286.88,0.5,0.6,2026-05-01,2060,n,22.31,N
21.15645,72.65808,341.9,286.08,0.5,0.6,2026-05-01,813,h,30.94,D
21.1614,72.65595,331.6,285.52,0.5,0.6,2026-05-01,2109,h,25.44,N
27.31151,77.70255,341.67,290.42,0.5,0.6,2026-05-02,2084,h,30.57,N
29.38079,76.87595,346.59,289.94,0.5,0.6,2026-05-02,757,n,41.24,D
29.37912,76.8815,348.99,289.97,0.5,0.6,2026-05-02,788,h,44.55,D
22.39652,70.04508,340.19,286.95,0.5,0.6,2026-05-02,805,h,32.51,D
22.32974,69.71944,354.81,287.49,0.5,0.6,2026-05-02,2024,h,53.59,N
28.59564,77.54832,348.19,289.18,0.5,0.6,2026-05-02,2016,h,40.52,N
28.60191,77.54531,341.11,285.42,0.5,0.6,2026-05-02,2025,n,31.88,N
22.82916,69.52789,344.37,285.39,0.5,0.6,2026-05-02,787,n,35.48,D
22.83148,69.52886,336.17,285.23,0.5,0.6,2026-05-02,738,h,25.18,D
24.10887,82.67018,334.73,289.41,0.5,0.6,2026-05-02,2126,h,26.93,N
24.10392,82.66917,333.03,286.59,0.5,0.6,2026-05-02,801,n,24.01,D
22.79788,86.19286,352.16,290.96,0.5,0.6,2026-05-02,775,h,45.6,D
22.79544,86.19497,330.05,290.62,0.5,0.6,2026-05-02,2065,h,19.28,N
21.15781,72.65759,338.0,289.04,0.5,0.6,2026-05-02,2011,h,25.31,N
21.1604,72.65855,333.79,288.72,0.5,0.6,2026-05-02,2078,h,27.46,N
27.31382,77.7015,364.89,285.08,0.5,0.6,2026-05-03,808,h,63.63,D
29.37792,76.87799,366.81,287.9,0.5,0.6,2026-05-03,754,n,63.0,D
22.39718,70.04111,344.8,292.51,0.5,0.6,2026-05-03,2067,h,33.85,N
22.3951,70.04377,363.27,287.1,0.5,0.6,2026-05-03,759,h,47.86,D
22.32819,69.72202,360.17,287.52,0.5,0.6,2026-05-03,2075,h,59.74,N
25.42273,85.97606,339.3,287.62,0.5,0.6,2026-05-03,2123,h,30.29,N
25.42322,85.97378,363.88,294.77,0.5,0.6,2026-05-03,806,h,63.27,D
22.82909,69.52759,345.77,286.3,0.5,0.6,2026-05-03,799,h,42.27,D
24.1035,82.67226,337.87,285.21,0.5,0.6,2026-05-03,769,n,31.86,D
24.10455,82.6727,340.21,284.95,0.5,0.6,2026-05-03,2031,h,34.35,N
22.79356,86.19515,331.0,290.03,0.5,0.6,2026-05-03,731,h,20.79,D
22.79443,86.19138,348.56,285.91,0.5,0.6,2026-05-03,2109,n,41.36,N
21.15639,72.6588,345.35,288.76,0.5,0.6,2026-05-03,784,h,34.32,D
27.31289,77.70202,366.42,290.06,0.5,0.6,2026-05-04,794,h,62.0,D
29.37685,76.88114,340.02,296.7,0.5,0.6,2026-05-04,2040,h,34.09,N
22.39619,70.04346,361.94,284.02,0.5,0.6,2026-05-04,2059,n,65.78,N
22.32555,69.71776,351.05,287.2,0.5,0.6,2026-05-04,2067,h,45.44,N
22.32604,69.72478,343.02,287.88,0.5,0.6,2026-05-04,779,h,36.05,D
25.42368,85.97729,345.42,291.01,0.5,0.6,2026-05-04,773,h,35.32,D
28.60041,77.54533,342.82,287.17,0.5,0.6,2026-05-04,2116,h,31.15,N
28.60148,77.546,342.54,286.39,0.5,0.6,2026-05-04,2121,h,37.98,N
22.83019,69.52885,338.87,288.95,0.5,0.6,2026-05-04,776,n,28.54,D
22.82946,69.52611,333.29,282.21,0.5,0.6,2026-05-04,2079,h,32.71,N
24.10321,82.66802,325.03,290.22,0.5,0.6,2026-05-04,2108,h,19.91,N
22.79375,86.19409,338.23,284.31,0.5,0.6,2026-05-04,2067,h,30.71,N
22.79289,86.19253,335.37,287.84,0.5,0.6,2026-05-04,738,h,26.12,D
21.1573,72.6578,336.29,291.14,0.5,0.6,2026-05-04,829,h,23.69,D
27.31458,77.70071,365.01,289.5,0.5,0.6,2026-05-05,2087,h,63.76,N
27.31019,77.70604,351.3,288.19,0.5,0.6,2026-05-05,2065,n,43.23,N
29.37881,76.87886,367.0,282.66,0.5,0.6,2026-05-05,739,h,90.88,D
22.39693,70.03733,345.94,288.15,0.5,0.6,2026-05-05,745,h,30.82,D
22.32509,69.72042,350.8,289.39,0.5,0.6,2026-05-05,2022,h,40.55,N
25.42253,85.97482,348.53,287.51,0.5,0.6,2026-05-05,2101,n,41.97,N
28.59858,77.54421,347.31,284.91,0.5,0.6,2026-05-05,2065,h,36.93,N
28.59991,77.54758,344.01,283.37,0.5,0.6,2026-05-05,815,h,33.97,D
22.82962,69.52685,346.25,287.17,0.5,0.6,2026-05-05,804,h,39.13,D
24.10432,82.67034,334.28,286.89,0.5,0.6,2026-05-05,825,h,26.96,D
24.10304,82.67232,347.12,287.59,0.5,0.6,2026-05-05,778,h,38.78,D
22.79036,86.19702,328.01,287.3,0.5,0.6,2026-05-05,2115,h,15.53,N
21.16352,72.65826,344.12,291.06,0.5,0.6,2026-05-05,827,h,42.02,D
21.16141,72.65851,332.88,290.45,0.5,0.6,2026-05-05,2005,h,24.66,N
27.31488,77.70239,346.92,292.56,0.5,0.6,2026-05-06,2076,n,41.94,N
29.381,76.8766,361.84,287.94,0.5,0.6,2026-05-06,768,h,61.58,D
22.39722,70.04126,340.17,287.64,0.5,0.6,2026-05-06,2073,h,31.73,N
22.39693,70.04046,350.27,286.37,0.5,0.6,2026-05-06,2091,h,40.61,N
22.32405,69.71986,342.6,282.26,0.5,0.6,2026-05-06,748,h,31.54,D
22.32712,69.72269,361.33,281.28,0.5,0.6,2026-05-06,2026,n,58.32,N
25.4234,85.97225,341.15,286.39,0.5,0.6,2026-05-06,2126,h,33.2,N
28.59876,77.54509,339.31,284.87,0.5,0.6,2026-05-06,2023,h,28.2,N
22.83008,69.52878,336.47,288.53,0.5,0.6,2026-05-06,805,h,27.06,D
24.10407,82.67306,364.15,284.41,0.5,0.6,2026-05-06,2125,h,63.28,N
22.79393,86.19498,327.57,287.88,0.5,0.6,2026-05-06,2047,h,25.11,N
22.79024,86.19252,341.78,287.86,0.5,0.6,2026-05-06,2060,h,32.08,N
27.31375,77.70409,348.61,286.36,0.5,0.6,2026-05-07,2013,n,44.43,N
22.39567,70.04383,346.74,288.59,0.5,0.6,2026-05-07,2045,h,36.29,N
22.32583,69.72154,358.44,288.2,0.5,0.6,2026-05-07,2011,n,49.19,N
22.32739,69.72037,354.79,286.49,0.5,0.6,2026-05-07,2102,h,60.13,N
25.42416,85.97634,367.0,287.86,0.5,0.6,2026-05-07,802,h,82.39,D
28.60343,77.54546,348.13,293.48,0.5,0.6,2026-05-07,795,h,40.43,D
22.82823,69.5311,331.57,291.64,0.5,0.6,2026-05-07,2128,h,19.2,N
24.10414,82.66945,337.51,292.74,0.5,0.6,2026-05-07,2108,n,26.39,N
22.79455,86.19315,332.64,284.84,0.5,0.6,2026-05-07,799,h,20.71,D
21.15935,72.65721,339.61,287.04,0.5,0.6,2026-05-07,738,h,26.54,D
27.31567,77.70307,360.96,285.77,0.5,0.6,2026-05-08,784,n,60.88,D
27.31166,77.70578,349.21,291.29,0.5,0.6,2026-05-08,2010,h,44.39,N
29.38109,76.87835,357.6,286.67,0.5,0.6,2026-05-08,2086,h,60.57,N
29.37935,76.88012,349.11,292.33,0.5,0.6,2026-05-08,815,h,50.67,D
22.39379,70.03812,345.5,283.66,0.5,0.6,2026-05-08,2000,h,35.03,N
22.32816,69.72257,343.13,289.2,0.5,0.6,2026-05-08,770,n,34.63,D
22.32657,69.72225,357.6,290.74,0.5,0.6,2026-05-08,808,h,53.92,D
25.42477,85.97067,343.9,287.74,0.5,0.6,2026-05-08,2104,h,36.92,N
28.59998,77.54466,333.3,288.08,0.5,0.6,2026-05-08,810,h,23.34,D
28.59983,77.54763,339.61,284.16,0.5,0.6,2026-05-08,829,h,28.74,D
22.82824,69.52842,333.54,288.65,0.5,0.6,2026-05-08,746,h,25.12,D
22.8266,69.52679,342.36,286.57,0.5,0.6,2026-05-08,733,h,34.28,D
24.10513,82.66733,341.36,287.99,0.5,0.6,2026-05-08,745,n,35.8,D
24.10463,82.66863,344.75,291.76,0.5,0.6,2026-05-08,741,h,36.09,D
22.7929,86.19441,344.88,289.49,0.5,0.6,2026-05-08,2100,n,35.12,N
22.7923,86.19822,356.67,288.12,0.5,0.6,2026-05-08,2083,h,49.08,N
21.16106,72.66035,333.45,287.98,0.5,0.6,2026-05-08,799,h,19.73,D
27.31416,77.70416,341.92,291.18,0.5,0.6,2026-05-09,2076,h,31.97,N
22.39649,70.04602,356.46,289.52,0.5,0.6,2026-05-09,827,h,49.57,D
22.32847,69.72159,359.79,284.11,0.5,0.6,2026-05-09,2045,h,63.42,N
25.42378,85.97605,351.11,288.79,0.5,0.6,2026-05-09,2075,n,43.6,N
25.42386,85.9744,350.24,286.4,0.5,0.6,2026-05-09,827,h,45.55,D
28.59942,77.54711,343.69,284.5,0.5,0.6,2026-05-09,2054,h,30.83,N
22.82934,69.52905,332.42,291.95,0.5,0.6,2026-05-09,814,h,20.72,D
24.10759,82.66609,338.47,289.52,0.5,0.6,2026-05-09,757,h,32.84,D
24.10526,82.67228,334.02,292.28,0.5,0.6,2026-05-09,2034,h,28.79,N
22.79808,86.19376,336.38,285.84,0.5,0.6,2026-05-09,792,h,30.72,D
22.79194,86.19475,333.7,285.14,0.5,0.6,2026-05-09,2051,h,24.0,N
21.15836,72.6547,342.37,288.65,0.5,0.6,2026-05-09,2035,n,35.34,N
21.15722,72.66075,342.77,285.23,0.5,0.6,2026-05-09,2010,h,34.23,N
27.31742,77.70264,347.57,288.63,0.5,0.6,2026-05-10,2127,n,47.06,N
27.31688,77.70262,360.2,288.69,0.5,0.6,2026-05-10,2127,n,50.57,N
29.37535,76.87607,355.96,291.34,0.5,0.6,2026-05-10,2038,n,52.33,N
29.37766,76.87859,360.6,286.73,0.5,0.6,2026-05-10,2086,n,55.0,N
22.397,70.03834,358.16,288.66,0.5,0.6,2026-05-10,2066,h,47.8,N
22.39561,70.04462,342.65,286.2,0.5,0.6,2026-05-10,2105,n,36.26,N
22.32618,69.72306,354.08,286.21,0.5,0.6,2026-05-10,2079,h,51.3,N
28.60443,77.5454,339.77,285.11,0.5,0.6,2026-05-10,799,n,24.09,D
28.59974,77.54203,329.91,284.41,0.5,0.6,2026-05-10,766,n,20.97,D
22.82759,69.52998,340.92,282.95,0.5,0.6,2026-05-10,788,h,33.59,D
22.82816,69.52528,341.18,288.58,0.5,0.6,2026-05-10,2125,h,32.0,N
24.10185,82.67135,347.15,287.38,0.5,0.6,2026-05-10,735,h,37.91,D
22.79822,86.1943,341.95,288.59,0.5,0.6,2026-05-10,791,h,32.27,D
22.79206,86.19334,350.36,289.29,0.5,0.6,2026-05-10,2074,h,46.36,N
21.15862,72.65709,338.88,295.56,0.5,0.6,2026-05-10,732,h,31.12,D
27.31343,77.70535,362.15,292.01,0.5,0.6,2026-05-11,765,h,53.63,D
29.37832,76.87852,350.8,283.58,0.5,0.6,2026-05-11,734,h,39.37,D
29.38049,76.87742,353.92,286.99,0.5,0.6,2026-05-11,2122,h,46.16,N
22.39671,70.04456,367.0,289.46,0.5,0.6,2026-05-11,2102,h,61.99,N
22.39577,70.04118,355.91,284.48,0.5,0.6,2026-05-11,2081,h,49.52,N
22.32921,69.72129,367.0,281.99,0.5,0.6,2026-05-11,2100,h,73.62,N
22.32925,69.72108,353.15,290.58,0.5,0.6,2026-05-11,2027,n,52.03,N
25.42232,85.97785,337.95,288.13,0.5,0.6,2026-05-11,2045,h,35.42,N
25.42633,85.97562,346.62,288.28,0.5,0.6,2026-05-11,775,h,36.66,D
22.82688,69.5266,351.63,291.89,0.5,0.6,2026-05-11,2022,h,48.2,N
22.83047,69.53018,337.89,292.87,0.5,0.6,2026-05-11,827,h,30.62,D
24.10519,82.67443,327.06,288.27,0.5,0.6,2026-05-11,2110,h,18.02,N
24.10518,82.6695,361.49,289.07,0.5,0.6,2026-05-11,2015,h,57.57,N
22.79,86.1937,342.69,288.56,0.5,0.6,2026-05-11,788,h,36.78,D
22.79404,86.19434,327.89,287.63,0.5,0.6,2026-05-11,773,h,21.17,D
21.16084,72.65782,340.31,287.62,0.5,0.6,2026-05-11,762,h,32.41,D
27.31309,77.7022,358.41,293.17,0.5,0.6,2026-05-12,762,n,49.6,D
27.31483,77.70582,337.59,290.47,0.5,0.6,2026-05-12,750,h,29.13,D
29.38088,76.87768,352.32,291.1,0.5,0.6,2026-05-12,2052,n,44.03,N
22.39734,70.04369,350.74,282.39,0.5,0.6,2026-05-12,2115,n,48.73,N
25.42462,85.97201,361.29,286.93,0.5,0.6,2026-05-12,790,n,54.69,D
25.42373,85.97652,351.86,286.83,0.5,0.6,2026-05-12,2063,h,42.82,N
28.60033,77.54499,333.76,282.01,0.5,0.6,2026-05-12,2006,h,27.67,N
22.82858,69.53224,337.92,289.28,0.5,0.6,2026-05-12,2096,h,28.66,N
24.10018,82.67166,336.77,286.42,0.5,0.6,2026-05-12,2103,h,27.2,N
24.10336,82.6693,345.32,284.05,0.5,0.6,2026-05-12,827,n,28.91,D
22.79401,86.19604,342.68,292.28,0.5,0.6,2026-05-12,778,h,31.77,D
21.15624,72.6573,335.37,285.74,0.5,0.6,2026-05-12,2065,n,23.55,N
21.15704,72.6585,339.16,289.35,0.5,0.6,2026-05-12,2008,h,28.81,N
27.31442,77.70595,338.05,287.11,0.5,0.6,2026-05-13,809,n,30.59,D
27.31494,77.70377,367.0,284.65,0.5,0.6,2026-05-13,2051,h,63.42,N
29.37851,76.87483,346.45,289.52,0.5,0.6,2026-05-13,2006,h,44.79,N
29.37815,76.87674,352.7,286.73,0.5,0.6,2026-05-13,2051,n,42.69,N
22.39447,70.04201,353.07,287.87,0.5,0.6,2026-05-13,768,n,42.37,D
22.32579,69.72146,350.67,289.14,0.5,0.6,2026-05-13,2015,h,44.66,N
22.3299,69.71975,341.07,289.84,0.5,0.6,2026-05-13,794,h,36.82,D
25.42311,85.97364,347.88,289.44,0.5,0.6,2026-05-13,805,h,47.41,D
25.41963,85.97465,351.53,286.66,0.5,0.6,2026-05-13,828,h,48.73,D
28.59862,77.54284,341.1,282.44,0.5,0.6,2026-05-13,2127,h,29.61,N
22.82645,69.52836,331.75,284.21,0.5,0.6,2026-05-13,2054,h,22.53,N
24.10355,82.67354,340.31,286.25,0.5,0.6,2026-05-13,817,n,33.02,D
22.79127,86.19297,333.37,288.55,0.5,0.6,2026-05-13,775,h,22.8,D
21.15599,72.65857,335.86,287.53,0.5,0.6,2026-05-13,755,n,30.57,D
21.15864,72.65656,345.62,285.83,0.5,0.6,2026-05-13,742,h,36.31,D
27.31637,77.70684,344.78,288.25,0.5,0.6,2026-05-14,2018,h,34.27,N
27.31642,77.70226,356.12,283.66,0.5,0.6,2026-05-14,2123,n,51.8,N
29.3797,76.8771,337.66,292.36,0.5,0.6,2026-05-14,2122,h,32.65,N
22.39243,70.04035,359.3,290.45,0.5,0.6,2026-05-14,2028,h,45.92,N
22.33084,69.7215,346.6,290.0,0.5,0.6,2026-05-14,743,n,42.61,D
22.32721,69.71957,348.67,284.04,0.5,0.6,2026-05-14,817,h,46.73,D
25.42594,85.97316,346.43,291.24,0.5,0.6,2026-05-14,2079,h,40.76,N
28.60015,77.54546,358.0,291.55,0.5,0.6,2026-05-14,756,h,48.76,D
28.60193,77.54615,333.91,286.99,0.5,0.6,2026-05-14,784,h,19.12,D
24.10316,82.67525,330.6,290.12,0.5,0.6,2026-05-14,780,n,22.21,D
21.15836,72.65662,337.29,290.54,0.5,0.6,2026-05-14,2127,h,28.16,N
21.15958,72.65464,333.73,285.43,0.5,0.6,2026-05-14,2026,h,27.69,N
27.31306,77.70431,367.0,286.59,0.5,0.6,2026-05-15,2096,h,64.33,N
29.37804,76.87872,354.13,286.18,0.5,0.6,2026-05-15,817,h,49.26,D
22.39504,70.0416,367.0,280.62,0.5,0.6,2026-05-15,739,h,60.8,D
22.39709,70.0423,347.98,289.67,0.5,0.6,2026-05-15,817,n,41.11,D
22.32872,69.72352,347.28,288.54,0.5,0.6,2026-05-15,2080,h,39.63,N
22.32653,69.7208,342.68,292.19,0.5,0.6,2026-05-15,2076,h,34.44,N
28.60061,77.54871,336.01,286.71,0.5,0.6,2026-05-15,785,h,25.98,D
22.82476,69.52813,348.46,292.48,0.5,0.6,2026-05-15,746,h,39.17,D
22.82942,69.53129,347.17,286.2,0.5,0.6,2026-05-15,760,h,33.98,D
24.10405,82.66905,337.26,287.52,0.5,0.6,2026-05-15,731,h,26.54,D
22.79233,86.19315,336.14,294.57,0.5,0.6,2026-05-15,767,n,28.92,D
21.15918,72.65709,339.98,281.42,0.5,0.6,2026-05-15,821,h,24.52,D
27.31932,77.70552,330.56,288.71,0.5,0.6,2026-05-16,2005,h,24.9,N
22.3977,70.03795,364.97,287.01,0.5,0.6,2026-05-16,2120,h,58.44,N
22.33182,69.72023,340.77,287.8,0.5,0.6,2026-05-16,2015,n,31.14,N
22.32726,69.72267,353.53,288.82,0.5,0.6,2026-05-16,2015,h,47.3,N
25.42561,85.97678,352.6,285.86,0.5,0.6,2026-05-16,2006,h,37.99,N
28.60164,77.54651,355.07,285.44,0.5,0.6,2026-05-16,2113,h,50.28,N
22.8263,69.53022,354.04,293.43,0.5,0.6,2026-05-16,2089,h,48.69,N
22.82827,69.52968,337.76,291.99,0.5,0.6,2026-05-16,2015,h,26.92,N
24.10545,82.6715,338.65,286.0,0.5,0.6,2026-05-16,2041,h,32.66,N
24.1054,82.66865,334.59,283.83,0.5,0.6,2026-05-16,752,h,28.89,D
21.15806,72.65602,333.43,283.36,0.5,0.6,2026-05-16,817,h,27.51,D
29.3749,76.87816,362.31,289.55,0.5,0.6,2026-05-17,790,h,55.63,D
29.38131,76.87855,351.74,288.15,0.5,0.6,2026-05-17,820,n,43.81,D
22.3921,70.04296,341.24,285.08,0.5,0.6,2026-05-17,736,h,39.94,D
22.32491,69.72276,358.85,289.51,0.5,0.6,2026-05-17,823,h,53.99,D
22.33073,69.72144,367.0,292.69,0.5,0.6,2026-05-17,2105,n,78.45,N
25.42519,85.97277,358.19,288.53,0.5,0.6,2026-05-17,2047,h,54.98,N
25.42539,85.97577,356.51,288.87,0.5,0.6,2026-05-17,2003,h,45.6,N
28.59919,77.54656,350.43,283.57,0.5,0.6,2026-05-17,825,n,42.5,D
28.59849,77.54178,350.87,285.59,0.5,0.6,2026-05-17,763,h,48.13,D
22.8274,69.52918,330.32,284.13,0.5,0.6,2026-05-17,2063,h,26.61,N
24.10073,82.67124,344.35,292.15,0.5,0.6,2026-05-17,791,n,25.72,D
24.10319,82.6688,336.5,292.68,0.5,0.6,2026-05-17,2086,n,24.56,N
22.79646,86.19656,350.12,288.27,0.5,0.6,2026-05-17,2084,h,42.34,N
21.15585,72.65793,343.35,291.45,0.5,0.6,2026-05-17,736,h,35.13,D
27.31368,77.70881,367.0,287.96,0.5,0.6,2026-05-18,2009,n,73.14,N
27.31655,77.70768,354.7,289.94,0.5,0.6,2026-05-18,802,h,45.42,D
29.37878,76.87604,367.0,284.58,0.5,0.6,2026-05-18,789,h,73.44,D
22.39693,70.04334,350.18,290.88,0.5,0.6,2026-05-18,793,h,46.6,D
22.32815,69.72386,363.45,286.65,0.5,0.6,2026-05-18,2004,n,58.37,N
22.33021,69.72104,353.77,292.65,0.5,0.6,2026-05-18,730,h,40.75,D
25.42313,85.97336,352.17,288.32,0.5,0.6,2026-05-18,752,n,44.14,D
25.42475,85.97416,341.89,288.29,0.5,0.6,2026-05-18,822,h,31.8,D
28.60352,77.55018,328.6,290.86,0.5,0.6,2026-05-18,733,n,15.18,D
28.59726,77.54627,350.43,287.65,0.5,0.6,2026-05-18,2092,h,48.93,N
22.82806,69.52456,348.19,287.57,0.5,0.6,2026-05-18,2034,h,42.82,N
22.83001,69.52921,341.19,284.63,0.5,0.6,2026-05-18,2065,h,31.57,N
24.10224,82.67031,350.72,281.47,0.5,0.6,2026-05-18,2023,h,42.6,N
24.1037,82.66828,337.25,288.92,0.5,0.6,2026-05-18,795,n,29.47,D
22.79516,86.1927,332.9,290.67,0.5,0.6,2026-05-18,2106,h,24.93,N
21.16013,72.65909,333.45,288.35,0.5,0.6,2026-05-18,827,h,20.78,D
21.1577,72.65694,345.57,286.26,0.5,0.6,2026-05-18,773,h,39.73,D
27.31196,77.70028,351.93,287.95,0.5,0.6,2026-05-19,2122,h,48.54,N
29.38001,76.87691,349.18,285.56,0.5,0.6,2026-05-19,2116,h,46.23,N
22.39647,70.03937,363.0,292.46,0.5,0.6,2026-05-19,808,h,53.63,D
22.39698,70.04152,340.76,287.3,0.5,0.6,2026-05-19,780,h,29.12,D
22.32805,69.72474,340.63,285.36,0.5,0.6,2026-05-19,767,n,32.61,D
22.32731,69.7241,367.0,283.07,0.5,0.6,2026-05-19,2006,n,62.67,N
25.42657,85.97608,360.67,294.81,0.5,0.6,2026-05-19,2046,n,56.31,N
28.60261,77.54498,337.7,291.24,0.5,0.6,2026-05-19,2014,h,33.92,N
22.82592,69.52778,367.0,290.77,0.5,0.6,2026-05-19,2070,n,59.46,N
22.83065,69.52655,340.2,286.91,0.5,0.6,2026-05-19,2013,n,33.9,N
24.10183,82.67125,347.18,284.79,0.5,0.6,2026-05-19,801,h,41.44,D
22.79485,86.19473,343.26,285.79,0.5,0.6,2026-05-19,780,h,36.87,D
27.31164,77.70312,359.35,291.15,0.5,0.6,2026-05-20,749,h,59.68,D
27.31101,77.70423,362.08,291.64,0.5,0.6,2026-05-20,2069,h,54.0,N
29.38084,76.87594,358.99,289.17,0.5,0.6,2026-05-20,2103,n,62.19,N
22.39689,70.04212,365.25,288.38,0.5,0.6,2026-05-20,781,h,56.85,D
22.39914,70.04377,353.99,291.91,0.5,0.6,2026-05-20,827,h,45.68,D
25.42616,85.97427,331.39,288.31,0.5,0.6,2026-05-20,814,h,22.95,D
28.59998,77.5457,340.67,286.57,0.5,0.6,2026-05-20,2103,h,25.16,N
22.82664,69.52914,341.71,287.36,0.5,0.6,2026-05-20,798,h,29.64,D
24.1028,82.67574,330.94,287.27,0.5,0.6,2026-05-20,2095,h,19.03,N
24.1042,82.67137,335.65,287.93,0.5,0.6,2026-05-20,756,h,28.68,D
21.15881,72.6591,343.95,291.91,0.5,0.6,2026-05-20,811,n,32.58,D
27.31765,77.70333,349.67,284.19,0.5,0.6,2026-05-21,821,n,47.93,D
27.31333,77.70251,365.79,286.55,0.5,0.6,2026-05-21,2118,h,60.23,N
29.37929,76.87622,363.31,288.55,0.5,0.6,2026-05-21,780,n,51.02,D
22.3994,70.04396,345.74,286.33,0.5,0.6,2026-05-21,740,h,38.3,D
22.39646,70.03994,350.35,286.4,0.5,0.6,2026-05-21,2024,h,39.9,N
22.32683,69.7219,352.4,285.43,0.5,0.6,2026-05-21,767,h,53.34,D
25.42249,85.96723,359.98,290.21,0.5,0.6,2026-05-21,2061,h,54.2,N
25.42356,85.97308,342.14,284.36,0.5,0.6,2026-05-21,733,h,40.71,D
28.59974,77.54537,332.89,283.69,0.5,0.6,2026-05-21,2051,h,16.55,N
28.6026,77.54684,334.69,288.54,0.5,0.6,2026-05-21,2125,h,26.65,N
22.82897,69.52681,328.63,283.65,0.5,0.6,2026-05-21,2012,h,17.96,N
22.82541,69.53037,343.49,288.1,0.5,0.6,2026-05-21,2117,h,26.78,N
24.10621,82.66647,346.21,288.11,0.5,0.6,2026-05-21,760,h,37.15,D
22.79162,86.19551,342.63,291.26,0.5,0.6,2026-05-21,2071,n,42.14,N
21.1573,72.65589,349.82,291.48,0.5,0.6,2026-05-21,2087,n,46.03,N
27.31699,77.70237,351.91,283.87,0.5,0.6,2026-05-22,760,h,51.26,D
29.37729,76.87861,362.87,287.49,0.5,0.6,2026-05-22,2013,h,56.96,N
29.37758,76.87732,348.72,284.59,0.5,0.6,2026-05-22,2012,h,43.67,N
22.32874,69.72117,345.92,289.66,0.5,0.6,2026-05-22,767,h,38.48,D
22.32804,69.72348,340.63,288.66,0.5,0.6,2026-05-22,2027,h,31.04,N
25.42625,85.9764,341.62,281.42,0.5,0.6,2026-05-22,794,h,33.98,D
28.59782,77.54629,331.53,289.87,0.5,0.6,2026-05-22,2016,h,20.02,N
28.59758,77.54875,338.35,284.29,0.5,0.6,2026-05-22,734,h,31.59,D
22.8265,69.53111,333.75,286.87,0.5,0.6,2026-05-22,739,h,18.62,D
24.10612,82.6722,335.77,286.93,0.5,0.6,2026-05-22,737,h,23.46,D
24.10585,82.67091,338.97,288.75,0.5,0.6,2026-05-22,2127,h,28.58,N
22.79669,86.19516,330.96,288.7,0.5,0.6,2026-05-22,807,h,20.97,D
21.15914,72.65847,339.5,287.7,0.5,0.6,2026-05-22,743,h,24.05,D
27.31463,77.7017,364.6,291.04,0.5,0.6,2026-05-23,2056,h,59.16,N
27.31364,77.70856,342.88,286.88,0.5,0.6,2026-05-23,2119,n,39.29,N
29.37838,76.88054,362.88,289.04,0.5,0.6,2026-05-23,766,h,53.78,D
29.37458,76.87995,355.84,285.44,0.5,0.6,2026-05-23,2126,h,47.43,N
22.39669,70.04029,348.69,286.72,0.5,0.6,2026-05-23,2115,h,40.87,N
22.33014,69.72306,362.13,288.24,0.5,0.6,2026-05-23,773,h,55.22,D
22.32621,69.71974,349.78,289.32,0.5,0.6,2026-05-23,2056,n,34.15,N
25.42456,85.97214,352.14,291.14,0.5,0.6,2026-05-23,2073,h,48.71,N
25.42477,85.97305,360.1,291.61,0.5,0.6,2026-05-23,811,h,54.01,D
28.60068,77.5461,328.34,285.26,0.5,0.6,2026-05-23,793,h,14.13,D
28.59949,77.54688,340.77,288.31,0.5,0.6,2026-05-23,2006,n,30.25,N
22.82966,69.5288,342.94,288.25,0.5,0.6,2026-05-23,2116,h,38.29,N
24.10268,82.66761,331.82,279.3,0.5,0.6,2026-05-23,760,h,23.93,D
24.10348,82.66676,347.74,287.96,0.5,0.6,2026-05-23,785,h,39.01,D
22.79438,86.19537,341.9,285.47,0.5,0.6,2026-05-23,2000,h,31.18,N
22.79536,86.19504,338.83,288.63,0.5,0.6,2026-05-23,2057,n,31.0,N
21.16445,72.65549,337.84,288.92,0.5,0.6,2026-05-23,817,h,33.04,D
29.37925,76.87806,345.7,289.22,0.5,0.6,2026-05-24,2101,h,39.92,N
22.39881,70.04232,352.19,286.6,0.5,0.6,2026-05-24,810,h,47.99,D
22.33074,69.72136,360.14,285.73,0.5,0.6,2026-05-24,2054,n,59.07,N
25.42571,85.97552,342.86,290.02,0.5,0.6,2026-05-24,764,h,37.19,D
25.42386,85.97511,366.24,284.53,0.5,0.6,2026-05-24,792,n,55.98,D
28.60062,77.54624,339.33,291.09,0.5,0.6,2026-05-24,2067,n,30.01,N
28.59757,77.54645,341.06,287.99,0.5,0.6,2026-05-24,744,h,28.57,D
22.82674,69.52807,336.94,287.83,0.5,0.6,2026-05-24,768,h,25.59,D
24.10435,82.66647,336.76,291.57,0.5,0.6,2026-05-24,803,n,25.36,D
21.16107,72.65593,340.72,290.76,0.5,0.6,2026-05-24,2003,n,28.96,N
21.15986,72.65614,351.44,285.77,0.5,0.6,2026-05-24,745,n,41.84,D
27.31398,77.70466,336.96,291.06,0.5,0.6,2026-05-25,788,n,23.27,D
29.3767,76.88011,350.32,289.75,0.5,0.6,2026-05-25,2089,n,50.52,N
22.39881,70.04236,360.26,291.06,0.5,0.6,2026-05-25,805,h,54.67,D
22.39572,70.04331,351.54,286.99,0.5,0.6,2026-05-25,776,h,47.97,D
22.32916,69.72594,361.67,286.6,0.5,0.6,2026-05-25,2049,n,56.9,N
22.32651,69.71959,348.27,286.59,0.5,0.6,2026-05-25,2022,h,47.13,N
25.42766,85.97669,355.25,286.95,0.5,0.6,2026-05-25,2083,h,50.73,N
28.59954,77.54819,337.73,285.07,0.5,0.6,2026-05-25,737,h,28.33,D
22.82709,69.52357,340.93,288.96,0.5,0.6,2026-05-25,2117,h,34.5,N
22.82866,69.52626,343.07,282.0,0.5,0.6,2026-05-25,785,h,35.8,D
24.10555,82.67103,343.87,282.98,0.5,0.6,2026-05-25,823,h,39.41,D
24.10493,82.67115,336.68,289.03,0.5,0.6,2026-05-25,815,h,31.89,D
22.79753,86.19469,330.57,292.91,0.5,0.6,2026-05-25,2070,n,19.75,N
21.15633,72.65555,340.78,287.89,0.5,0.6,2026-05-25,766,h,25.7,D
27.31553,77.70273,362.91,283.63,0.5,0.6,2026-05-26,2076,n,53.6,N
29.37702,76.87797,355.38,287.92,0.5,0.6,2026-05-26,2087,h,46.89,N
22.39896,70.04292,364.02,288.87,0.5,0.6,2026-05-26,778,n,55.8,D
25.42571,85.97502,356.01,286.06,0.5,0.6,2026-05-26,2096,h,56.27,N
22.82475,69.52977,328.27,284.05,0.5,0.6,2026-05-26,2002,h,19.31,N
22.83047,69.52488,330.63,286.18,0.5,0.6,2026-05-26,2011,h,26.1,N
24.10205,82.66757,341.29,287.7,0.5,0.6,2026-05-26,785,h,30.51,D
24.10521,82.67215,345.85,291.37,0.5,0.6,2026-05-26,806,h,38.63,D
22.79673,86.19258,336.62,295.09,0.5,0.6,2026-05-26,2093,h,30.89,N
21.15789,72.66024,341.41,286.62,0.5,0.6,2026-05-26,2109,n,27.07,N
21.15838,72.65722,340.67,290.37,0.5,0.6,2026-05-26,758,h,33.89,D
27.31828,77.70388,336.65,286.19,0.5,0.6,2026-05-27,2082,h,29.7,N
29.37986,76.88237,345.8,286.8,0.5,0.6,2026-05-27,2005,h,37.04,N
22.3959,70.03874,360.22,288.24,0.5,0.6,2026-05-27,2063,h,61.38,N
22.39747,70.0416,357.48,288.13,0.5,0.6,2026-05-27,732,h,52.32,D
25.42628,85.97287,350.01,285.81,0.5,0.6,2026-05-27,815,h,46.62,D
25.42638,85.97405,341.4,290.39,0.5,0.6,2026-05-27,763,h,39.35,D
28.59696,77.54324,339.14,289.53,0.5,0.6,2026-05-27,2122,h,32.63,N
22.82928,69.52675,341.81,285.5,0.5,0.6,2026-05-27,732,h,39.77,D
22.82966,69.52769,331.03,284.36,0.5,0.6,2026-05-27,2091,n,25.85,N
24.1021,82.66922,341.82,288.4,0.5,0.6,2026-05-27,2028,h,27.79,N
24.10769,82.6695,336.77,293.89,0.5,0.6,2026-05-27,2015,n,23.97,N
22.79209,86.19658,345.72,284.82,0.5,0.6,2026-05-27,792,h,33.47,D
27.31126,77.70591,354.39,285.58,0.5,0.6,2026-05-28,807,h,44.84,D
27.31042,77.70965,348.94,288.94,0.5,0.6,2026-05-28,763,n,47.45,D
29.37456,76.87892,342.52,285.8,0.5,0.6,2026-05-28,2024,h,29.85,N
29.37702,76.8764,356.19,290.31,0.5,0.6,2026-05-28,2086,h,53.82,N
22.39415,70.04341,350.27,287.95,0.5,0.6,2026-05-28,2034,h,42.05,N
22.39685,70.04101,367.0,283.88,0.5,0.6,2026-05-28,786,h,64.8,D
22.32788,69.72258,352.8,289.56,0.5,0.6,2026-05-28,737,n,44.02,D
22.32674,69.72333,367.0,292.74,0.5,0.6,2026-05-28,777,h,66.32,D
25.42028,85.97701,350.34,287.79,0.5,0.6,2026-05-28,2087,h,36.96,N
25.42331,85.97261,342.03,286.34,0.5,0.6,2026-05-28,791,h,35.03,D
28.59968,77.54881,337.63,285.98,0.5,0.6,2026-05-28,786,h,21.04,D
28.60317,77.54694,332.83,286.28,0.5,0.6,2026-05-28,755,n,25.22,D
22.82569,69.52805,336.37,283.56,0.5,0.6,2026-05-28,2111,h,27.66,N
21.1564,72.65418,350.33,284.9,0.5,0.6,2026-05-28,762,h,40.86,D
21.15719,72.65358,336.47,294.3,0.5,0.6,2026-05-28,734,h,23.96,D
27.31154,77.70376,361.01,290.38,0.5,0.6,2026-05-29,2111,h,57.78,N
29.37867,76.87927,367.0,287.06,0.5,0.6,2026-05-29,809,h,83.36,D
22.40013,70.04058,365.94,283.92,0.5,0.6,2026-05-29,828,h,58.21,D
22.39765,70.0398,358.75,291.36,0.5,0.6,2026-05-29,740,h,51.86,D
22.32577,69.72158,346.11,282.78,0.5,0.6,2026-05-29,2013,h,41.85,N
25.42472,85.96863,352.83,284.47,0.5,0.6,2026-05-29,2062,h,47.74,N
22.82636,69.53002,340.79,295.09,0.5,0.6,2026-05-29,762,n,33.19,D
22.83293,69.52604,343.09,289.96,0.5,0.6,2026-05-29,2074,h,30.5,N
24.10487,82.66919,340.73,286.86,0.5,0.6,2026-05-29,797,h,26.6,D
24.10368,82.66636,355.75,281.19,0.5,0.6,2026-05-29,738,n,50.97,D
22.7889,86.19257,339.83,294.72,0.5,0.6,2026-05-29,2010,h,27.84,N
22.79401,86.19494,338.49,285.86,0.5,0.6,2026-05-29,773,n,22.02,D
21.15848,72.66151,356.92,286.65,0.5,0.6,2026-05-29,759,n,53.06,D
27.31539,77.70842,345.52,293.58,0.5,0.6,2026-05-30,2055,n,42.3,N
27.31707,77.70503,367.0,290.71,0.5,0.6,2026-05-30,827,n,66.63,D
22.39509,70.04287,355.42,288.67,0.5,0.6,2026-05-30,733,h,49.76,D
22.32603,69.7222,338.96,294.76,0.5,0.6,2026-05-30,780,n,37.64,D
22.3314,69.7197,349.34,295.8,0.5,0.6,2026-05-30,816,h,47.02,D
25.42504,85.97672,358.03,289.56,0.5,0.6,2026-05-30,792,n,53.18,D
22.82624,69.52631,339.6,288.71,0.5,0.6,2026-05-30,750,h,29.82,D
22.82907,69.53116,343.61,291.92,0.5,0.6,2026-05-30,2040,h,37.07,N
24.10544,82.66975,339.23,285.44,0.5,0.6,2026-05-30,2056,h,30.78,N
22.79559,86.19344,334.71,285.07,0.5,0.6,2026-05-30,789,h,25.31,D
22.79771,86.19551,334.47,287.52,0.5,0.6,2026-05-30,2094,h,29.57,N
21.16189,72.65719,357.33,285.67,0.5,0.6,2026-05-30,2028,h,60.49,N
21.15764,72.65701,354.99,284.94,0.5,0.6,2026-05-30,806,h,52.03,D
27.31125,77.70417,340.38,289.96,0.5,0.6,2026-05-31,2005,n,30.82,N
29.37993,76.87935,346.06,291.27,0.5,0.6,2026-05-31,2058,h,36.84,N
22.39434,70.03998,358.48,294.45,0.5,0.6,2026-05-31,2053,h,51.27,N
22.39811,70.03799,341.35,290.51,0.5,0.6,2026-05-31,2040,h,34.78,N
25.42573,85.97231,339.4,279.98,0.5,0.6,2026-05-31,809,h,33.73,D
28.60021,77.54652,338.93,291.87,0.5,0.6,2026-05-31,2043,n,27.13,N
24.10255,82.66916,336.94,287.18,0.5,0.6,2026-05-31,812,h,24.7,D
24.10762,82.66934,337.64,289.41,0.5,0.6,2026-05-31,2098,h,21.31,N
21.1571,72.65887,335.91,292.86,0.5,0.6,2026-05-31,2063,h,30.1,N
27.31301,77.70095,353.12,288.42,0.5,0.6,2026-06-01,815,h,46.42,D
27.31483,77.70453,344.5,292.63,0.5,0.6,2026-06-01,2079,h,32.39,N
29.37746,76.88069,356.29,290.35,0.5,0.6,2026-06-01,762,h,43.71,D
22.39585,70.04068,334.87,288.52,0.5,0.6,2026-06-01,816,h,33.99,D
22.33179,69.72085,339.47,290.17,0.5,0.6,2026-06-01,732,n,35.3,D
22.32587,69.72506,343.08,286.29,0.5,0.6,2026-06-01,809,h,31.31,D
28.60058,77.55337,325.51,290.98,0.5,0.6,2026-06-01,2050,h,19.59,N
28.60011,77.54691,336.65,283.92,0.5,0.6,2026-06-01,2022,h,26.19,N
24.10137,82.67168,338.08,292.4,0.5,0.6,2026-06-01,810,h,30.42,D
24.09969,82.67142,332.7,288.02,0.5,0.6,2026-06-01,2005,h,22.95,N
27.31698,77.70745,339.63,290.53,0.5,0.6,2026-06-02,822,h,36.01,D
29.37917,76.8788,345.46,291.63,0.5,0.6,2026-06-02,2052,n,43.28,N
22.39457,70.04207,361.68,288.05,0.5,0.6,2026-06-02,768,h,56.97,D
22.39824,70.04099,365.36,290.64,0.5,0.6,2026-06-02,2060,h,59.85,N
22.32375,69.72449,346.51,287.77,0.5,0.6,2026-06-02,2070,h,39.71,N
22.3283,69.72319,332.69,290.69,0.5,0.6,2026-06-02,2128,h,26.99,N
25.42159,85.97373,340.48,284.91,0.5,0.6,2026-06-02,2058,h,32.46,N
28.59809,77.54593,337.81,289.93,0.5,0.6,2026-06-02,817,h,25.73,D
22.82208,69.52714,349.52,282.25,0.5,0.6,2026-06-02,780,h,44.37,D
24.10572,82.66951,335.99,288.17,0.5,0.6,2026-06-02,2082,h,24.27,N
22.79579,86.19376,342.53,287.48,0.5,0.6,2026-06-02,2071,h,30.61,N
22.79729,86.19671,339.21,288.71,0.5,0.6,2026-06-02,2078,h,31.92,N
27.31335,77.70127,356.76,291.9,0.5,0.6,2026-06-03,2010,h,53.05,N
27.31219,77.70408,353.63,288.2,0.5,0.6,2026-06-03,783,n,45.51,D
29.37907,76.87596,359.46,290.76,0.5,0.6,2026-06-03,2051,h,52.22,N
29.37678,76.87768,353.48,288.91,0.5,0.6,2026-06-03,739,h,50.63,D
22.39492,70.04098,340.27,290.05,0.5,0.6,2026-06-03,806,h,30.64,D
22.39613,70.04468,359.97,294.14,0.5,0.6,2026-06-03,2043,h,56.33,N
22.32617,69.7237,353.04,286.27,0.5,0.6,2026-06-03,2053,h,46.16,N
22.32988,69.72335,347.36,285.75,0.5,0.6,2026-06-03,754,h,49.09,D
25.4241,85.9741,366.36,290.06,0.5,0.6,2026-06-03,786,n,56.46,D
25.42084,85.96984,346.28,288.51,0.5,0.6,2026-06-03,2083,n,36.05,N
28.6031,77.54571,349.68,289.47,0.5,0.6,2026-06-03,820,n,46.69,D
22.82911,69.52582,343.52,285.67,0.5,0.6,2026-06-03,2115,h,36.03,N
22.8273,69.52523,329.56,290.38,0.5,0.6,2026-06-03,777,h,19.11,D
24.10342,82.67196,333.5,286.36,0.5,0.6,2026-06-03,2100,h,23.61,N
22.79398,86.19511,344.27,287.09,0.5,0.6,2026-06-03,2087,h,31.32,N
21.16268,72.65604,348.72,292.01,0.5,0.6,2026-06-03,745,n,44.0,D
21.1577,72.6575,335.06,287.45,0.5,0.6,2026-06-03,2005,h,25.05,N
27.31589,77.70405,367.0,287.74,0.5,0.6,2026-06-04,800,n,85.39,D
29.37494,76.87974,357.17,287.11,0.5,0.6,2026-06-04,818,h,49.6,D
29.37786,76.87878,347.75,287.99,0.5,0.6,2026-06-04,794,h,39.35,D
22.39775,70.043,336.03,286.09,0.5,0.6,2026-06-04,740,n,29.9,D
22.39785,70.0434,349.16,288.99,0.5,0.6,2026-06-04,777,h,40.48,D
22.3259,69.71999,337.66,288.25,0.5,0.6,2026-06-04,745,h,32.02,D
25.42173,85.97151,343.93,289.54,0.5,0.6,2026-06-04,787,h,36.43,D
28.60327,77.54043,340.67,293.62,0.5,0.6,2026-06-04,2062,h,30.47,N
28.5964,77.54559,348.18,286.4,0.5,0.6,2026-06-04,772,h,36.95,D
24.10615,82.66757,346.38,290.79,0.5,0.6,2026-06-04,2024,h,35.35,N
22.79423,86.19686,331.64,282.94,0.5,0.6,2026-06-04,783,h,21.7,D
21.1647,72.66005,341.84,287.05,0.5,0.6,2026-06-04,2017,h,32.59,N
21.15407,72.65839,344.88,287.6,0.5,0.6,2026-06-04,763,h,30.77,D
27.31144,77.70369,345.5,290.2,0.5,0.6,2026-06-05,2043,h,38.93,N
29.38322,76.8785,338.87,285.18,0.5,0.6,2026-06-05,2035,h,32.99,N
29.37734,76.88029,348.63,282.95,0.5,0.6,2026-06-05,2053,h,39.52,N
22.32472,69.72427,360.77,288.16,0.5,0.6,2026-06-05,2015,h,56.05,N
25.4229,85.97166,356.17,283.17,0.5,0.6,2026-06-05,731,n,50.52,D
28.60085,77.54922,343.85,285.5,0.5,0.6,2026-06-05,827,h,33.14,D
22.82899,69.52792,341.17,286.13,0.5,0.6,2026-06-05,799,h,32.49,D
24.10331,82.66927,335.18,288.86,0.5,0.6,2026-06-05,741,h,26.88,D
22.79508,86.19334,334.4,294.36,0.5,0.6,2026-06-05,758,h,23.21,D
21.15572,72.65804,341.39,278.23,0.5,0.6,2026-06-05,2098,h,35.59,N
27.3148,77.70318,363.29,287.19,0.5,0.6,2026-06-06,771,h,56.79,D
27.31371,77.70049,367.0,286.61,0.5,0.6,2026-06-06,2111,h,72.62,N
29.37367,76.87706,346.91,287.29,0.5,0.6,2026-06-06,2066,n,40.6,N
22.39255,70.04098,343.24,287.71,0.5,0.6,2026-06-06,2018,h,31.7,N
22.39531,70.04466,354.31,291.1,0.5,0.6,2026-06-06,2024,n,47.18,N
25.42365,85.97604,340.17,289.96,0.5,0.6,2026-06-06,795,h,37.77,D
22.82191,69.52907,344.87,289.41,0.5,0.6,2026-06-06,733,h,35.4,D
22.79468,86.19558,326.91,286.86,0.5,0.6,2026-06-06,731,h,21.11,D
21.15636,72.66119,339.2,294.28,0.5,0.6,2026-06-06,787,h,34.2,D
21.15787,72.65893,339.77,287.36,0.5,0.6,2026-06-06,820,n,34.21,D
27.3129,77.7028,343.5,286.15,0.5,0.6,2026-06-07,2103,h,33.41,N
27.31399,77.70219,352.56,287.74,0.5,0.6,2026-06-07,2099,n,48.13,N
22.39539,70.04208,358.15,286.88,0.5,0.6,2026-06-07,804,h,53.13,D
22.32507,69.72553,351.27,285.79,0.5,0.6,2026-06-07,2096,h,41.87,N
25.42406,85.9735,362.62,288.84,0.5,0.6,2026-06-07,779,h,59.51,D
28.60147,77.5466,344.41,292.07,0.5,0.6,2026-06-07,770,h,31.2,D
28.60086,77.5447,346.22,296.01,0.5,0.6,2026-06-07,2040,h,37.43,N
22.82372,69.52823,337.74,291.47,0.5,0.6,2026-06-07,806,h,22.27,D
24.10213,82.66788,338.55,286.46,0.5,0.6,2026-06-07,814,h,27.82,D
22.79123,86.19233,335.11,289.56,0.5,0.6,2026-06-07,2096,h,27.87,N
21.1573,72.6575,335.88,288.86,0.5,0.6,2026-06-07,771,n,33.31,D
21.15728,72.65856,338.35,289.23,0.5,0.6,2026-06-07,781,h,33.63,D
27.31221,77.70454,358.92,296.01,0.5,0.6,2026-06-08,753,h,57.14,D
27.31657,77.70149,351.29,283.93,0.5,0.6,2026-06-08,2120,h,48.85,N
29.37488,76.87704,367.0,289.66,0.5,0.6,2026-06-08,732,h,92.69,D
29.37892,76.87873,357.23,285.36,0.5,0.6,2026-06-08,2021,n,57.56,N
22.39558,70.03885,348.33,283.55,0.5,0.6,2026-06-08,2016,n,39.62,N
22.39669,70.04202,340.45,289.09,0.5,0.6,2026-06-08,765,n,34.25,D
22.32905,69.71874,347.05,282.42,0.5,0.6,2026-06-08,735,h,45.76,D
25.42522,85.97441,358.11,289.41,0.5,0.6,2026-06-08,2025,h,56.29,N
28.60338,77.54558,357.47,286.85,0.5,0.6,2026-06-08,2022,h,50.94,N
22.82545,69.53059,339.88,284.5,0.5,0.6,2026-06-08,810,h,30.84,D
22.79683,86.19478,340.76,290.86,0.5,0.6,2026-06-08,779,h,30.92,D
27.3115,77.70254,351.87,280.94,0.5,0.6,2026-06-09,752,h,49.63,D
27.3151,77.70481,351.5,292.05,0.5,0.6,2026-06-09,738,h,45.12,D
29.38039,76.87558,355.97,291.08,0.5,0.6,2026-06-09,748,h,42.36,D
29.37766,76.88062,339.84,290.14,0.5,0.6,2026-06-09,778,n,35.03,D
22.39327,70.04271,354.36,292.98,0.5,0.6,2026-06-09,775,h,51.68,D
22.32836,69.72103,355.63,286.74,0.5,0.6,2026-06-09,811,h,52.6,D
22.32548,69.72193,351.44,290.9,0.5,0.6,2026-06-09,735,h,46.02,D
25.4213,85.97334,351.07,288.72,0.5,0.6,2026-06-09,778,h,38.94,D
28.60174,77.54338,336.7,286.27,0.5,0.6,2026-06-09,753,h,26.71,D
22.82846,69.53076,339.04,284.78,0.5,0.6,2026-06-09,771,n,30.87,D
22.82763,69.52332,337.05,282.52,0.5,0.6,2026-06-09,781,h,29.06,D
24.10256,82.67274,349.22,284.9,0.5,0.6,2026-06-09,732,h,44.87,D
22.79286,86.19244,331.96,286.31,0.5,0.6,2026-06-09,808,h,26.07,D
21.1602,72.65768,350.66,288.21,0.5,0.6,2026-06-09,815,n,43.68,D
27.31721,77.70255,358.72,289.37,0.5,0.6,2026-06-10,2012,h,52.46,N
29.37632,76.87779,346.09,288.17,0.5,0.6,2026-06-10,796,h,37.23,D
29.37751,76.87956,348.36,284.08,0.5,0.6,2026-06-10,731,n,40.29,D
22.39356,70.04104,365.43,281.37,0.5,0.6,2026-06-10,2076,h,65.45,N
22.32745,69.72439,353.27,284.7,0.5,0.6,2026-06-10,782,h,52.51,D
22.32627,69.72434,343.28,288.06,0.5,0.6,2026-06-10,746,h,39.39,D
25.42282,85.97112,334.84,287.18,0.5,0.6,2026-06-10,2091,n,33.36,N
28.59874,77.54557,337.64,286.3,0.5,0.6,2026-06-10,2096,h,27.37,N
28.60018,77.54564,354.2,287.53,0.5,0.6,2026-06-10,2027,n,48.38,N
22.82886,69.52624,334.93,292.44,0.5,0.6,2026-06-10,2091,h,18.55,N
24.10373,82.66857,332.5,290.48,0.5,0.6,2026-06-10,2042,h,27.14,N
24.10393,82.67126,344.2,284.05,0.5,0.6,2026-06-10,754,n,30.01,D
22.79877,86.19358,340.41,287.07,0.5,0.6,2026-06-10,2056,h,33.53,N
21.1581,72.65638,335.66,285.68,0.5,0.6,2026-06-10,757,h,31.46,D
27.3099,77.70222,350.03,287.33,0.5,0.6,2026-06-11,2032,h,40.12,N
27.31882,77.70282,357.4,286.14,0.5,0.6,2026-06-11,2085,h,49.9,N
29.37772,76.87569,367.0,283.23,0.5,0.6,2026-06-11,2000,n,71.71,N
22.39601,70.04032,350.63,291.17,0.5,0.6,2026-06-11,780,h,41.59,D
22.32653,69.71868,345.6,284.43,0.5,0.6,2026-06-11,2067,h,32.62,N
22.32769,69.72136,358.96,286.12,0.5,0.6,2026-06-11,2116,n,54.81,N
25.42495,85.97264,347.34,286.78,0.5,0.6,2026-06-11,752,h,38.51,D
28.60221,77.547,348.93,294.53,0.5,0.6,2026-06-11,775,n,38.04,D
28.60188,77.54442,350.27,288.31,0.5,0.6,2026-06-11,2062,h,33.87,N
22.83051,69.52642,337.81,282.34,0.5,0.6,2026-06-11,2022,h,30.19,N
24.10711,82.66778,339.35,288.32,0.5,0.6,2026-06-11,824,h,31.99,D
22.79145,86.19627,333.09,286.95,0.5,0.6,2026-06-11,2053,h,23.01,N
27.314,77.70177,355.43,288.12,0.5,0.6,2026-06-12,826,h,53.26,D
29.37966,76.8755,346.38,282.71,0.5,0.6,2026-06-12,782,h,38.59,D
22.39704,70.0435,367.0,288.46,0.5,0.6,2026-06-12,758,h,70.74,D
22.32984,69.72304,367.0,286.17,0.5,0.6,2026-06-12,750,h,65.64,D
25.42172,85.97469,349.02,286.04,0.5,0.6,2026-06-12,2070,n,49.16,N
25.42491,85.97267,353.64,285.61,0.5,0.6,2026-06-12,2003,h,48.35,N
28.5996,77.5443,332.44,290.4,0.5,0.6,2026-06-12,2052,h,27.83,N
22.82853,69.52817,336.17,289.89,0.5,0.6,2026-06-12,778,h,23.87,D
22.82674,69.52955,341.03,286.96,0.5,0.6,2026-06-12,2009,h,33.41,N
24.10402,82.67218,340.51,285.88,0.5,0.6,2026-06-12,2013,n,33.8,N
24.10414,82.6704,325.62,287.87,0.5,0.6,2026-06-12,764,h,17.7,D
22.79026,86.19179,336.47,287.07,0.5,0.6,2026-06-12,745,h,29.26,D
27.31509,77.70413,351.59,286.24,0.5,0.6,2026-06-13,2083,h,53.88,N
29.37797,76.87693,367.0,285.29,0.5,0.6,2026-06-13,2084,h,71.35,N
22.39686,70.04312,356.67,280.81,0.5,0.6,2026-06-13,785,h,47.89,D
22.32436,69.72234,356.09,287.82,0.5,0.6,2026-06-13,772,h,50.81,D
22.3269,69.71816,359.26,285.62,0.5,0.6,2026-06-13,2077,h,52.08,N
28.60215,77.54811,346.52,292.65,0.5,0.6,2026-06-13,2040,h,28.74,N
28.59603,77.54605,359.81,287.64,0.5,0.6,2026-06-13,736,h,45.59,D
22.83331,69.52737,331.97,285.57,0.5,0.6,2026-06-13,795,h,22.39,D
24.10697,82.67136,347.42,289.18,0.5,0.6,2026-06-13,2029,n,42.8,N
24.10495,82.66685,336.02,286.71,0.5,0.6,2026-06-13,2037,n,27.21,N
21.16028,72.65738,361.65,291.02,0.5,0.6,2026-06-13,736,h,61.18,D
29.38174,76.87637,355.81,287.87,0.5,0.6,2026-06-14,2115,h,49.76,N
22.39646,70.04213,351.55,292.67,0.5,0.6,2026-06-14,2064,h,49.39,N
22.39858,70.04249,350.18,289.88,0.5,0.6,2026-06-14,822,n,42.42,D
22.3296,69.72324,335.18,284.36,0.5,0.6,2026-06-14,762,h,25.7,D
25.42478,85.97402,367.0,291.34,0.5,0.6,2026-06-14,787,h,89.81,D
25.42357,85.97466,333.02,288.68,0.5,0.6,2026-06-14,2003,h,22.51,N
22.82493,69.53155,331.32,287.38,0.5,0.6,2026-06-14,769,h,28.13,D
22.82617,69.52664,336.02,284.22,0.5,0.6,2026-06-14,762,h,27.92,D
21.15715,72.65794,341.98,289.32,0.5,0.6,2026-06-14,2107,h,31.99,N
27.31727,77.70502,354.25,288.48,0.5,0.6,2026-06-15,819,h,47.38,D
27.31295,77.70219,337.88,291.8,0.5,0.6,2026-06-15,2117,n,29.49,N
29.38071,76.8767,367.0,284.19,0.5,0.6,2026-06-15,796,h,66.27,D
29.37568,76.87789,358.93,286.45,0.5,0.6,2026-06-15,796,h,55.21,D
22.39857,70.04083,351.59,284.47,0.5,0.6,2026-06-15,2075,h,47.23,N
22.33061,69.72201,364.33,291.32,0.5,0.6,2026-06-15,765,h,59.34,D
25.42307,85.97549,355.8,284.93,0.5,0.6,2026-06-15,782,n,48.6,D
28.60137,77.54578,346.99,289.82,0.5,0.6,2026-06-15,2108,h,35.82,N
28.60303,77.54264,337.99,286.08,0.5,0.6,2026-06-15,811,h,30.26,D
22.8261,69.52591,343.26,289.58,0.5,0.6,2026-06-15,2109,n,31.53,N
22.82932,69.52739,343.73,282.92,0.5,0.6,2026-06-15,749,n,31.76,D
24.1042,82.66861,329.67,285.83,0.5,0.6,2026-06-15,2036,h,17.98,N
22.79852,86.19503,342.08,282.54,0.5,0.6,2026-06-15,2059,h,31.51,N
27.31693,77.70351,349.06,283.87,0.5,0.6,2026-06-16,819,h,32.91,D
29.37692,76.87997,341.16,291.27,0.5,0.6,2026-06-16,2001,n,27.97,N
29.38085,76.87451,355.94,290.48,0.5,0.6,2026-06-16,780,h,53.97,D
22.3929,70.03861,354.3,289.61,0.5,0.6,2026-06-16,2065,h,43.75,N
22.32684,69.72137,347.69,287.8,0.5,0.6,2026-06-16,2117,h,42.91,N
22.32772,69.72231,343.6,286.52,0.5,0.6,2026-06-16,2060,n,34.18,N
28.60191,77.5439,346.7,285.16,0.5,0.6,2026-06-16,804,n,34.21,D
24.10549,82.66862,335.11,291.45,0.5,0.6,2026-06-16,774,h,27.94,D
22.79553,86.1965,331.82,295.28,0.5,0.6,2026-06-16,2106,h,21.89,N
21.15903,72.65677,334.85,285.81,0.5,0.6,2026-06-16,2116,n,25.92,N
21.1573,72.65736,339.83,286.6,0.5,0.6,2026-06-16,766,h,29.4,D
27.31617,77.70368,344.45,285.82,0.5,0.6,2026-06-17,796,n,32.98,D
27.31326,77.70632,352.84,285.29,0.5,0.6,2026-06-17,761,h,45.06,D
29.38061,76.87958,356.29,286.59,0.5,0.6,2026-06-17,810,h,55.03,D
22.39355,70.04192,346.24,292.58,0.5,0.6,2026-06-17,795,h,43.3,D
22.3256,69.72069,367.0,284.69,0.5,0.6,2026-06-17,2048,h,70.75,N
22.32617,69.72027,346.96,287.32,0.5,0.6,2026-06-17,2005,h,36.96,N
25.42304,85.97384,351.97,290.66,0.5,0.6,2026-06-17,2103,h,50.0,N
25.42178,85.9738,348.64,287.14,0.5,0.6,2026-06-17,2110,h,39.22,N
22.82689,69.52627,343.12,283.91,0.5,0.6,2026-06-17,820,h,29.86,D
22.82743,69.52853,329.83,288.87,0.5,0.6,2026-06-17,2129,h,20.21,N
24.1028,82.67143,327.6,288.3,0.5,0.6,2026-06-17,2068,h,16.84,N
22.79651,86.19324,327.12,289.99,0.5,0.6,2026-06-17,2123,h,21.12,N
22.79283,86.19436,341.73,284.67,0.5,0.6,2026-06-17,801,n,31.61,D
21.16114,72.65347,344.71,290.96,0.5,0.6,2026-06-17,790,h,33.74,D
27.31489,77.70655,343.29,286.12,0.5,0.6,2026-06-18,2078,h,36.28,N
29.37918,76.87327,347.23,287.47,0.5,0.6,2026-06-18,2033,h,34.7,N
22.3957,70.04427,346.83,288.41,0.5,0.6,2026-06-18,2015,h,37.76,N
22.32741,69.72347,351.19,286.26,0.5,0.6,2026-06-18,814,n,39.36,D
25.42254,85.97297,352.9,291.55,0.5,0.6,2026-06-18,738,h,47.54,D
28.60111,77.54795,348.44,290.49,0.5,0.6,2026-06-18,2093,n,38.84,N
28.5978,77.54347,345.62,286.13,0.5,0.6,2026-06-18,2118,h,41.21,N
22.82565,69.5284,336.49,288.14,0.5,0.6,2026-06-18,829,n,21.99,D
22.82798,69.52601,346.6,294.25,0.5,0.6,2026-06-18,2044,h,37.84,N
24.10633,82.67264,334.4,282.44,0.5,0.6,2026-06-18,762,h,28.81,D
22.79592,86.19646,330.56,284.98,0.5,0.6,2026-06-18,768,h,25.14,D
22.79433,86.19427,336.91,285.99,0.5,0.6,2026-06-18,826,h,25.25,D
21.15936,72.65557,341.79,281.87,0.5,0.6,2026-06-18,780,h,31.34,D
21.15842,72.66158,341.0,287.47,0.5,0.6,2026-06-18,802,h,38.09,D
27.31514,77.70093,355.23,287.97,0.5,0.6,2026-06-19,817,h,52.62,D
29.37998,76.87641,366.6,288.51,0.5,0.6,2026-06-19,2024,n,63.31,N
22.39605,70.04079,367.0,288.12,0.5,0.6,2026-06-19,747,h,75.57,D
22.39278,70.04479,354.16,290.57,0.5,0.6,2026-06-19,2012,h,45.92,N
22.32601,69.72212,341.79,288.15,0.5,0.6,2026-06-19,778,h,37.76,D
22.32573,69.72454,349.1,287.21,0.5,0.6,2026-06-19,731,h,37.08,D
25.42335,85.97372,367.0,284.09,0.5,0.6,2026-06-19,775,h,87.11,D
25.42259,85.97404,367.0,288.96,0.5,0.6,2026-06-19,732,h,73.18,D
22.82436,69.52828,339.78,288.74,0.5,0.6,2026-06-19,795,h,31.67,D
22.82858,69.52912,335.49,284.29,0.5,0.6,2026-06-19,2120,n,20.12,N
24.10512,82.66896,338.71,288.52,0.5,0.6,2026-06-19,2123,h,30.83,N
22.79566,86.1946,330.86,287.84,0.5,0.6,2026-06-19,2122,h,16.85,N
21.15641,72.6614,347.44,288.68,0.5,0.6,2026-06-19,754,h,32.92,D
21.15784,72.65924,339.76,288.95,0.5,0.6,2026-06-19,809,h,29.63,D
29.37866,76.87769,355.99,288.91,0.5,0.6,2026-06-20,2060,h,58.69,N
29.37771,76.87504,354.84,287.31,0.5,0.6,2026-06-20,776,h,48.96,D
22.39537,70.04403,354.55,287.29,0.5,0.6,2026-06-20,2022,n,44.58,N
22.82916,69.53037,346.99,287.76,0.5,0.6,2026-06-20,2113,h,36.02,N
22.82943,69.53021,341.13,287.88,0.5,0.6,2026-06-20,815,h,37.18,D
24.10474,82.67151,342.98,289.84,0.5,0.6,2026-06-20,2014,h,32.94,N
24.1031,82.67071,347.58,284.07,0.5,0.6,2026-06-20,2046,n,41.22,N
22.79606,86.19345,344.5,286.94,0.5,0.6,2026-06-20,2053,h,41.12,N
22.79292,86.19599,333.38,283.98,0.5,0.6,2026-06-20,2031,h,19.7,N
21.15711,72.65943,344.33,281.4,0.5,0.6,2026-06-20,2028,n,35.63,N
21.15833,72.65846,346.6,288.75,0.5,0.6,2026-06-20,2123,h,34.02,N
27.31047,77.70505,366.31,290.85,0.5,0.6,2026-06-21,758,h,60.31,D
27.31573,77.70697,343.39,287.0,0.5,0.6,2026-06-21,2001,h,38.03,N
29.37849,76.87871,338.53,287.12,0.5,0.6,2026-06-21,770,h,31.21,D
29.37614,76.87713,362.69,291.06,0.5,0.6,2026-06-21,2113,n,58.63,N
22.39475,70.03902,348.51,291.78,0.5,0.6,2026-06-21,2042,h,38.75,N
22.32531,69.71578,341.91,284.55,0.5,0.6,2026-06-21,2013,h,35.37,N
22.33275,69.72223,349.7,290.01,0.5,0.6,2026-06-21,735,h,43.72,D
25.42343,85.97765,356.77,291.73,0.5,0.6,2026-06-21,2088,h,52.51,N
22.82769,69.52349,334.47,283.25,0.5,0.6,2026-06-21,765,h,20.11,D
24.10349,82.67105,340.86,284.8,0.5,0.6,2026-06-21,2060,h,32.47,N
22.79493,86.18877,331.6,290.02,0.5,0.6,2026-06-21,731,n,22.64,D
22.79347,86.19197,335.05,284.45,0.5,0.6,2026-06-21,819,n,28.63,D
21.15897,72.65587,340.27,286.57,0.5,0.6,2026-06-21,743,h,35.81,D
27.31395,77.70278,366.6,284.64,0.5,0.6,2026-06-22,823,h,59.63,D
27.31319,77.70572,352.43,286.22,0.5,0.6,2026-06-22,788,h,42.02,D
29.37418,76.87729,357.33,290.1,0.5,0.6,2026-06-22,730,h,55.85,D
29.38072,76.87732,348.02,288.24,0.5,0.6,2026-06-22,2111,n,42.06,N
22.39711,70.04678,343.0,288.58,0.5,0.6,2026-06-22,736,n,39.6,D
22.32493,69.71927,347.09,294.2,0.5,0.6,2026-06-22,2040,h,40.56,N
22.32845,69.72089,364.72,287.66,0.5,0.6,2026-06-22,2020,h,58.29,N
25.4259,85.97246,350.5,284.74,0.5,0.6,2026-06-22,2049,h,36.21,N
25.42231,85.97201,346.35,289.62,0.5,0.6,2026-06-22,799,h,38.06,D
28.60251,77.54271,352.87,282.91,0.5,0.6,2026-06-22,2059,h,40.39,N
22.82889,69.53032,342.12,286.05,0.5,0.6,2026-06-22,816,h,39.56,D
24.09855,82.66878,327.27,290.96,0.5,0.6,2026-06-22,2120,n,20.48,N
24.10807,82.66639,347.12,287.85,0.5,0.6,2026-06-22,2129,n,34.28,N
22.79393,86.19103,326.65,289.78,0.5,0.6,2026-06-22,827,h,23.35,D
21.1586,72.65689,346.04,289.87,0.5,0.6,2026-06-22,803,h,31.12,D
21.15893,72.65716,336.1,292.56,0.5,0.6,2026-06-22,742,h,26.41,D
27.31469,77.70451,327.1,288.68,0.5,0.6,2026-06-23,2055,h,26.55,N
29.37872,76.87954,352.56,290.33,0.5,0.6,2026-06-23,2075,h,50.4,N
29.37958,76.8765,363.95,288.01,0.5,0.6,2026-06-23,2021,h,59.06,N
22.39672,70.04436,353.07,286.01,0.5,0.6,2026-06-23,776,h,35.2,D
22.39609,70.04042,359.45,282.69,0.5,0.6,2026-06-23,782,h,58.77,D
22.32963,69.71804,347.13,290.67,0.5,0.6,2026-06-23,2044,h,44.69,N
25.421,85.97194,361.74,288.31,0.5,0.6,2026-06-23,781,h,57.04,D
25.42164,85.97696,359.14,285.9,0.5,0.6,2026-06-23,2062,h,51.56,N
28.5994,77.54346,341.52,291.93,0.5,0.6,2026-06-23,777,h,36.6,D
28.60036,77.54798,339.49,283.46,0.5,0.6,2026-06-23,2010,h,32.13,N
22.82721,69.52781,341.86,289.95,0.5,0.6,2026-06-23,765,h,32.35,D
24.10558,82.67019,344.99,287.32,0.5,0.6,2026-06-23,2000,h,33.17,N
22.79379,86.1944,342.56,288.27,0.5,0.6,2026-06-23,2114,h,38.72,N
22.7972,86.19028,344.18,286.95,0.5,0.6,2026-06-23,2038,h,32.12,N
27.3146,77.70126,348.8,291.0,0.5,0.6,2026-06-24,741,h,38.43,D
27.31329,77.70492,351.14,287.67,0.5,0.6,2026-06-24,2035,h,50.16,N
29.37613,76.87517,357.93,291.8,0.5,0.6,2026-06-24,791,h,56.94,D
29.37477,76.87841,357.71,285.12,0.5,0.6,2026-06-24,809,h,49.11,D
22.39353,70.04137,344.14,284.76,0.5,0.6,2026-06-24,2094,h,34.93,N
25.42659,85.97256,339.34,288.73,0.5,0.6,2026-06-24,2126,h,31.19,N
25.42467,85.97456,365.39,287.87,0.5,0.6,2026-06-24,798,h,63.04,D
28.60088,77.54483,331.8,279.35,0.5,0.6,2026-06-24,777,h,26.22,D
28.60276,77.54391,346.41,294.53,0.5,0.6,2026-06-24,2103,h,37.69,N
22.82446,69.52928,344.12,280.73,0.5,0.6,2026-06-24,791,h,37.2,D
22.83106,69.52782,334.89,288.98,0.5,0.6,2026-06-24,735,n,27.06,D
24.09882,82.67134,343.3,286.67,0.5,0.6,2026-06-24,818,h,34.62,D
21.15834,72.65805,343.08,285.57,0.5,0.6,2026-06-24,809,h,38.55,D
21.1544,72.65711,342.65,288.23,0.5,0.6,2026-06-24,2072,h,34.95,N
27.31367,77.70431,346.95,284.88,0.5,0.6,2026-06-25,780,h,41.65,D
29.3802,76.87902,352.94,285.3,0.5,0.6,2026-06-25,816,h,47.9,D
29.37878,76.87958,363.36,288.58,0.5,0.6,2026-06-25,2055,h,61.04,N
22.39517,70.04112,345.19,280.56,0.5,0.6,2026-06-25,2115,h,42.41,N
22.3969,70.04365,346.51,291.02,0.5,0.6,2026-06-25,2105,h,37.84,N
22.32911,69.72118,354.51,286.94,0.5,0.6,2026-06-25,2063,n,41.8,N
25.42395,85.97319,342.14,288.3,0.5,0.6,2026-06-25,798,h,40.41,D
25.42033,85.97441,355.31,285.03,0.5,0.6,2026-06-25,817,n,48.9,D
22.83102,69.52823,343.9,284.92,0.5,0.6,2026-06-25,782,h,33.19,D
22.82561,69.53128,337.76,291.65,0.5,0.6,2026-06-25,2066,n,28.59,N
24.10294,82.6673,337.79,288.64,0.5,0.6,2026-06-25,734,h,26.37,D
22.79632,86.19653,343.92,289.65,0.5,0.6,2026-06-25,2007,n,33.5,N
21.15855,72.65774,324.34,290.21,0.5,0.6,2026-06-25,769,h,19.6,D
27.31212,77.70604,350.82,290.31,0.5,0.6,2026-06-26,737,h,42.39,D
27.31403,77.70673,362.1,285.18,0.5,0.6,2026-06-26,2105,h,55.29,N
29.37703,76.87527,349.87,293.47,0.5,0.6,2026-06-26,2052,h,44.59,N
29.37343,76.87595,341.85,287.57,0.5,0.6,2026-06-26,822,h,32.26,D
22.39582,70.04366,349.19,282.07,0.5,0.6,2026-06-26,753,h,41.07,D
22.39809,70.04152,367.0,285.96,0.5,0.6,2026-06-26,787,h,76.94,D
22.32924,69.72227,349.52,287.59,0.5,0.6,2026-06-26,2127,h,41.29,N
25.42295,85.97406,340.38,288.06,0.5,0.6,2026-06-26,2063,h,28.19,N
22.83071,69.52618,335.77,282.33,0.5,0.6,2026-06-26,739,h,27.67,D
22.82807,69.52988,338.52,285.68,0.5,0.6,2026-06-26,750,h,22.59,D
24.10354,82.67026,335.06,284.73,0.5,0.6,2026-06-26,768,n,24.45,D
22.7927,86.19462,334.33,287.54,0.5,0.6,2026-06-26,745,h,24.03,D
27.31255,77.7014,340.52,290.89,0.5,0.6,2026-06-27,2127,n,35.89,N
27.31408,77.70586,353.16,289.41,0.5,0.6,2026-06-27,794,h,41.73,D
29.37819,76.8795,335.15,290.05,0.5,0.6,2026-06-27,783,h,26.5,D
22.39563,70.04503,356.53,280.5,0.5,0.6,2026-06-27,781,h,54.89,D
22.32836,69.72236,360.14,289.33,0.5,0.6,2026-06-27,759,n,57.58,D
22.32947,69.72036,331.0,287.31,0.5,0.6,2026-06-27,2106,h,20.88,N
25.42419,85.96943,341.61,287.43,0.5,0.6,2026-06-27,2066,n,29.03,N
25.42399,85.97325,341.46,285.39,0.5,0.6,2026-06-27,805,h,38.55,D
28.59938,77.54473,349.72,285.63,0.5,0.6,2026-06-27,2054,h,42.0,N
22.82908,69.5265,341.45,284.31,0.5,0.6,2026-06-27,747,h,31.18,D
22.82821,69.52941,359.65,290.43,0.5,0.6,2026-06-27,2055,n,53.53,N
24.10431,82.67132,327.6,287.46,0.5,0.6,2026-06-27,764,h,15.76,D
24.10038,82.66784,336.83,289.12,0.5,0.6,2026-06-27,2074,n,24.52,N
27.31675,77.70603,350.73,291.86,0.5,0.6,2026-06-28,742,h,45.36,D
29.37453,76.87999,346.29,293.45,0.5,0.6,2026-06-28,774,h,37.48,D
29.37936,76.87764,367.0,289.19,0.5,0.6,2026-06-28,743,n,81.78,D
22.39846,70.04234,345.54,288.57,0.5,0.6,2026-06-28,2011,h,37.35,N
22.39444,70.03998,346.54,285.85,0.5,0.6,2026-06-28,2072,h,44.47,N
22.32306,69.71863,349.08,284.29,0.5,0.6,2026-06-28,2059,n,44.8,N
22.32847,69.72147,344.41,290.55,0.5,0.6,2026-06-28,2106,h,32.89,N
25.42819,85.97798,347.09,286.98,0.5,0.6,2026-06-28,790,h,40.95,D
28.6031,77.54758,322.55,291.19,0.5,0.6,2026-06-28,738,n,16.44,D
22.82951,69.53027,331.12,293.32,0.5,0.6,2026-06-28,2044,h,18.86,N
24.10681,82.66866,333.37,288.07,0.5,0.6,2026-06-28,769,h,24.76,D
24.10367,82.67171,331.7,292.01,0.5,0.6,2026-06-28,776,n,17.66,D
22.79505,86.1952,353.6,285.6,0.5,0.6,2026-06-28,2090,h,45.4,N
21.15807,72.65821,350.82,288.07,0.5,0.6,2026-06-28,2125,n,38.22,N
27.31302,77.70784,344.12,284.23,0.5,0.6,2026-06-29,2067,h,38.85,N
27.31203,77.70399,345.29,286.53,0.5,0.6,2026-06-29,751,h,41.72,D
29.38136,76.87722,360.32,289.21,0.5,0.6,2026-06-29,2030,h,55.94,N
22.32887,69.7202,351.55,286.95,0.5,0.6,2026-06-29,826,h,45.99,D
22.32656,69.72131,362.43,291.84,0.5,0.6,2026-06-29,2118,h,57.52,N
25.4216,85.97242,347.51,286.18,0.5,0.6,2026-06-29,735,h,41.74,D
28.59996,77.54512,331.78,283.68,0.5,0.6,2026-06-29,817,h,18.11,D
22.82805,69.52381,333.29,289.2,0.5,0.6,2026-06-29,2093,h,22.2,N
22.83,69.52717,345.0,290.56,0.5,0.6,2026-06-29,742,h,33.48,D
24.10381,82.67054,338.16,283.41,0.5,0.6,2026-06-29,2004,h,24.79,N
22.79698,86.19416,334.62,287.04,0.5,0.6,2026-06-29,802,h,25.07,D
22.79365,86.19725,336.94,286.98,0.5,0.6,2026-06-29,806,n,31.38,D
21.15509,72.65669,350.33,289.34,0.5,0.6,2026-06-29,785,h,37.77,D
27.31428,77.70448,342.45,290.56,0.5,0.6,2026-06-30,766,n,30.58,D
29.3765,76.8788,349.61,289.49,0.5,0.6,2026-06-30,780,h,43.0,D
22.39558,70.04114,367.0,292.1,0.5,0.6,2026-06-30,2107,h,72.01,N
22.32667,69.72114,351.79,287.88,0.5,0.6,2026-06-30,2099,h,44.78,N
25.42566,85.97569,367.0,289.04,0.5,0.6,2026-06-30,2079,h,64.06,N
28.59764,77.54283,341.73,287.26,0.5,0.6,2026-06-30,736,h,30.5,D
28.60435,77.55123,342.44,288.19,0.5,0.6,2026-06-30,785,h,36.02,D
22.82845,69.52638,331.4,291.91,0.5,0.6,2026-06-30,2037,h,21.55,N
24.10451,82.67136,340.61,292.81,0.5,0.6,2026-06-30,790,h,31.44,D
22.79655,86.19315,340.27,294.16,0.5,0.6,2026-06-30,2039,h,27.64,N
22.79399,86.19309,335.91,290.73,0.5,0.6,2026-06-30,2129,h,27.45,N
21.16056,72.65804,338.35,292.4,0.5,0.6,2026-06-30,2049,h,29.07,N
27.31618,77.70448,362.79,285.18,0.5,0.6,2026-07-01,739,h,56.11,D
29.37821,76.88108,341.06,287.17,0.5,0.6,2026-07-01,2011,h,38.18,N
29.37456,76.87947,341.72,287.02,0.5,0.6,2026-07-01,750,h,31.34,D
22.39599,70.0428,359.76,288.49,0.5,0.6,2026-07-01,2107,n,52.45,N
22.39731,70.04164,355.93,284.12,0.5,0.6,2026-07-01,2124,h,41.87,N
22.3272,69.722,359.48,297.33,0.5,0.6,2026-07-01,767,h,56.35,D
22.32822,69.72494,340.41,285.85,0.5,0.6,2026-07-01,2112,n,30.16,N
25.42478,85.97387,350.67,289.36,0.5,0.6,2026-07-01,2058,h,41.74,N
25.42604,85.97889,348.2,284.29,0.5,0.6,2026-07-01,2103,h,40.57,N
28.59953,77.54309,339.73,290.76,0.5,0.6,2026-07-01,810,n,34.28,D
28.59902,77.54543,334.16,290.91,0.5,0.6,2026-07-01,732,h,25.83,D
22.82729,69.52978,336.06,291.29,0.5,0.6,2026-07-01,2050,h,32.24,N
24.10163,82.6699,339.6,289.03,0.5,0.6,2026-07-01,2100,h,33.13,N
24.10679,82.66953,335.41,289.56,0.5,0.6,2026-07-01,2073,h,31.01,N
22.78964,86.19523,339.17,286.2,0.5,0.6,2026-07-01,2032,n,28.72,N
22.79515,86.19461,339.5,289.0,0.5,0.6,2026-07-01,808,h,23.74,D
21.15741,72.65997,345.86,291.69,0.5,0.6,2026-07-01,2068,h,46.21,N
27.31563,77.70656,341.12,292.92,0.5,0.6,2026-07-02,2064,h,37.88,N
29.37913,76.87747,353.29,286.26,0.5,0.6,2026-07-02,2069,n,50.52,N
22.39673,70.04291,340.81,286.78,0.5,0.6,2026-07-02,2014,n,36.89,N
22.32852,69.72244,343.6,290.75,0.5,0.6,2026-07-02,2001,n,35.16,N
22.33129,69.72234,341.65,288.53,0.5,0.6,2026-07-02,776,n,36.46,D
25.42289,85.97091,351.7,288.11,0.5,0.6,2026-07-02,828,h,46.13,D
24.10318,82.66806,338.22,290.61,0.5,0.6,2026-07-02,735,h,26.35,D
22.79234,86.19683,339.36,284.45,0.5,0.6,2026-07-02,2048,h,33.19,N
21.15758,72.6594,347.89,286.69,0.5,0.6,2026-07-02,793,n,35.03,D
21.16028,72.65844,359.35,286.38,0.5,0.6,2026-07-02,764,h,53.48,D
27.31403,77.70388,363.36,284.99,0.5,0.6,2026-07-03,2080,h,60.82,N
29.37798,76.879,353.51,286.19,0.5,0.6,2026-07-03,755,h,46.26,D
22.39832,70.04512,365.78,288.18,0.5,0.6,2026-07-03,785,h,59.88,D
22.39989,70.04016,353.8,290.04,0.5,0.6,2026-07-03,780,h,53.24,D
22.32871,69.7269,352.51,288.48,0.5,0.6,2026-07-03,732,h,43.98,D
22.32589,69.71711,349.54,291.94,0.5,0.6,2026-07-03,2034,h,49.95,N
25.42358,85.9755,362.56,284.0,0.5,0.6,2026-07-03,805,h,55.18,D
28.59638,77.54785,335.89,287.59,0.5,0.6,2026-07-03,767,h,27.9,D
22.82757,69.52587,337.8,283.79,0.5,0.6,2026-07-03,761,h,31.22,D
22.8281,69.52779,336.72,291.51,0.5,0.6,2026-07-03,2010,n,29.08,N
24.1052,82.66449,341.66,289.14,0.5,0.6,2026-07-03,789,n,29.98,D
24.10641,82.67032,342.18,286.8,0.5,0.6,2026-07-03,799,h,30.62,D
22.79585,86.19586,338.08,286.22,0.5,0.6,2026-07-03,2107,h,29.49,N
22.79405,86.1997,331.95,289.13,0.5,0.6,2026-07-03,2124,h,20.6,N
21.16036,72.65693,334.65,289.99,0.5,0.6,2026-07-03,805,h,21.0,D
21.15471,72.65952,343.32,287.92,0.5,0.6,2026-07-03,796,h,36.64,D
27.31165,77.70536,338.69,287.92,0.5,0.6,2026-07-04,811,h,34.48,D
27.31221,77.70441,357.27,288.56,0.5,0.6,2026-07-04,810,h,48.47,D
29.37959,76.87622,352.85,290.15,0.5,0.6,2026-07-04,2083,h,47.97,N
29.3785,76.87694,346.84,286.49,0.5,0.6,2026-07-04,2112,h,39.68,N
22.39611,70.04651,356.27,284.82,0.5,0.6,2026-07-04,800,h,49.37,D
22.32707,69.72284,351.17,288.85,0.5,0.6,2026-07-04,798,n,50.23,D
22.32662,69.72288,333.93,292.9,0.5,0.6,2026-07-04,2011,h,23.65,N
25.42504,85.976,339.7,288.08,0.5,0.6,2026-07-04,771,h,33.53,D
25.42267,85.97405,362.09,286.93,0.5,0.6,2026-07-04,771,n,58.46,D
22.82442,69.52916,341.11,286.58,0.5,0.6,2026-07-04,2112,h,37.19,N
22.8313,69.52616,333.98,289.63,0.5,0.6,2026-07-04,786,n,20.83,D
24.10525,82.66993,354.94,287.06,0.5,0.6,2026-07-04,805,h,48.25,D
21.15765,72.6594,358.79,287.08,0.5,0.6,2026-07-04,2110,h,50.1,N
21.16049,72.6605,344.65,285.01,0.5,0.6,2026-07-04,739,h,35.75,D
27.31504,77.70665,355.54,290.74,0.5,0.6,2026-07-05,824,h,49.45,D
29.37934,76.874,347.36,286.8,0.5,0.6,2026-07-05,2094,h,37.63,N
29.37682,76.87593,346.64,292.61,0.5,0.6,2026-07-05,2030,h,41.11,N
22.39687,70.04168,367.0,290.84,0.5,0.6,2026-07-05,791,n,71.44,D
22.39569,70.04171,347.4,290.21,0.5,0.6,2026-07-05,2076,h,38.15,N
22.33076,69.72476,351.97,286.91,0.5,0.6,2026-07-05,759,h,38.74,D
25.42349,85.97274,340.87,285.33,0.5,0.6,2026-07-05,2117,h,36.41,N
25.42773,85.97537,344.83,290.27,0.5,0.6,2026-07-05,2037,h,39.79,N
28.60456,77.54375,342.78,285.05,0.5,0.6,2026-07-05,2059,n,33.55,N
28.60082,77.5422,344.27,287.29,0.5,0.6,2026-07-05,749,h,33.8,D
22.83078,69.52546,331.35,293.51,0.5,0.6,2026-07-05,816,h,26.4,D
24.10249,82.67207,346.73,286.08,0.5,0.6,2026-07-05,796,n,38.65,D
24.10309,82.66999,337.99,285.73,0.5,0.6,2026-07-05,2123,n,34.49,N
22.7948,86.1938,347.72,291.84,0.5,0.6,2026-07-05,817,h,39.27,D
22.79499,86.1988,330.17,287.77,0.5,0.6,2026-07-05,2043,h,19.09,N
21.16107,72.66101,335.78,287.55,0.5,0.6,2026-07-05,2107,h,32.04,N
27.3162,77.707,358.54,289.37,0.5,0.6,2026-07-06,2008,h,50.11,N
29.37944,76.8755,356.79,289.11,0.5,0.6,2026-07-06,2044,h,53.89,N
29.37874,76.87951,358.87,283.5,0.5,0.6,2026-07-06,2113,h,59.15,N
22.39401,70.04542,359.69,284.91,0.5,0.6,2026-07-06,821,h,61.98,D
22.39603,70.03795,340.98,289.87,0.5,0.6,2026-07-06,2066,h,31.5,N
22.32797,69.71936,353.27,287.09,0.5,0.6,2026-07-06,799,n,55.4,D
25.42353,85.97142,349.86,286.75,0.5,0.6,2026-07-06,2108,n,43.89,N
25.42059,85.97295,351.81,287.55,0.5,0.6,2026-07-06,805,n,46.42,D
28.6022,77.54653,339.29,289.34,0.5,0.6,2026-07-06,2055,n,26.26,N
22.82978,69.52468,345.16,292.19,0.5,0.6,2026-07-06,731,h,35.37,D
22.82891,69.52733,340.47,287.58,0.5,0.6,2026-07-06,2093,h,36.83,N
24.10361,82.67197,336.82,287.71,0.5,0.6,2026-07-06,2024,h,24.55,N
22.79103,86.1948,335.47,292.61,0.5,0.6,2026-07-06,2010,n,19.72,N
21.15693,72.66088,333.52,282.62,0.5,0.6,2026-07-06,2042,h,23.89,N
21.1571,72.65767,335.89,291.85,0.5,0.6,2026-07-06,762,n,25.95,D
27.31394,77.70257,356.79,285.6,0.5,0.6,2026-07-07,827,h,50.29,D
27.31601,77.70641,353.71,287.99,0.5,0.6,2026-07-07,2033,h,49.38,N
29.37818,76.87525,344.32,285.5,0.5,0.6,2026-07-07,752,h,33.74,D
29.37614,76.88021,341.3,285.75,0.5,0.6,2026-07-07,783,h,32.87,D
22.39463,70.04061,352.69,287.73,0.5,0.6,2026-07-07,2109,n,41.58,N
22.39681,70.04311,335.39,291.21,0.5,0.6,2026-07-07,2116,h,31.43,N
22.32595,69.72052,347.9,286.01,0.5,0.6,2026-07-07,2054,n,39.69,N
22.33026,69.72339,354.88,286.29,0.5,0.6,2026-07-07,754,h,50.38,D
25.42185,85.97392,341.46,285.97,0.5,0.6,2026-07-07,753,h,34.58,D
25.4204,85.97561,350.18,290.92,0.5,0.6,2026-07-07,2065,n,46.69,N
28.60047,77.54639,336.41,286.22,0.5,0.6,2026-07-07,815,h,33.71,D
28.60441,77.54493,347.8,288.43,0.5,0.6,2026-07-07,809,h,37.98,D
22.82886,69.52917,342.29,285.4,0.5,0.6,2026-07-07,805,h,30.48,D
22.82936,69.52697,342.91,288.35,0.5,0.6,2026-07-07,738,h,36.18,D
24.09943,82.66839,338.67,291.06,0.5,0.6,2026-07-07,2028,h,31.0,N
21.15487,72.65726,350.27,288.14,0.5,0.6,2026-07-07,780,h,42.8,D
27.31545,77.7058,353.71,286.46,0.5,0.6,2026-07-08,781,h,46.47,D
27.31359,77.70647,342.89,286.77,0.5,0.6,2026-07-08,2117,h,39.89,N
29.37766,76.8773,360.93,291.03,0.5,0.6,2026-07-08,2039,n,57.21,N
29.37875,76.87914,342.69,287.24,0.5,0.6,2026-07-08,2048,h,33.73,N
22.39527,70.04429,348.8,288.57,0.5,0.6,2026-07-08,2062,n,46.5,N
22.39558,70.04371,361.31,286.62,0.5,0.6,2026-07-08,2122,h,64.4,N
22.33248,69.72055,335.52,288.43,0.5,0.6,2026-07-08,2028,h,30.0,N
22.32811,69.72465,352.44,287.31,0.5,0.6,2026-07-08,787,h,48.91,D
25.42337,85.97075,341.83,292.36,0.5,0.6,2026-07-08,2090,n,28.53,N
25.42044,85.97552,346.09,288.61,0.5,0.6,2026-07-08,823,h,44.68,D
28.59869,77.54127,348.94,286.43,0.5,0.6,2026-07-08,2060,h,38.48,N
22.82883,69.52728,340.42,284.8,0.5,0.6,2026-07-08,786,h,33.39,D
22.82663,69.52952,328.98,295.98,0.5,0.6,2026-07-08,738,h,20.29,D
24.10453,82.67412,349.02,286.09,0.5,0.6,2026-07-08,2029,n,33.65,N
24.10335,82.67128,338.09,289.46,0.5,0.6,2026-07-08,2129,h,29.18,N
21.15855,72.6588,341.21,286.47,0.5,0.6,2026-07-08,749,h,38.12,D
21.15549,72.65797,344.66,286.0,0.5,0.6,2026-07-08,2024,n,38.65,N
27.31177,77.70684,361.18,289.19,0.5,0.6,2026-07-09,757,h,61.31,D
27.31225,77.70574,360.69,288.2,0.5,0.6,2026-07-09,2042,h,60.67,N
29.37768,76.87485,353.47,294.19,0.5,0.6,2026-07-09,823,n,41.54,D
22.39768,70.04493,357.25,285.15,0.5,0.6,2026-07-09,2060,h,57.76,N
22.39488,70.04328,355.9,288.76,0.5,0.6,2026-07-09,2025,h,46.55,N
22.32929,69.72404,350.48,283.97,0.5,0.6,2026-07-09,2064,n,45.82,N
25.42306,85.97177,351.73,286.73,0.5,0.6,2026-07-09,2081,h,47.93,N
25.4239,85.96909,343.49,287.58,0.5,0.6,2026-07-09,811,h,39.36,D
28.6003,77.54585,337.53,287.94,0.5,0.6,2026-07-09,823,h,29.01,D
22.82848,69.53289,338.75,284.21,0.5,0.6,2026-07-09,2028,h,29.69,N
22.8293,69.52865,341.35,289.47,0.5,0.6,2026-07-09,743,h,36.68,D
24.10157,82.67064,341.79,287.96,0.5,0.6,2026-07-09,822,h,33.98,D
24.10412,82.66927,346.74,283.39,0.5,0.6,2026-07-09,817,h,37.25,D
22.79439,86.19542,334.85,293.87,0.5,0.6,2026-07-09,2069,h,29.18,N
22.79004,86.19495,334.04,291.08,0.5,0.6,2026-07-09,761,n,21.3,D
21.15819,72.65614,339.58,284.01,0.5,0.6,2026-07-09,805,h,31.48,D
27.31753,77.70191,341.38,288.89,0.5,0.6,2026-07-10,2090,h,34.53,N
29.38035,76.87781,359.56,282.29,0.5,0.6,2026-07-10,2064,n,55.53,N
22.39499,70.04313,344.15,287.28,0.5,0.6,2026-07-10,828,h,37.36,D
22.32887,69.72222,359.85,288.84,0.5,0.6,2026-07-10,820,h,56.82,D
25.42468,85.97853,359.99,290.32,0.5,0.6,2026-07-10,811,h,54.18,D
25.42582,85.97417,347.79,286.7,0.5,0.6,2026-07-10,2004,h,44.52,N
22.82666,69.5265,330.6,286.45,0.5,0.6,2026-07-10,2122,n,23.26,N
24.10457,82.67246,330.4,288.57,0.5,0.6,2026-07-10,738,n,21.35,D
24.10293,82.66983,332.95,286.57,0.5,0.6,2026-07-10,790,h,26.35,D
22.79654,86.19297,342.34,289.23,0.5,0.6,2026-07-10,2122,h,32.01,N
22.79532,86.19325,339.7,290.57,0.5,0.6,2026-07-10,745,h,30.22,D
21.16096,72.65809,337.42,288.31,0.5,0.6,2026-07-10,769,h,27.83,D
27.31264,77.70253,352.39,289.51,0.5,0.6,2026-07-11,745,h,43.74,D
27.31268,77.70432,338.97,292.66,0.5,0.6,2026-07-11,813,h,33.58,D
29.37769,76.8773,363.85,290.36,0.5,0.6,2026-07-11,2061,h,55.96,N
22.39927,70.0396,367.0,286.6,0.5,0.6,2026-07-11,2006,h,77.39,N
22.39491,70.04215,345.36,287.34,0.5,0.6,2026-07-11,2085,h,41.45,N
22.32544,69.72534,356.63,288.03,0.5,0.6,2026-07-11,763,h,49.8,D
22.33128,69.72193,358.93,285.2,0.5,0.6,2026-07-11,2062,h,52.27,N
25.42332,85.97318,353.26,293.58,0.5,0.6,2026-07-11,2023,h,51.14,N
25.42529,85.97599,351.46,294.71,0.5,0.6,2026-07-11,792,n,49.35,D
28.60001,77.54361,336.83,286.95,0.5,0.6,2026-07-11,781,h,30.41,D
28.60164,77.54422,331.64,285.53,0.5,0.6,2026-07-11,814,n,25.51,D
22.82821,69.52523,343.65,282.32,0.5,0.6,2026-07-11,2025,n,31.34,N
22.8247,69.52828,343.7,288.93,0.5,0.6,2026-07-11,2098,n,36.93,N
24.1041,82.67058,337.91,289.68,0.5,0.6,2026-07-11,2086,h,27.7,N
22.79117,86.19434,348.8,285.92,0.5,0.6,2026-07-11,2040,h,38.78,N
21.14949,72.65645,341.83,289.95,0.5,0.6,2026-07-11,2098,h,34.31,N
27.3109,77.70132,355.41,286.4,0.5,0.6,2026-07-12,2050,n,51.72,N
27.31419,77.70598,337.4,286.55,0.5,0.6,2026-07-12,825,h,26.01,D
22.39607,70.03882,351.64,291.32,0.5,0.6,2026-07-12,2045,h,44.36,N
25.41969,85.97191,350.12,289.66,0.5,0.6,2026-07-12,735,n,44.45,D
25.42083,85.97481,350.14,291.66,0.5,0.6,2026-07-12,2018,n,44.89,N
28.59862,77.54424,334.1,287.86,0.5,0.6,2026-07-12,736,h,28.29,D
22.82988,69.52781,343.69,286.25,0.5,0.6,2026-07-12,2016,h,30.71,N
22.82898,69.52966,330.76,286.25,0.5,0.6,2026-07-12,771,h,24.98,D
22.79055,86.19415,341.82,288.27,0.5,0.6,2026-07-12,2101,h,27.24,N
21.16016,72.6595,327.8,284.42,0.5,0.6,2026-07-12,2027,h,20.68,N
21.15957,72.6588,338.48,291.57,0.5,0.6,2026-07-12,825,h,31.12,D
27.3164,77.70685,361.8,283.72,0.5,0.6,2026-07-13,780,h,59.04,D
29.38077,76.87702,332.08,291.57,0.5,0.6,2026-07-13,2125,h,25.73,N
29.3765,76.87559,367.0,285.53,0.5,0.6,2026-07-13,771,h,75.54,D
22.39771,70.03966,363.52,289.82,0.5,0.6,2026-07-13,2021,h,61.97,N
22.32634,69.72215,361.73,285.12,0.5,0.6,2026-07-13,739,n,61.43,D
22.3259,69.72221,353.84,285.54,0.5,0.6,2026-07-13,802,h,46.82,D
25.42259,85.97466,343.08,287.08,0.5,0.6,2026-07-13,2075,h,35.55,N
25.41922,85.97281,332.96,293.24,0.5,0.6,2026-07-13,748,n,33.75,D
28.59915,77.54763,340.05,288.12,0.5,0.6,2026-07-13,796,n,31.45,D
28.59794,77.54667,341.69,287.84,0.5,0.6,2026-07-13,812,h,33.9,D
22.82666,69.52997,346.93,287.99,0.5,0.6,2026-07-13,2107,h,44.2,N
22.82723,69.52819,342.51,285.62,0.5,0.6,2026-07-13,770,n,28.43,D
22.79522,86.19674,325.96,289.99,0.5,0.6,2026-07-13,754,h,17.8,D
21.15927,72.65981,342.7,283.84,0.5,0.6,2026-07-13,2078,h,30.67,N
27.31282,77.70583,349.14,291.93,0.5,0.6,2026-07-14,2077,h,40.45,N
29.37779,76.87768,336.94,286.41,0.5,0.6,2026-07-14,2105,h,26.65,N
29.37124,76.87898,353.71,287.45,0.5,0.6,2026-07-14,798,n,47.18,D
22.39657,70.0457,343.9,293.08,0.5,0.6,2026-07-14,818,h,37.53,D
22.39554,70.04397,351.38,288.52,0.5,0.6,2026-07-14,779,h,51.23,D
22.32872,69.72108,351.2,295.04,0.5,0.6,2026-07-14,2028,n,48.77,N
22.32999,69.72102,335.65,288.25,0.5,0.6,2026-07-14,2110,h,34.11,N
25.42562,85.97108,358.51,289.55,0.5,0.6,2026-07-14,732,h,55.92,D
28.60178,77.543,333.08,284.0,0.5,0.6,2026-07-14,2058,h,23.65,N
22.83014,69.52915,337.58,287.86,0.5,0.6,2026-07-14,793,h,29.47,D
22.82615,69.52585,341.36,286.28,0.5,0.6,2026-07-14,2076,n,32.09,N
24.09974,82.67137,333.13,287.78,0.5,0.6,2026-07-14,749,h,21.73,D
24.10606,82.66742,339.66,287.95,0.5,0.6,2026-07-14,2026,n,36.19,N
22.79295,86.19851,341.82,288.9,0.5,0.6,2026-07-14,2058,h,29.49,N
21.15852,72.66011,330.86,290.34,0.5,0.6,2026-07-14,739,h,21.04,D
21.15965,72.6588,346.08,287.32,0.5,0.6,2026-07-14,793,h,35.59,D
27.31251,77.70863,358.78,285.53,0.5,0.6,2026-07-15,2031,h,52.43,N
27.31387,77.70783,361.77,288.2,0.5,0.6,2026-07-15,780,n,58.06,D
29.37814,76.87538,339.0,286.44,0.5,0.6,2026-07-15,809,h,26.65,D
29.37682,76.87785,355.76,287.0,0.5,0.6,2026-07-15,781,h,51.98,D
22.39495,70.04203,367.0,294.49,0.5,0.6,2026-07-15,2065,h,64.4,N
22.39596,70.04229,351.05,287.3,0.5,0.6,2026-07-15,768,h,48.78,D
22.32496,69.72286,342.13,290.83,0.5,0.6,2026-07-15,771,h,40.73,D
25.42078,85.97297,365.66,291.84,0.5,0.6,2026-07-15,2120,h,59.0,N
28.59931,77.54205,332.48,286.44,0.5,0.6,2026-07-15,755,h,29.33,D
22.82973,69.52679,333.61,291.45,0.5,0.6,2026-07-15,2085,h,26.93,N
24.10796,82.67289,333.63,289.2,0.5,0.6,2026-07-15,803,n,25.16,D
22.79176,86.19591,329.85,284.6,0.5,0.6,2026-07-15,2015,h,25.99,N
27.31307,77.70649,360.34,288.88,0.5,0.6,2026-07-16,774,h,57.47,D
27.31292,77.70459,341.86,284.38,0.5,0.6,2026-07-16,809,n,30.81,D
29.37763,76.8779,355.15,290.95,0.5,0.6,2026-07-16,2033,h,49.85,N
29.37715,76.87651,355.7,282.79,0.5,0.6,2026-07-16,2007,n,49.27,N
22.32642,69.7209,367.0,285.24,0.5,0.6,2026-07-16,785,n,62.34,D
22.32642,69.71594,350.8,288.4,0.5,0.6,2026-07-16,2019,h,48.79,N
25.42659,85.97199,367.0,290.03,0.5,0.6,2026-07-16,828,h,57.65,D
28.59809,77.54858,335.4,291.4,0.5,0.6,2026-07-16,806,h,22.87,D
22.82831,69.52617,336.07,289.85,0.5,0.6,2026-07-16,748,h,24.29,D
22.83034,69.5271,354.79,288.41,0.5,0.6,2026-07-16,734,n,50.24,D
24.10655,82.67018,341.39,293.83,0.5,0.6,2026-07-16,777,h,40.23,D
24.10429,82.6677,333.57,287.33,0.5,0.6,2026-07-16,2023,h,16.37,N
21.15733,72.65549,348.37,285.96,0.5,0.6,2026-07-16,740,n,37.58,D
21.15889,72.66194,336.14,287.47,0.5,0.6,2026-07-16,2104,h,27.67,N
27.314,77.70387,344.51,288.51,0.5,0.6,2026-07-17,768,h,35.94,D
22.39696,70.03851,360.95,288.24,0.5,0.6,2026-07-17,733,h,58.56,D
22.32885,69.71819,367.0,280.93,0.5,0.6,2026-07-17,737,h,74.87,D
25.41871,85.97692,349.08,289.03,0.5,0.6,2026-07-17,2017,n,50.97,N
28.59935,77.54671,337.78,288.77,0.5,0.6,2026-07-17,2057,h,36.54,N
22.83069,69.52727,340.82,291.85,0.5,0.6,2026-07-17,2034,h,29.38,N
24.10011,82.66836,346.3,285.87,0.5,0.6,2026-07-17,2094,h,33.3,N
22.79467,86.19161,334.2,288.97,0.5,0.6,2026-07-17,2006,n,24.76,N
21.15958,72.65785,351.21,290.9,0.5,0.6,2026-07-17,738,h,45.53,D
21.15779,72.65693,336.27,283.65,0.5,0.6,2026-07-17,2000,h,26.01,N
27.3126,77.70427,347.22,284.65,0.5,0.6,2026-07-18,801,h,40.26,D
27.31261,77.69979,352.09,288.73,0.5,0.6,2026-07-18,2055,h,49.02,N
29.3803,76.87356,338.37,282.92,0.5,0.6,2026-07-18,786,h,32.31,D
29.37782,76.87757,344.58,290.67,0.5,0.6,2026-07-18,733,n,40.92,D
22.39449,70.04295,356.22,286.96,0.5,0.6,2026-07-18,2107,h,51.79,N
22.32533,69.72108,363.1,290.68,0.5,0.6,2026-07-18,2124,h,58.15,N
25.42562,85.97396,353.83,290.1,0.5,0.6,2026-07-18,2093,h,48.33,N
28.60041,77.54435,342.22,282.86,0.5,0.6,2026-07-18,738,n,30.32,D
28.59944,77.54312,338.71,290.24,0.5,0.6,2026-07-18,741,h,31.24,D
24.10216,82.67287,335.84,288.9,0.5,0.6,2026-07-18,806,h,29.72,D
24.10727,82.67056,348.51,285.6,0.5,0.6,2026-07-18,2028,h,43.45,N
22.79241,86.19625,337.46,286.2,0.5,0.6,2026-07-18,771,h,28.7,D
22.79117,86.19416,345.22,291.16,0.5,0.6,2026-07-18,2099,h,38.1,N
21.15869,72.65706,334.47,295.63,0.5,0.6,2026-07-18,2111,n,26.45,N
21.1614,72.65724,333.82,291.35,0.5,0.6,2026-07-18,2008,n,30.4,N
29.37742,76.88067,356.11,291.71,0.5,0.6,2026-07-19,2068,h,47.89,N
22.39985,70.04351,347.62,289.17,0.5,0.6,2026-07-19,745,h,34.66,D
22.33021,69.71749,361.71,290.51,0.5,0.6,2026-07-19,778,h,58.01,D
25.42481,85.97776,352.88,286.31,0.5,0.6,2026-07-19,2106,n,52.29,N
24.10149,82.67223,334.23,287.05,0.5,0.6,2026-07-19,757,h,26.84,D
22.79682,86.19353,345.02,277.74,0.5,0.6,2026-07-19,771,h,34.51,D
21.16089,72.65899,346.73,292.29,0.5,0.6,2026-07-19,737,h,35.99,D
21.15653,72.65749,339.62,284.96,0.5,0.6,2026-07-19,2044,h,30.97,N
29.3783,76.87823,361.69,294.67,0.5,0.6,2026-07-20,809,h,55.67,D
29.37834,76.87547,341.8,283.27,0.5,0.6,2026-07-20,2099,n,33.47,N
22.39384,70.04374,344.87,289.4,0.5,0.6,2026-07-20,790,h,39.01,D
22.39526,70.03845,345.29,290.66,0.5,0.6,2026-07-20,2062,h,49.5,N
22.32675,69.72635,336.0,293.56,0.5,0.6,2026-07-20,2083,h,33.39,N
22.3291,69.72026,350.92,294.44,0.5,0.6,2026-07-20,812,h,37.53,D
28.59448,77.54585,344.97,290.43,0.5,0.6,2026-07-20,779,h,37.4,D
28.60037,77.54655,338.01,283.28,0.5,0.6,2026-07-20,2037,h,29.73,N
22.82532,69.52783,340.19,291.11,0.5,0.6,2026-07-20,740,h,34.13,D
22.8284,69.52973,342.12,286.43,0.5,0.6,2026-07-20,2032,h,37.45,N
24.10736,82.66875,339.77,288.81,0.5,0.6,2026-07-20,2124,n,32.57,N
24.10275,82.67132,342.64,285.52,0.5,0.6,2026-07-20,2053,h,31.25,N
22.79464,86.19237,350.71,280.16,0.5,0.6,2026-07-20,743,h,37.66,D
21.15816,72.65694,330.03,285.77,0.5,0.6,2026-07-20,2069,h,23.25,N
29.37659,76.87687,346.88,292.1,0.5,0.6,2026-07-21,792,n,37.32,D
29.37836,76.88105,350.71,288.37,0.5,0.6,2026-07-21,2110,h,43.12,N
22.39466,70.04072,344.32,291.04,0.5,0.6,2026-07-21,2005,h,38.02,N
22.39653,70.04112,367.0,288.01,0.5,0.6,2026-07-21,764,h,62.42,D
25.42083,85.9725,356.35,290.02,0.5,0.6,2026-07-21,2014,h,40.79,N
28.59934,77.54701,333.02,289.43,0.5,0.6,2026-07-21,782,h,21.05,D
22.82737,69.52902,340.8,292.78,0.5,0.6,2026-07-21,736,h,26.25,D
22.82863,69.52898,336.64,289.06,0.5,0.6,2026-07-21,2005,h,28.53,N
22.79399,86.19285,338.12,286.82,0.5,0.6,2026-07-21,736,h,24.98,D
21.15657,72.66195,342.02,288.09,0.5,0.6,2026-07-21,2079,h,31.75,N
21.15615,72.65868,342.44,292.62,0.5,0.6,2026-07-21,2084,n,38.76,N
27.31588,77.70628,350.48,289.05,0.5,0.6,2026-07-22,2063,h,42.26,N
29.3812,76.8775,345.86,292.97,0.5,0.6,2026-07-22,733,h,32.41,D
22.39338,70.03936,349.64,286.26,0.5,0.6,2026-07-22,2061,h,45.05,N
22.32704,69.72384,351.22,292.66,0.5,0.6,2026-07-22,2069,n,44.22,N
25.42508,85.97163,354.66,290.68,0.5,0.6,2026-07-22,794,h,49.34,D
25.4278,85.97713,366.59,286.71,0.5,0.6,2026-07-22,733,n,61.76,D
28.60108,77.54645,340.95,281.53,0.5,0.6,2026-07-22,804,h,32.79,D
28.59816,77.54578,330.5,287.99,0.5,0.6,2026-07-22,768,h,22.07,D
22.82515,69.52811,345.26,291.95,0.5,0.6,2026-07-22,812,n,38.07,D
22.82693,69.52508,335.35,292.54,0.5,0.6,2026-07-22,747,h,21.7,D
22.79296,86.19017,351.74,284.69,0.5,0.6,2026-07-22,2054,h,46.1,N
21.15863,72.65989,330.18,290.52,0.5,0.6,2026-07-22,2116,h,21.58,N
27.31301,77.70148,358.57,287.47,0.5,0.6,2026-07-23,807,h,50.47,D
27.3129,77.70482,354.72,290.03,0.5,0.6,2026-07-23,753,h,50.07,D
29.37967,76.88004,342.68,287.22,0.5,0.6,2026-07-23,2058,h,41.0,N
22.39426,70.04091,335.82,288.14,0.5,0.6,2026-07-23,807,h,28.0,D
22.39485,70.04089,357.94,297.5,0.5,0.6,2026-07-23,2116,h,53.68,N
22.33112,69.724,335.15,287.59,0.5,0.6,2026-07-23,809,h,29.02,D
22.32823,69.71824,354.35,290.62,0.5,0.6,2026-07-23,2005,n,46.45,N
25.42253,85.97704,355.7,292.07,0.5,0.6,2026-07-23,2041,n,44.97,N
28.60119,77.54709,330.76,290.6,0.5,0.6,2026-07-23,760,h,20.02,D
28.59789,77.54531,347.23,291.18,0.5,0.6,2026-07-23,2008,h,42.56,N
22.82574,69.53089,330.53,283.12,0.5,0.6,2026-07-23,731,h,25.22,D
22.8293,69.52753,345.97,291.08,0.5,0.6,2026-07-23,793,h,40.15,D
24.10152,82.67083,337.89,289.58,0.5,0.6,2026-07-23,2023,n,28.08,N
24.10285,82.66622,338.2,284.4,0.5,0.6,2026-07-23,773,h,35.33,D
21.15993,72.65876,331.95,292.53,0.5,0.6,2026-07-23,780,h,23.68,D
21.15991,72.65893,341.25,293.1,0.5,0.6,2026-07-23,2042,h,32.62,N
27.31763,77.70523,349.37,283.93,0.5,0.6,2026-07-24,2069,h,42.67,N
29.37891,76.88118,346.32,293.85,0.5,0.6,2026-07-24,2039,h,48.44,N
29.37848,76.8781,347.63,295.76,0.5,0.6,2026-07-24,806,n,45.74,D
22.39774,70.04089,356.08,280.99,0.5,0.6,2026-07-24,2046,n,49.76,N
22.3955,70.046,364.29,287.07,0.5,0.6,2026-07-24,2094,h,62.44,N
22.33108,69.72406,363.93,285.98,0.5,0.6,2026-07-24,2026,h,60.78,N
25.42171,85.976,344.99,294.2,0.5,0.6,2026-07-24,2074,h,39.92,N
28.59707,77.54612,336.06,287.86,0.5,0.6,2026-07-24,2039,n,24.11,N
22.82664,69.52528,333.38,290.73,0.5,0.6,2026-07-24,818,h,18.71,D
24.10386,82.66928,335.08,289.68,0.5,0.6,2026-07-24,794,h,23.5,D
22.79125,86.19179,332.85,288.95,0.5,0.6,2026-07-24,807,n,22.87,D
22.79483,86.19625,331.42,289.54,0.5,0.6,2026-07-24,2043,n,23.86,N
27.31265,77.70736,352.68,286.25,0.5,0.6,2026-07-25,2008,n,43.28,N
27.31799,77.70312,354.65,283.76,0.5,0.6,2026-07-25,2037,h,47.34,N
29.37615,76.87557,366.14,286.88,0.5,0.6,2026-07-25,746,n,66.05,D
22.39348,70.04424,351.64,286.97,0.5,0.6,2026-07-25,2076,h,48.72,N
22.32745,69.72469,365.7,286.41,0.5,0.6,2026-07-25,774,h,62.65,D
22.82702,69.52837,337.95,288.27,0.5,0.6,2026-07-25,787,h,32.91,D
24.10206,82.6717,334.33,286.88,0.5,0.6,2026-07-25,818,n,23.46,D
24.10266,82.66847,343.6,291.81,0.5,0.6,2026-07-25,2014,h,32.65,N
22.79246,86.19692,340.74,289.27,0.5,0.6,2026-07-25,818,n,30.17,D
27.31431,77.70327,334.19,287.76,0.5,0.6,2026-07-26,2078,h,25.85,N
29.37855,76.87778,348.9,290.24,0.5,0.6,2026-07-26,2091,h,36.09,N
29.37522,76.87667,366.22,288.81,0.5,0.6,2026-07-26,764,n,62.71,D
22.39262,70.04067,351.78,287.03,0.5,0.6,2026-07-26,2107,h,43.92,N
22.39504,70.04018,342.9,291.91,0.5,0.6,2026-07-26,804,h,34.38,D
22.3307,69.72168,350.11,289.78,0.5,0.6,2026-07-26,762,h,45.29,D
22.32754,69.719,349.99,288.71,0.5,0.6,2026-07-26,2008,h,44.46,N
25.42171,85.97273,358.29,284.51,0.5,0.6,2026-07-26,817,h,58.98,D
28.59843,77.54731,337.63,290.22,0.5,0.6,2026-07-26,795,h,31.09,D
28.59846,77.54991,334.19,286.85,0.5,0.6,2026-07-26,2016,h,27.58,N
22.83054,69.52963,336.09,289.8,0.5,0.6,2026-07-26,2054,h,26.84,N
22.82814,69.52794,334.08,291.16,0.5,0.6,2026-07-26,756,n,26.01,D
24.10462,82.67179,348.99,284.72,0.5,0.6,2026-07-26,2108,n,42.13,N
24.10111,82.66766,340.12,284.62,0.5,0.6,2026-07-26,768,n,36.25,D
21.15547,72.66126,342.48,287.07,0.5,0.6,2026-07-26,2063,h,31.8,N
27.31439,77.70612,354.34,287.57,0.5,0.6,2026-07-27,741,n,53.1,D
27.31492,77.70425,355.79,286.19,0.5,0.6,2026-07-27,2125,h,57.98,N
29.37537,76.87881,347.77,287.11,0.5,0.6,2026-07-27,789,h,46.46,D
22.39385,70.03946,343.41,288.39,0.5,0.6,2026-07-27,2114,h,33.24,N
22.32739,69.71994,367.0,292.77,0.5,0.6,2026-07-27,812,h,68.68,D
25.424,85.97291,352.22,283.93,0.5,0.6,2026-07-27,2050,n,49.29,N
28.59822,77.54591,326.98,288.12,0.5,0.6,2026-07-27,745,h,20.53,D
28.59952,77.54288,346.72,287.48,0.5,0.6,2026-07-27,2022,h,40.33,N
22.82828,69.52892,339.71,285.53,0.5,0.6,2026-07-27,2041,h,27.65,N
22.82792,69.53014,356.15,289.41,0.5,0.6,2026-07-27,743,n,51.84,D
24.10066,82.67429,342.38,294.96,0.5,0.6,2026-07-27,802,h,38.44,D
24.10371,82.66989,351.85,286.46,0.5,0.6,2026-07-27,782,n,36.92,D
21.15648,72.65597,342.22,292.4,0.5,0.6,2026-07-27,2114,h,35.06,N
21.15524,72.65452,343.14,287.21,0.5,0.6,2026-07-27,755,h,36.91,D
27.31188,77.70558,362.96,291.01,0.5,0.6,2026-07-28,744,h,60.36,D
29.38211,76.87847,346.12,285.39,0.5,0.6,2026-07-28,2109,h,38.82,N
29.37639,76.8805,341.93,284.44,0.5,0.6,2026-07-28,798,n,37.16,D
22.39804,70.04133,365.14,284.71,0.5,0.6,2026-07-28,2078,h,65.02,N
22.32821,69.72263,366.37,289.48,0.5,0.6,2026-07-28,2062,h,63.22,N
25.42082,85.97292,352.55,286.2,0.5,0.6,2026-07-28,819,h,39.03,D
25.42192,85.97514,345.7,289.88,0.5,0.6,2026-07-28,785,h,37.6,D
28.6,77.55114,330.42,287.4,0.5,0.6,2026-07-28,821,h,28.73,D
22.83232,69.52864,344.26,285.39,0.5,0.6,2026-07-28,2038,h,28.59,N
24.10494,82.67391,332.99,288.11,0.5,0.6,2026-07-28,2108,h,30.71,N
22.79374,86.19268,331.53,289.43,0.5,0.6,2026-07-28,780,h,22.68,D
21.15874,72.65637,338.47,282.29,0.5,0.6,2026-07-28,2087,h,32.24,N
21.15662,72.65909,342.71,286.35,0.5,0.6,2026-07-28,2052,h,32.61,N
27.31199,77.70454,343.55,282.46,0.5,0.6,2026-07-29,2117,h,43.18,N
29.37613,76.87523,342.46,287.83,0.5,0.6,2026-07-29,2121,h,36.61,N
22.32399,69.72325,367.0,288.81,0.5,0.6,2026-07-29,804,n,66.22,D
22.32978,69.72448,367.0,284.59,0.5,0.6,2026-07-29,2125,h,71.23,N
25.42454,85.97189,349.91,295.03,0.5,0.6,2026-07-29,811,h,44.94,D
28.59905,77.54379,340.42,289.73,0.5,0.6,2026-07-29,821,n,35.39,D
22.82806,69.52794,337.17,283.45,0.5,0.6,2026-07-29,2040,h,30.69,N
22.82851,69.52558,346.33,290.28,0.5,0.6,2026-07-29,2079,h,37.36,N
22.79215,86.19181,344.53,287.97,0.5,0.6,2026-07-29,745,h,40.7,D
22.79637,86.19643,345.93,291.33,0.5,0.6,2026-07-29,823,h,38.96,D
21.15534,72.65588,334.49,284.29,0.5,0.6,2026-07-29,2110,n,28.94,N
21.15864,72.65836,353.83,288.72,0.5,0.6,2026-07-29,2025,n,50.56,N
27.31539,77.70351,361.17,291.49,0.5,0.6,2026-07-30,781,h,61.46,D
27.31297,77.70604,367.0,286.81,0.5,0.6,2026-07-30,2007,h,67.76,N
29.37755,76.87976,367.0,288.03,0.5,0.6,2026-07-30,777,h,70.69,D
29.38001,76.87842,347.89,291.46,0.5,0.6,2026-07-30,811,h,39.82,D
22.39422,70.04003,351.9,291.07,0.5,0.6,2026-07-30,778,n,46.88,D
22.39449,70.04025,360.09,286.89,0.5,0.6,2026-07-30,761,h,54.75,D
22.32829,69.72228,344.41,291.17,0.5,0.6,2026-07-30,821,h,35.18,D
25.42126,85.97312,346.47,287.62,0.5,0.6,2026-07-30,2045,n,39.97,N
25.42418,85.9775,348.21,287.08,0.5,0.6,2026-07-30,745,h,43.16,D
22.82907,69.52683,337.42,285.67,0.5,0.6,2026-07-30,2034,n,27.86,N
22.82563,69.52861,330.06,286.01,0.5,0.6,2026-07-30,747,h,22.84,D
24.10633,82.6739,338.21,287.72,0.5,0.6,2026-07-30,749,h,27.0,D
22.7949,86.19228,336.72,288.28,0.5,0.6,2026-07-30,2095,n,33.63,N
21.15878,72.65986,337.27,282.21,0.5,0.6,2026-07-30,805,h,29.58,D
27.3104,77.70066,351.99,286.44,0.5,0.6,2026-07-31,2036,h,47.68,N
29.3781,76.87833,353.87,289.04,0.5,0.6,2026-07-31,828,h,50.78,D
22.39477,70.04012,349.77,285.33,0.5,0.6,2026-07-31,2011,h,41.77,N
22.39745,70.04341,358.67,292.13,0.5,0.6,2026-07-31,2117,h,56.64,N
25.4235,85.97285,343.43,290.11,0.5,0.6,2026-07-31,765,h,40.73,D
25.42732,85.97431,362.28,286.72,0.5,0.6,2026-07-31,2116,h,58.12,N
28.60016,77.54833,341.98,289.42,0.5,0.6,2026-07-31,775,h,31.91,D
22.82896,69.52923,339.07,290.88,0.5,0.6,2026-07-31,734,h,28.93,D
24.10707,82.6696,340.28,286.77,0.5,0.6,2026-07-31,2061,h,32.82,N
22.79378,86.19391,339.06,292.47,0.5,0.6,2026-07-31,802,h,28.68,D
22.79645,86.19378,327.69,290.44,0.5,0.6,2026-07-31,758,n,20.64,D
21.15665,72.65609,337.96,287.12,0.5,0.6,2026-07-31,743,h,26.56,D
21.15922,72.65883,333.1,290.87,0.5,0.6,2026-07-31,2062,n,26.21,N
27.31486,77.70674,357.48,292.86,0.5,0.6,2026-08-01,796,h,52.62,D
29.37989,76.87457,343.31,287.88,0.5,0.6,2026-08-01,809,n,40.35,D
29.37715,76.87781,364.75,284.44,0.5,0.6,2026-08-01,749,h,53.38,D
22.39881,70.04266,346.96,291.38,0.5,0.6,2026-08-01,2056,n,38.26,N
22.39577,70.0422,349.11,291.97,0.5,0.6,2026-08-01,742,h,44.5,D
22.32797,69.72289,352.43,293.29,0.5,0.6,2026-08-01,2078,h,46.43,N
25.42343,85.97386,361.7,285.86,0.5,0.6,2026-08-01,2030,h,56.55,N
25.42336,85.97158,359.24,292.25,0.5,0.6,2026-08-01,2001,h,53.24,N
28.59692,77.54387,339.18,285.52,0.5,0.6,2026-08-01,794,h,32.1,D
22.82879,69.52383,333.37,283.85,0.5,0.6,2026-08-01,816,h,21.41,D
22.82811,69.53025,335.53,285.55,0.5,0.6,2026-08-01,786,h,25.74,D
24.10334,82.67082,346.45,287.78,0.5,0.6,2026-08-01,2005,h,37.66,N
22.7967,86.19472,343.29,287.72,0.5,0.6,2026-08-01,2020,h,33.12,N
22.79228,86.19182,334.65,287.57,0.5,0.6,2026-08-01,748,h,29.65,D
21.15658,72.65974,342.98,286.24,0.5,0.6,2026-08-01,2117,h,28.4,N
21.15885,72.6604,347.95,287.43,0.5,0.6,2026-08-01,2075,h,32.41,N
27.31567,77.70555,330.82,286.27,0.5,0.6,2026-08-02,2016,h,20.03,N
27.31441,77.70298,344.54,286.06,0.5,0.6,2026-08-02,782,h,31.17,D
29.37846,76.87479,336.96,286.66,0.5,0.6,2026-08-02,2103,h,29.26,N
22.32872,69.72266,347.58,287.42,0.5,0.6,2026-08-02,817,h,43.21,D
25.42053,85.97374,338.69,290.38,0.5,0.6,2026-08-02,2122,h,35.24,N
25.42183,85.97442,341.17,286.02,0.5,0.6,2026-08-02,743,h,32.43,D
28.60089,77.54585,340.55,285.31,0.5,0.6,2026-08-02,765,h,30.8,D
28.59929,77.54635,336.56,284.44,0.5,0.6,2026-08-02,2014,h,27.39,N
22.83092,69.52608,333.54,287.97,0.5,0.6,2026-08-02,2074,h,17.49,N
24.10294,82.67065,352.01,291.29,0.5,0.6,2026-08-02,792,h,41.44,D
22.79407,86.19548,354.73,291.21,0.5,0.6,2026-08-02,2099,h,47.0,N
21.15961,72.65879,334.61,289.13,0.5,0.6,2026-08-02,2112,h,20.41,N
21.15897,72.6606,337.72,285.67,0.5,0.6,2026-08-02,829,n,26.65,D
27.31286,77.70324,355.14,282.24,0.5,0.6,2026-08-03,763,h,49.17,D
29.37791,76.87695,359.25,285.11,0.5,0.6,2026-08-03,2099,h,61.87,N
22.39381,70.04114,345.93,286.65,0.5,0.6,2026-08-03,763,h,36.76,D
22.39564,70.04224,333.53,282.45,0.5,0.6,2026-08-03,2073,n,30.88,N
22.32998,69.72374,345.2,282.25,0.5,0.6,2026-08-03,2067,h,41.51,N
22.32501,69.72226,340.21,286.99,0.5,0.6,2026-08-03,2013,h,31.02,N
25.42228,85.97193,352.51,287.25,0.5,0.6,2026-08-03,2097,h,39.41,N
28.60146,77.54514,342.34,286.52,0.5,0.6,2026-08-03,2123,h,32.25,N
22.82682,69.5316,333.2,292.52,0.5,0.6,2026-08-03,732,n,24.22,D
24.104,82.66829,341.24,284.13,0.5,0.6,2026-08-03,2077,n,35.71,N
22.79194,86.19674,328.38,287.03,0.5,0.6,2026-08-03,741,h,21.25,D
21.15666,72.65598,330.89,284.49,0.5,0.6,2026-08-03,778,h,22.77,D
27.31165,77.70621,367.0,283.59,0.5,0.6,2026-08-04,734,h,67.18,D
27.31125,77.70616,353.32,281.29,0.5,0.6,2026-08-04,754,h,45.76,D
29.37537,76.87777,365.86,288.81,0.5,0.6,2026-08-04,2041,n,67.89,N
22.39639,70.04179,343.44,285.27,0.5,0.6,2026-08-04,760,n,31.42,D
22.32552,69.7229,366.16,283.67,0.5,0.6,2026-08-04,757,h,63.56,D
22.32407,69.71953,339.19,294.49,0.5,0.6,2026-08-04,2127,h,29.81,N
28.60432,77.54682,341.46,287.56,0.5,0.6,2026-08-04,734,h,32.85,D
28.59895,77.54625,341.55,295.2,0.5,0.6,2026-08-04,752,n,29.34,D
22.83283,69.52463,335.14,290.85,0.5,0.6,2026-08-04,2124,n,34.85,N
22.82266,69.52797,340.19,286.14,0.5,0.6,2026-08-04,2033,h,31.72,N
24.10384,82.66655,341.33,292.85,0.5,0.6,2026-08-04,2112,h,31.35,N
22.79685,86.19123,341.43,292.38,0.5,0.6,2026-08-04,2129,n,30.21,N
21.15845,72.65658,343.71,289.94,0.5,0.6,2026-08-04,814,h,29.15,D
27.31548,77.70377,361.35,283.84,0.5,0.6,2026-08-05,779,h,54.97,D
27.31032,77.70345,352.57,290.75,0.5,0.6,2026-08-05,735,h,50.21,D
29.37799,76.87543,347.55,292.26,0.5,0.6,2026-08-05,2035,n,40.41,N
22.40015,70.04051,343.93,294.05,0.5,0.6,2026-08-05,2020,h,37.19,N
22.32797,69.72089,362.87,286.97,0.5,0.6,2026-08-05,753,h,53.31,D
25.42676,85.9739,360.34,283.79,0.5,0.6,2026-08-05,2024,h,48.3,N
25.42467,85.97289,344.05,288.03,0.5,0.6,2026-08-05,750,h,33.56,D
28.60045,77.54868,341.49,288.82,0.5,0.6,2026-08-05,2069,h,35.44,N
24.10005,82.66763,331.87,291.9,0.5,0.6,2026-08-05,799,n,22.98,D
22.79674,86.19037,342.58,289.51,0.5,0.6,2026-08-05,800,h,36.38,D
22.79126,86.19601,337.24,294.1,0.5,0.6,2026-08-05,739,h,29.52,D
21.15713,72.65679,339.06,288.47,0.5,0.6,2026-08-05,2016,h,32.37,N
27.3167,77.70595,367.0,282.72,0.5,0.6,2026-08-06,742,n,65.89,D
29.37691,76.8758,354.69,286.52,0.5,0.6,2026-08-06,740,n,46.11,D
22.39669,70.04451,341.63,291.53,0.5,0.6,2026-08-06,732,h,33.4,D
22.32756,69.72292,367.0,290.99,0.5,0.6,2026-08-06,2006,h,67.28,N
22.32771,69.72158,341.67,289.97,0.5,0.6,2026-08-06,787,h,31.62,D
28.60168,77.54678,336.27,286.41,0.5,0.6,2026-08-06,793,h,29.87,D
28.60139,77.54493,346.71,284.96,0.5,0.6,2026-08-06,742,h,33.73,D
22.82908,69.52865,342.45,290.01,0.5,0.6,2026-08-06,767,h,30.35,D
24.10404,82.6676,339.74,285.7,0.5,0.6,2026-08-06,2076,h,27.03,N
24.10405,82.66827,334.39,286.53,0.5,0.6,2026-08-06,2119,h,29.52,N
22.79627,86.19639,330.58,290.56,0.5,0.6,2026-08-06,773,h,21.97,D
22.79416,86.19033,345.62,286.83,0.5,0.6,2026-08-06,809,h,34.21,D
21.15536,72.65537,344.7,284.61,0.5,0.6,2026-08-06,2078,n,33.27,N
27.31498,77.69979,364.57,291.88,0.5,0.6,2026-08-07,770,h,62.6,D
27.31804,77.70244,349.27,287.69,0.5,0.6,2026-08-07,2097,h,46.55,N
29.37815,76.8763,348.17,289.46,0.5,0.6,2026-08-07,741,h,38.95,D
22.39543,70.0398,331.66,288.65,0.5,0.6,2026-08-07,751,h,26.69,D
22.39656,70.04283,350.56,286.38,0.5,0.6,2026-08-07,815,h,44.68,D
22.32958,69.72163,347.17,281.94,0.5,0.6,2026-08-07,2123,h,41.47,N
22.32971,69.72208,367.0,290.74,0.5,0.6,2026-08-07,2101,h,63.73,N
28.59762,77.54432,344.44,287.51,0.5,0.6,2026-08-07,795,n,34.82,D
28.6006,77.54482,348.59,285.68,0.5,0.6,2026-08-07,770,h,37.34,D
22.82789,69.52474,335.99,288.97,0.5,0.6,2026-08-07,761,h,27.02,D
22.83158,69.53019,337.46,285.97,0.5,0.6,2026-08-07,764,h,31.71,D
24.10453,82.67211,343.31,286.45,0.5,0.6,2026-08-07,777,n,39.24,D
22.79375,86.194,335.48,289.3,0.5,0.6,2026-08-07,813,h,23.7,D
22.7975,86.19447,340.06,289.41,0.5,0.6,2026-08-07,824,h,27.41,D
21.15873,72.65823,346.73,283.34,0.5,0.6,2026-08-07,821,h,35.18,D
27.30952,77.7042,358.36,284.89,0.5,0.6,2026-08-08,826,n,52.03,D
29.37815,76.87637,339.59,288.42,0.5,0.6,2026-08-08,813,h,28.18,D
29.37925,76.88004,367.0,289.15,0.5,0.6,2026-08-08,736,n,69.77,D
22.39991,70.03995,337.48,285.98,0.5,0.6,2026-08-08,733,n,25.05,D
22.32536,69.72166,351.56,288.73,0.5,0.6,2026-08-08,2084,h,48.4,N
22.33335,69.72293,351.34,287.3,0.5,0.6,2026-08-08,825,n,43.78,D
25.42203,85.97284,361.64,285.57,0.5,0.6,2026-08-08,2077,h,49.39,N
28.59907,77.55149,342.58,291.55,0.5,0.6,2026-08-08,2065,h,36.18,N
22.82556,69.52465,340.75,290.63,0.5,0.6,2026-08-08,819,h,32.91,D
22.82955,69.52741,344.83,293.63,0.5,0.6,2026-08-08,769,n,37.16,D
24.10071,82.67072,347.12,289.41,0.5,0.6,2026-08-08,790,h,48.74,D
24.10549,82.67042,352.33,287.41,0.5,0.6,2026-08-08,780,h,42.29,D
22.79662,86.1934,329.73,286.7,0.5,0.6,2026-08-08,787,h,16.38,D
22.79333,86.19946,353.47,288.72,0.5,0.6,2026-08-08,826,h,45.46,D
27.31588,77.70316,348.59,285.41,0.5,0.6,2026-08-09,2013,h,45.66,N
29.3758,76.87888,353.21,286.05,0.5,0.6,2026-08-09,2093,n,44.99,N
22.39635,70.03863,347.16,292.22,0.5,0.6,2026-08-09,750,h,39.6,D
22.39511,70.04024,341.3,291.14,0.5,0.6,2026-08-09,2041,h,34.66,N
22.32786,69.72251,340.27,290.96,0.5,0.6,2026-08-09,767,n,34.96,D
25.42126,85.97377,363.27,288.55,0.5,0.6,2026-08-09,759,n,58.37,D
28.60159,77.54576,327.93,287.14,0.5,0.6,2026-08-09,2047,h,18.29,N
22.82502,69.52747,342.75,293.19,0.5,0.6,2026-08-09,2128,h,30.96,N
22.82987,69.52885,327.61,288.43,0.5,0.6,2026-08-09,817,n,22.84,D
24.10656,82.67003,329.77,289.38,0.5,0.6,2026-08-09,2089,h,26.22,N
24.10633,82.66762,334.49,286.31,0.5,0.6,2026-08-09,2080,h,25.28,N
22.79377,86.19332,341.32,288.14,0.5,0.6,2026-08-09,795,h,33.62,D
22.79462,86.19242,345.31,289.32,0.5,0.6,2026-08-09,2051,h,42.04,N
21.16111,72.65763,342.74,289.21,0.5,0.6,2026-08-09,767,n,37.4,D
27.31266,77.71015,341.18,288.86,0.5,0.6,2026-08-10,824,h,31.85,D
29.38175,76.87673,347.7,285.6,0.5,0.6,2026-08-10,2076,h,43.37,N
22.39407,70.04261,351.27,285.72,0.5,0.6,2026-08-10,2113,n,45.24,N
22.32462,69.72606,357.1,289.01,0.5,0.6,2026-08-10,2129,h,51.95,N
22.32658,69.7209,336.83,289.99,0.5,0.6,2026-08-10,2012,h,28.67,N
25.42565,85.96955,360.09,287.13,0.5,0.6,2026-08-10,770,h,48.56,D
25.42037,85.97273,344.3,290.34,0.5,0.6,2026-08-10,738,h,33.14,D
28.60439,77.54717,340.46,286.75,0.5,0.6,2026-08-10,773,h,34.71,D
28.60183,77.54716,334.5,287.22,0.5,0.6,2026-08-10,804,h,20.09,D
22.82699,69.52624,335.22,288.97,0.5,0.6,2026-08-10,2066,n,22.29,N
22.8281,69.52653,340.01,290.65,0.5,0.6,2026-08-10,2094,n,24.85,N
24.10422,82.67024,340.91,284.88,0.5,0.6,2026-08-10,792,h,31.13,D
24.10269,82.67062,352.37,284.65,0.5,0.6,2026-08-10,2102,h,50.42,N
22.7939,86.19712,337.83,289.03,0.5,0.6,2026-08-10,2063,h,28.9,N
21.15602,72.65948,331.81,288.58,0.5,0.6,2026-08-10,2065,h,24.29,N
27.31704,77.70389,350.15,286.66,0.5,0.6,2026-08-11,2024,h,41.85,N
27.31474,77.70269,342.14,284.28,0.5,0.6,2026-08-11,2105,n,38.16,N
22.39535,70.03955,359.8,288.04,0.5,0.6,2026-08-11,785,h,49.01,D
22.32319,69.72056,355.46,287.54,0.5,0.6,2026-08-11,812,n,46.51,D
22.331,69.72065,334.22,289.81,0.5,0.6,2026-08-11,751,h,30.8,D
25.42559,85.97324,341.37,286.8,0.5,0.6,2026-08-11,814,h,34.34,D
28.59963,77.54486,330.37,285.45,0.5,0.6,2026-08-11,2066,h,19.28,N
24.10521,82.67056,340.73,290.37,0.5,0.6,2026-08-11,746,h,32.52,D
24.10349,82.67203,328.52,287.58,0.5,0.6,2026-08-11,2109,n,23.25,N
22.79015,86.19323,330.55,285.96,0.5,0.6,2026-08-11,2122,h,16.96,N
22.79084,86.18945,351.09,287.12,0.5,0.6,2026-08-11,737,h,41.22,D
21.15559,72.66048,331.98,280.08,0.5,0.6,2026-08-11,2055,n,22.6,N
21.16052,72.65605,343.85,288.38,0.5,0.6,2026-08-11,2024,n,36.46,N
27.31502,77.7002,367.0,286.99,0.5,0.6,2026-08-12,2018,h,68.46,N
27.31174,77.70475,350.86,292.45,0.5,0.6,2026-08-12,824,h,44.13,D
29.37797,76.87803,347.88,295.49,0.5,0.6,2026-08-12,2105,h,43.26,N
29.37572,76.87977,351.24,290.71,0.5,0.6,2026-08-12,814,h,43.63,D
22.39464,70.03971,367.0,282.51,0.5,0.6,2026-08-12,2123,n,64.71,N
22.32692,69.72393,363.71,287.35,0.5,0.6,2026-08-12,730,h,55.23,D
22.32984,69.72385,354.89,284.79,0.5,0.6,2026-08-12,804,h,52.65,D
25.42826,85.97559,343.34,290.15,0.5,0.6,2026-08-12,2112,n,38.13,N
25.42309,85.97418,336.36,284.47,0.5,0.6,2026-08-12,2125,n,31.8,N
22.82891,69.52626,337.69,286.34,0.5,0.6,2026-08-12,758,h,24.57,D
24.10158,82.66962,353.49,283.93,0.5,0.6,2026-08-12,2031,n,40.12,N
24.10264,82.66842,346.11,295.57,0.5,0.6,2026-08-12,2067,n,36.24,N
22.7939,86.19309,335.97,289.13,0.5,0.6,2026-08-12,2009,n,31.45,N
22.79571,86.19588,344.99,289.73,0.5,0.6,2026-08-12,787,h,31.47,D
21.15534,72.65831,330.73,284.73,0.5,0.6,2026-08-12,796,h,24.36,D
27.32031,77.70624,365.33,288.28,0.5,0.6,2026-08-13,2008,h,56.81,N
29.37923,76.87976,340.64,293.11,0.5,0.6,2026-08-13,799,n,33.02,D
22.32836,69.72242,348.68,285.5,0.5,0.6,2026-08-13,790,h,44.07,D
25.42541,85.97509,367.0,290.47,0.5,0.6,2026-08-13,763,h,64.0,D
25.42518,85.97536,365.36,288.68,0.5,0.6,2026-08-13,740,h,64.68,D
28.59993,77.54555,327.92,288.54,0.5,0.6,2026-08-13,2035,h,20.88,N
22.8273,69.52758,339.37,291.19,0.5,0.6,2026-08-13,2032,h,31.89,N
22.82637,69.53013,345.3,289.2,0.5,0.6,2026-08-13,2093,h,42.99,N
24.10552,82.67222,344.76,287.91,0.5,0.6,2026-08-13,2004,h,40.75,N
22.79467,86.19074,332.23,290.31,0.5,0.6,2026-08-13,2114,n,23.48,N
22.79264,86.19532,335.43,288.82,0.5,0.6,2026-08-13,784,n,21.43,D
21.15831,72.65769,330.46,284.37,0.5,0.6,2026-08-13,801,n,20.19,D
27.31223,77.70271,339.08,288.22,0.5,0.6,2026-08-14,742,h,38.11,D
27.31108,77.70159,357.62,282.35,0.5,0.6,2026-08-14,2016,n,53.19,N
29.37849,76.87809,343.16,287.14,0.5,0.6,2026-08-14,738,h,35.11,D
22.39536,70.04056,356.79,294.25,0.5,0.6,2026-08-14,739,h,50.48,D
22.32548,69.71999,362.02,290.2,0.5,0.6,2026-08-14,2042,h,53.45,N
25.42451,85.97658,339.04,288.11,0.5,0.6,2026-08-14,788,h,36.44,D
25.42127,85.97545,332.43,289.86,0.5,0.6,2026-08-14,2013,h,27.32,N
28.59793,77.5454,337.84,285.77,0.5,0.6,2026-08-14,2016,n,27.49,N
24.10521,82.66999,331.57,288.25,0.5,0.6,2026-08-14,758,h,28.45,D
24.10244,82.66664,341.98,292.17,0.5,0.6,2026-08-14,2014,h,33.6,N
22.79648,86.19785,344.71,289.31,0.5,0.6,2026-08-14,2039,h,34.18,N
27.31405,77.7044,350.42,287.45,0.5,0.6,2026-08-15,788,n,43.35,D
27.31395,77.70458,353.89,291.39,0.5,0.6,2026-08-15,2057,h,47.87,N
29.3805,76.87968,343.77,285.77,0.5,0.6,2026-08-15,761,h,38.77,D
22.39761,70.04259,350.15,288.94,0.5,0.6,2026-08-15,2040,h,51.88,N
22.32585,69.72051,336.6,284.95,0.5,0.6,2026-08-15,776,h,31.33,D
22.3262,69.71827,344.22,292.38,0.5,0.6,2026-08-15,760,h,40.7,D
25.42352,85.97715,346.31,286.77,0.5,0.6,2026-08-15,2029,h,35.26,N
28.59913,77.5422,341.52,283.51,0.5,0.6,2026-08-15,2039,n,32.72,N
22.83023,69.52881,340.64,288.82,0.5,0.6,2026-08-15,816,h,29.0,D
24.0991,82.67227,337.65,292.99,0.5,0.6,2026-08-15,2000,h,26.44,N
22.7984,86.19391,350.21,288.1,0.5,0.6,2026-08-15,791,n,45.27,D
21.15757,72.65703,350.92,292.68,0.5,0.6,2026-08-15,816,h,39.65,D
27.31161,77.70172,342.3,290.65,0.5,0.6,2026-08-16,737,h,37.64,D
29.37709,76.88049,343.4,292.13,0.5,0.6,2026-08-16,826,h,39.6,D
29.38378,76.87778,359.12,282.86,0.5,0.6,2026-08-16,2016,n,61.41,N
22.39342,70.04175,342.88,284.98,0.5,0.6,2026-08-16,2069,n,38.31,N
22.39599,70.03846,356.55,287.31,0.5,0.6,2026-08-16,2006,h,51.03,N
22.32539,69.72218,348.67,290.55,0.5,0.6,2026-08-16,2007,h,42.18,N
25.42501,85.97326,351.67,292.18,0.5,0.6,2026-08-16,750,h,46.34,D
25.42592,85.97668,355.93,291.91,0.5,0.6,2026-08-16,2086,h,48.69,N
28.6034,77.54512,345.12,282.41,0.5,0.6,2026-08-16,2023,h,30.46,N
22.82726,69.52805,343.16,281.03,0.5,0.6,2026-08-16,2023,h,31.84,N
22.82787,69.52806,329.86,288.65,0.5,0.6,2026-08-16,758,h,24.38,D
24.10389,82.67003,336.35,287.3,0.5,0.6,2026-08-16,769,n,28.21,D
22.79564,86.19669,334.69,284.68,0.5,0.6,2026-08-16,802,n,29.56,D
21.15879,72.65806,333.49,290.84,0.5,0.6,2026-08-16,2002,h,26.87,N
27.31172,77.70473,344.53,293.33,0.5,0.6,2026-08-17,752,h,41.47,D
29.38189,76.875,353.53,286.59,0.5,0.6,2026-08-17,771,h,43.19,D
29.37861,76.87682,343.35,289.96,0.5,0.6,2026-08-17,2112,h,41.12,N
22.3974,70.04003,344.8,286.83,0.5,0.6,2026-08-17,2040,h,38.97,N
22.33001,69.72314,348.94,290.0,0.5,0.6,2026-08-17,783,h,38.53,D
25.42099,85.97199,354.31,290.41,0.5,0.6,2026-08-17,760,h,53.54,D
25.42215,85.97435,361.92,289.45,0.5,0.6,2026-08-17,2106,h,58.28,N
28.59483,77.54539,344.14,292.94,0.5,0.6,2026-08-17,820,h,32.45,D
24.10477,82.66854,347.2,289.71,0.5,0.6,2026-08-17,2081,h,49.22,N
24.10064,82.67121,349.22,290.42,0.5,0.6,2026-08-17,815,h,41.95,D
22.79637,86.19073,337.23,293.71,0.5,0.6,2026-08-17,2086,h,25.74,N
21.15933,72.65733,338.18,294.77,0.5,0.6,2026-08-17,743,h,31.09,D
21.16038,72.66154,329.23,287.12,0.5,0.6,2026-08-17,2084,h,24.63,N
27.31234,77.70384,367.0,281.84,0.5,0.6,2026-08-18,2037,h,76.26,N
27.31502,77.7068,366.44,289.04,0.5,0.6,2026-08-18,776,h,63.05,D
29.37852,76.87701,343.35,288.71,0.5,0.6,2026-08-18,2069,h,33.71,N
29.38105,76.88239,365.07,283.09,0.5,0.6,2026-08-18,730,n,61.55,D
22.3977,70.04512,345.21,285.56,0.5,0.6,2026-08-18,2080,n,35.2,N
22.32882,69.72378,361.84,289.08,0.5,0.6,2026-08-18,2000,h,60.99,N
25.42512,85.97369,356.09,286.72,0.5,0.6,2026-08-18,770,h,46.77,D
25.42362,85.97205,340.39,290.06,0.5,0.6,2026-08-18,2047,n,37.68,N
22.82922,69.52957,367.0,281.52,0.5,0.6,2026-08-18,815,h,68.59,D
22.82804,69.52766,335.74,289.12,0.5,0.6,2026-08-18,2122,h,28.86,N
24.10396,82.66937,342.58,287.32,0.5,0.6,2026-08-18,783,h,34.79,D
21.15936,72.6611,333.38,287.69,0.5,0.6,2026-08-18,810,h,21.75,D
29.37514,76.87918,341.89,288.18,0.5,0.6,2026-08-19,2077,n,36.02,N
25.42352,85.97325,333.02,290.41,0.5,0.6,2026-08-19,732,h,29.34,D
28.59717,77.54743,335.39,287.11,0.5,0.6,2026-08-19,2055,h,24.65,N
28.59531,77.54549,340.71,283.65,0.5,0.6,2026-08-19,2089,h,27.78,N
22.82443,69.52775,346.95,288.3,0.5,0.6,2026-08-19,741,h,43.98,D
22.82902,69.52514,330.77,287.51,0.5,0.6,2026-08-19,2097,h,26.06,N
24.10866,82.67042,336.05,285.11,0.5,0.6,2026-08-19,2009,h,27.72,N
24.10213,82.66907,341.36,282.24,0.5,0.6,2026-08-19,2053,h,33.42,N
22.78943,86.1956,337.0,290.63,0.5,0.6,2026-08-19,2079,h,33.07,N
22.79271,86.19096,351.14,285.58,0.5,0.6,2026-08-19,2001,h,50.98,N
21.16001,72.65874,332.45,288.7,0.5,0.6,2026-08-19,773,h,19.75,D
29.37995,76.87716,358.12,286.33,0.5,0.6,2026-08-20,768,h,52.72,D
29.37803,76.87764,350.39,292.65,0.5,0.6,2026-08-20,780,h,45.31,D
22.39485,70.04077,360.81,282.95,0.5,0.6,2026-08-20,2018,h,56.96,N
22.39739,70.04105,351.72,287.56,0.5,0.6,2026-08-20,801,h,45.99,D
22.32849,69.72058,351.53,291.45,0.5,0.6,2026-08-20,2094,h,49.5,N
25.42315,85.97537,344.8,289.74,0.5,0.6,2026-08-20,2102,n,35.26,N
22.82909,69.52726,346.53,286.63,0.5,0.6,2026-08-20,804,h,33.6,D
24.10394,82.67416,344.01,287.89,0.5,0.6,2026-08-20,825,n,33.33,D
24.10581,82.66989,343.46,288.42,0.5,0.6,2026-08-20,793,h,31.9,D
22.7939,86.19457,343.8,287.79,0.5,0.6,2026-08-20,772,n,32.2,D
22.79474,86.19363,354.45,287.22,0.5,0.6,2026-08-20,826,h,50.63,D
21.15829,72.65837,336.15,288.29,0.5,0.6,2026-08-20,733,h,28.33,D
21.16091,72.65771,336.71,289.69,0.5,0.6,2026-08-20,2112,h,31.13,N
27.30987,77.70832,343.48,285.81,0.5,0.6,2026-08-21,759,h,34.57,D
29.37546,76.87717,362.3,285.11,0.5,0.6,2026-08-21,787,h,53.48,D
29.37401,76.88072,341.73,288.78,0.5,0.6,2026-08-21,789,h,35.05,D
22.39376,70.04073,347.05,283.02,0.5,0.6,2026-08-21,2116,n,35.49,N
22.32757,69.7206,351.84,290.87,0.5,0.6,2026-08-21,2126,n,47.74,N
25.42555,85.9763,348.57,290.53,0.5,0.6,2026-08-21,747,h,41.81,D
28.5984,77.54819,333.58,286.01,0.5,0.6,2026-08-21,766,h,24.95,D
22.82687,69.53005,344.75,290.85,0.5,0.6,2026-08-21,2081,n,30.99,N
24.10296,82.6745,344.93,289.54,0.5,0.6,2026-08-21,2094,h,33.73,N
27.31448,77.70276,351.42,290.65,0.5,0.6,2026-08-22,2017,h,43.55,N
27.31518,77.70669,367.0,287.12,0.5,0.6,2026-08-22,2122,n,62.33,N
29.37908,76.87998,337.43,288.35,0.5,0.6,2026-08-22,2087,h,32.07,N
29.3761,76.88108,347.85,287.51,0.5,0.6,2026-08-22,2024,n,42.11,N
22.39546,70.04291,342.1,291.54,0.5,0.6,2026-08-22,805,h,31.69,D
22.32993,69.72061,351.8,293.36,0.5,0.6,2026-08-22,792,n,44.19,D
25.42666,85.97234,353.22,283.48,0.5,0.6,2026-08-22,2027,n,47.67,N
25.42348,85.974,358.12,286.0,0.5,0.6,2026-08-22,2008,n,53.7,N
22.82609,69.53439,354.41,290.55,0.5,0.6,2026-08-22,810,h,48.72,D
24.10651,82.67254,351.26,294.5,0.5,0.6,2026-08-22,820,h,44.33,D
24.10307,82.66741,356.83,289.56,0.5,0.6,2026-08-22,740,h,49.81,D
22.7937,86.19012,350.39,291.72,0.5,0.6,2026-08-22,2042,h,45.82,N
22.79567,86.19346,344.29,287.56,0.5,0.6,2026-08-22,796,h,34.07,D
21.16118,72.65981,340.08,287.76,0.5,0.6,2026-08-22,2097,h,24.46,N
27.31224,77.70411,352.43,282.67,0.5,0.6,2026-08-23,825,h,50.62,D
27.31492,77.7053,348.27,286.87,0.5,0.6,2026-08-23,801,h,36.08,D
29.37912,76.87857,358.69,287.28,0.5,0.6,2026-08-23,2045,n,57.34,N
29.38007,76.87967,343.2,288.41,0.5,0.6,2026-08-23,2083,n,32.52,N
22.32948,69.72724,352.38,288.41,0.5,0.6,2026-08-23,799,h,49.33,D
22.3281,69.72411,353.07,283.13,0.5,0.6,2026-08-23,760,h,43.31,D
25.42469,85.9761,358.23,290.64,0.5,0.6,2026-08-23,748,h,52.56,D
28.60083,77.54877,339.31,288.4,0.5,0.6,2026-08-23,2052,h,32.76,N
28.60066,77.54544,335.42,285.99,0.5,0.6,2026-08-23,2021,n,29.02,N
22.82464,69.53045,346.84,286.35,0.5,0.6,2026-08-23,2039,h,41.82,N
24.10815,82.66929,347.05,282.98,0.5,0.6,2026-08-23,808,h,38.74,D
24.10693,82.67301,345.01,287.56,0.5,0.6,2026-08-23,794,h,32.96,D
21.15652,72.65716,346.65,288.48,0.5,0.6,2026-08-23,2058,h,36.21,N
27.31344,77.70345,367.0,289.52,0.5,0.6,2026-08-24,763,h,73.45,D
29.37409,76.88166,346.56,291.67,0.5,0.6,2026-08-24,2040,h,41.11,N
29.37809,76.87994,345.61,280.75,0.5,0.6,2026-08-24,796,n,36.28,D
22.39405,70.0399,357.72,285.34,0.5,0.6,2026-08-24,756,n,51.26,D
22.39524,70.03941,351.76,287.82,0.5,0.6,2026-08-24,2039,n,44.58,N
22.3274,69.72749,349.91,286.57,0.5,0.6,2026-08-24,2024,n,48.39,N
25.42771,85.97417,343.46,285.32,0.5,0.6,2026-08-24,2043,h,40.15,N
25.42557,85.97283,360.89,289.94,0.5,0.6,2026-08-24,782,h,55.52,D
28.6008,77.54813,343.2,284.13,0.5,0.6,2026-08-24,824,h,30.84,D
28.59985,77.54609,331.97,286.03,0.5,0.6,2026-08-24,2002,n,24.93,N
22.82833,69.53159,346.62,289.09,0.5,0.6,2026-08-24,779,n,36.76,D
22.8282,69.53184,334.59,290.09,0.5,0.6,2026-08-24,802,n,29.48,D
24.10657,82.67046,340.77,281.93,0.5,0.6,2026-08-24,2080,h,27.76,N
22.79227,86.19628,329.5,284.21,0.5,0.6,2026-08-24,735,h,16.22,D
21.15444,72.65889,354.9,286.1,0.5,0.6,2026-08-24,828,h,52.03,D
27.31239,77.70663,338.91,283.64,0.5,0.6,2026-08-25,2053,h,37.08,N
27.31162,77.70704,365.59,280.35,0.5,0.6,2026-08-25,2092,h,62.39,N
29.37645,76.87838,340.23,285.6,0.5,0.6,2026-08-25,2068,h,31.64,N
29.37616,76.88186,342.86,289.5,0.5,0.6,2026-08-25,817,h,33.84,D
22.39683,70.04165,344.92,287.47,0.5,0.6,2026-08-25,775,h,38.02,D
22.39318,70.03994,352.57,291.59,0.5,0.6,2026-08-25,773,n,55.4,D
22.32755,69.72519,367.0,291.43,0.5,0.6,2026-08-25,2011,n,61.87,N
22.32577,69.72233,346.96,286.5,0.5,0.6,2026-08-25,806,h,40.58,D
25.42436,85.97704,359.19,286.52,0.5,0.6,2026-08-25,792,h,57.19,D
25.42268,85.97106,348.25,286.76,0.5,0.6,2026-08-25,780,n,40.27,D
28.60176,77.54567,332.89,288.26,0.5,0.6,2026-08-25,2066,h,26.56,N
22.82849,69.52853,348.14,285.39,0.5,0.6,2026-08-25,804,h,34.31,D
22.82508,69.52866,340.38,289.88,0.5,0.6,2026-08-25,806,n,28.53,D
24.10677,82.6702,336.24,290.37,0.5,0.6,2026-08-25,2008,h,27.09,N
22.79485,86.19027,339.45,282.1,0.5,0.6,2026-08-25,2007,h,30.82,N
22.79417,86.19318,328.44,285.1,0.5,0.6,2026-08-25,2029,h,20.72,N
21.15691,72.65827,335.21,288.16,0.5,0.6,2026-08-25,753,h,27.45,D
21.15519,72.65769,345.09,286.7,0.5,0.6,2026-08-25,767,h,33.43,D
27.31441,77.70128,365.62,285.29,0.5,0.6,2026-08-26,2044,h,61.31,N
27.3122,77.70157,339.63,290.2,0.5,0.6,2026-08-26,771,h,31.66,D
29.37643,76.87856,356.18,289.68,0.5,0.6,2026-08-26,2068,h,46.37,N
29.3764,76.87636,351.86,288.84,0.5,0.6,2026-08-26,765,h,45.17,D
22.39717,70.04452,349.21,291.24,0.5,0.6,2026-08-26,744,h,43.3,D
22.39237,70.04568,337.95,290.65,0.5,0.6,2026-08-26,2087,h,29.32,N
25.42253,85.97516,353.04,283.12,0.5,0.6,2026-08-26,2041,h,48.6,N
22.82969,69.52604,330.05,288.58,0.5,0.6,2026-08-26,2076,h,24.62,N
22.83182,69.52987,341.89,289.64,0.5,0.6,2026-08-26,2020,n,42.02,N
24.10132,82.6684,338.1,285.88,0.5,0.6,2026-08-26,821,n,26.73,D
24.10047,82.67045,342.7,286.5,0.5,0.6,2026-08-26,791,h,33.07,D
22.79404,86.19252,345.41,291.54,0.5,0.6,2026-08-26,793,h,39.01,D
22.7927,86.19336,343.07,285.98,0.5,0.6,2026-08-26,2002,n,34.24,N
21.15716,72.65656,337.22,290.09,0.5,0.6,2026-08-26,742,h,28.05,D
21.15828,72.65665,339.73,291.01,0.5,0.6,2026-08-26,750,h,28.78,D
27.31215,77.70359,365.1,284.36,0.5,0.6,2026-08-27,2057,h,60.91,N
29.37575,76.87714,367.0,292.65,0.5,0.6,2026-08-27,777,h,63.89,D
29.37816,76.88006,352.32,286.16,0.5,0.6,2026-08-27,2110,h,53.65,N
22.39598,70.0426,351.2,291.35,0.5,0.6,2026-08-27,739,n,44.87,D
22.39602,70.04057,352.24,284.02,0.5,0.6,2026-08-27,2106,h,39.68,N
22.32808,69.72283,347.6,289.34,0.5,0.6,2026-08-27,2075,h,44.11,N
22.32503,69.72407,351.26,289.48,0.5,0.6,2026-08-27,748,n,42.22,D
28.60162,77.5438,343.64,282.71,0.5,0.6,2026-08-27,797,h,36.64,D
28.59984,77.54647,329.81,285.99,0.5,0.6,2026-08-27,828,h,16.86,D
22.82766,69.53155,338.9,286.54,0.5,0.6,2026-08-27,820,n,33.19,D
24.10133,82.67086,338.44,287.27,0.5,0.6,2026-08-27,2103,h,27.2,N
22.78999,86.19366,337.73,288.19,0.5,0.6,2026-08-27,791,h,36.65,D
21.15659,72.66021,338.03,284.07,0.5,0.6,2026-08-27,759,h,30.62,D
21.15683,72.65588,350.05,286.66,0.5,0.6,2026-08-27,754,h,40.34,D
27.31408,77.70658,338.13,295.82,0.5,0.6,2026-08-28,797,h,37.59,D
27.31242,77.70127,346.44,287.2,0.5,0.6,2026-08-28,2038,h,46.78,N
29.37875,76.87419,355.46,287.07,0.5,0.6,2026-08-28,751,h,43.35,D
29.37584,76.87868,359.72,288.36,0.5,0.6,2026-08-28,750,n,61.82,D
22.39712,70.04062,361.47,286.11,0.5,0.6,2026-08-28,2079,h,60.11,N
22.39698,70.04388,358.61,289.79,0.5,0.6,2026-08-28,775,h,53.01,D
22.32475,69.72266,367.0,286.18,0.5,0.6,2026-08-28,2011,n,67.64,N
22.32539,69.72463,340.72,290.88,0.5,0.6,2026-08-28,2101,n,33.52,N
25.42423,85.97443,348.99,283.35,0.5,0.6,2026-08-28,781,h,45.85,D
28.59817,77.54112,331.86,288.55,0.5,0.6,2026-08-28,2030,n,28.19,N
28.59888,77.54399,339.17,284.94,0.5,0.6,2026-08-28,2100,n,30.33,N
22.82775,69.52697,338.87,291.01,0.5,0.6,2026-08-28,796,h,26.25,D
22.8273,69.52758,345.73,289.29,0.5,0.6,2026-08-28,785,n,35.7,D
24.10089,82.67119,341.02,285.51,0.5,0.6,2026-08-28,812,h,30.82,D
22.79252,86.19501,327.07,293.18,0.5,0.6,2026-08-28,2124,h,24.89,N
22.79268,86.19239,336.69,288.53,0.5,0.6,2026-08-28,2013,h,26.17,N
21.16094,72.65537,333.27,295.17,0.5,0.6,2026-08-28,2007,h,24.43,N
21.15903,72.65855,343.73,288.51,0.5,0.6,2026-08-28,784,h,35.7,D
27.31299,77.70307,346.8,290.92,0.5,0.6,2026-08-29,752,h,36.83,D
29.38141,76.87637,367.0,292.72,0.5,0.6,2026-08-29,2100,h,66.5,N
29.37795,76.88058,353.08,289.91,0.5,0.6,2026-08-29,2013,n,46.82,N
22.32939,69.71792,357.42,283.69,0.5,0.6,2026-08-29,754,h,53.7,D
25.42042,85.97394,343.58,290.75,0.5,0.6,2026-08-29,751,h,43.18,D
28.60103,77.54857,338.92,280.94,0.5,0.6,2026-08-29,765,h,26.71,D
24.10278,82.67136,341.97,288.19,0.5,0.6,2026-08-29,788,h,29.0,D
22.79421,86.19386,345.08,285.51,0.5,0.6,2026-08-29,2016,h,40.1,N
21.15752,72.66112,339.71,283.74,0.5,0.6,2026-08-29,2088,h,28.95,N
27.31738,77.70283,341.76,288.14,0.5,0.6,2026-08-30,818,h,35.08,D
29.37847,76.87929,354.84,286.53,0.5,0.6,2026-08-30,769,h,42.03,D
29.37467,76.87861,359.68,285.37,0.5,0.6,2026-08-30,2022,h,60.17,N
22.39662,70.04331,355.79,284.83,0.5,0.6,2026-08-30,786,h,50.89,D
22.32873,69.72184,335.13,285.88,0.5,0.6,2026-08-30,757,h,27.56,D
25.42368,85.97402,362.22,292.17,0.5,0.6,2026-08-30,2128,h,54.37,N
28.60011,77.54551,332.9,290.03,0.5,0.6,2026-08-30,808,h,17.61,D
22.82815,69.52529,336.46,284.33,0.5,0.6,2026-08-30,740,h,30.2,D
24.10207,82.67128,333.55,289.58,0.5,0.6,2026-08-30,2020,h,24.36,N
21.15924,72.65897,345.82,286.96,0.5,0.6,2026-08-30,796,h,39.41,D
27.31463,77.70693,343.26,286.76,0.5,0.6,2026-08-31,785,h,40.26,D
29.37688,76.87564,366.87,283.52,0.5,0.6,2026-08-31,2093,h,57.94,N
22.39645,70.04118,357.63,288.07,0.5,0.6,2026-08-31,829,h,53.06,D
22.39565,70.04373,359.79,284.96,0.5,0.6,2026-08-31,785,h,52.66,D
22.33259,69.72122,349.19,286.38,0.5,0.6,2026-08-31,811,h,41.05,D
22.32788,69.7259,350.75,291.09,0.5,0.6,2026-08-31,2116,h,45.52,N
28.59895,77.54514,340.22,285.01,0.5,0.6,2026-08-31,2009,h,29.19,N
28.5977,77.54391,340.11,285.71,0.5,0.6,2026-08-31,736,h,30.98,D
22.8302,69.52461,342.81,287.59,0.5,0.6,2026-08-31,2079,h,32.52,N
24.1054,82.67064,336.83,288.19,0.5,0.6,2026-08-31,2105,h,28.11,N
22.79171,86.19022,333.31,291.82,0.5,0.6,2026-08-31,2060,h,22.44,N
22.79212,86.18884,340.42,287.24,0.5,0.6,2026-08-31,738,n,28.77,D
21.15763,72.65927,339.23,285.18,0.5,0.6,2026-08-31,2010,h,29.4,N
27.3068,77.70496,358.49,289.44,0.5,0.6,2026-09-01,731,h,57.41,D
27.31791,77.70359,350.99,287.11,0.5,0.6,2026-09-01,810,h,47.32,D
29.37968,76.87903,347.46,291.09,0.5,0.6,2026-09-01,2046,n,43.43,N
22.39606,70.0415,366.4,288.12,0.5,0.6,2026-09-01,750,h,60.53,D
22.39589,70.04321,361.62,285.52,0.5,0.6,2026-09-01,2121,h,60.39,N
22.32738,69.72265,346.18,287.18,0.5,0.6,2026-09-01,740,n,39.04,D
22.32849,69.72072,355.66,282.84,0.5,0.6,2026-09-01,2075,n,51.97,N
25.42236,85.97437,358.63,290.87,0.5,0.6,2026-09-01,747,n,50.72,D
28.59742,77.543,337.66,295.42,0.5,0.6,2026-09-01,2128,n,27.88,N
28.60124,77.54656,332.43,286.79,0.5,0.6,2026-09-01,805,h,25.57,D
21.15607,72.65794,338.02,286.81,0.5,0.6,2026-09-01,2004,h,29.01,N
21.1573,72.65748,339.36,288.22,0.5,0.6,2026-09-01,783,h,30.71,D
27.31222,77.70265,336.01,289.51,0.5,0.6,2026-09-02,2058,h,32.61,N
27.31057,77.70438,338.83,285.6,0.5,0.6,2026-09-02,2037,n,30.11,N
29.37774,76.87706,353.21,289.15,0.5,0.6,2026-09-02,2038,n,50.54,N
29.37847,76.87589,342.77,286.77,0.5,0.6,2026-09-02,2030,h,33.62,N
22.39657,70.04083,352.11,287.04,0.5,0.6,2026-09-02,751,h,43.5,D
22.32763,69.7208,354.21,283.95,0.5,0.6,2026-09-02,792,h,46.43,D
22.32987,69.72314,351.44,291.9,0.5,0.6,2026-09-02,767,n,43.56,D
25.42199,85.97575,352.84,284.69,0.5,0.6,2026-09-02,2118,h,49.76,N
28.5997,77.54588,336.85,284.66,0.5,0.6,2026-09-02,2098,h,33.92,N
28.60474,77.54601,331.94,290.71,0.5,0.6,2026-09-02,780,h,30.34,D
22.83104,69.52859,345.91,290.46,0.5,0.6,2026-09-02,2118,h,38.44,N
22.82639,69.52671,341.07,287.91,0.5,0.6,2026-09-02,2015,n,33.56,N
24.10401,82.67109,351.1,293.44,0.5,0.6,2026-09-02,2090,n,45.2,N
22.7924,86.19617,337.76,288.4,0.5,0.6,2026-09-02,800,h,27.32,D
21.15967,72.6569,335.91,284.94,0.5,0.6,2026-09-02,2094,h,22.58,N
27.31306,77.70202,354.24,290.18,0.5,0.6,2026-09-03,809,h,47.66,D
29.37503,76.88114,348.4,290.04,0.5,0.6,2026-09-03,827,h,39.5,D
29.3769,76.87739,350.29,284.49,0.5,0.6,2026-09-03,811,h,38.06,D
22.32828,69.72123,360.92,290.72,0.5,0.6,2026-09-03,2116,h,58.33,N
25.42398,85.97391,353.84,288.66,0.5,0.6,2026-09-03,801,n,48.33,D
28.60512,77.5425,343.4,290.76,0.5,0.6,2026-09-03,2101,h,30.36,N
22.82927,69.53093,327.71,288.05,0.5,0.6,2026-09-03,764,n,20.44,D
24.10319,82.67574,337.93,286.64,0.5,0.6,2026-09-03,2016,h,26.13,N
22.79291,86.19339,348.04,286.23,0.5,0.6,2026-09-03,764,h,34.21,D
22.79073,86.19613,340.02,282.22,0.5,0.6,2026-09-03,2032,n,30.61,N
29.37827,76.87667,343.51,289.07,0.5,0.6,2026-09-04,768,h,36.36,D
22.39509,70.0398,350.91,287.12,0.5,0.6,2026-09-04,2123,h,40.26,N
22.32857,69.72433,355.85,284.28,0.5,0.6,2026-09-04,2028,h,51.34,N
22.32724,69.72207,353.22,289.38,0.5,0.6,2026-09-04,736,h,45.62,D
25.42689,85.97396,364.51,289.96,0.5,0.6,2026-09-04,2040,h,67.11,N
28.60519,77.54704,336.73,287.29,0.5,0.6,2026-09-04,803,h,25.21,D
28.6004,77.54616,340.73,288.29,0.5,0.6,2026-09-04,744,n,38.93,D
22.82753,69.52867,341.26,292.75,0.5,0.6,2026-09-04,810,h,34.36,D
22.79641,86.1938,330.11,290.29,0.5,0.6,2026-09-04,2030,h,22.49,N
27.31513,77.70287,349.98,290.9,0.5,0.6,2026-09-05,2035,h,43.65,N
29.38003,76.87682,363.69,295.09,0.5,0.6,2026-09-05,2015,h,66.03,N
22.3919,70.0401,356.27,287.46,0.5,0.6,2026-09-05,2102,h,49.2,N
22.39955,70.04124,363.06,284.53,0.5,0.6,2026-09-05,787,h,54.81,D
22.32667,69.72211,354.79,286.01,0.5,0.6,2026-09-05,2033,h,41.02,N
25.42203,85.96997,342.87,286.47,0.5,0.6,2026-09-05,2114,h,36.98,N
25.4247,85.97643,364.43,290.68,0.5,0.6,2026-09-05,2032,h,62.76,N
28.59747,77.54767,332.95,291.17,0.5,0.6,2026-09-05,757,n,24.39,D
28.59706,77.54367,343.4,288.76,0.5,0.6,2026-09-05,807,n,33.13,D
21.15522,72.65589,341.84,289.03,0.5,0.6,2026-09-05,2115,h,31.37,N
21.1542,72.65989,340.02,285.11,0.5,0.6,2026-09-05,2094,h,22.89,N
27.31572,77.70604,361.29,286.15,0.5,0.6,2026-09-06,2002,n,53.97,N
29.37615,76.87823,357.91,290.28,0.5,0.6,2026-09-06,2064,h,52.55,N
29.38043,76.87486,365.13,287.65,0.5,0.6,2026-09-06,817,h,57.62,D
22.39253,70.03894,350.63,286.96,0.5,0.6,2026-09-06,2054,h,46.81,N
22.39597,70.04083,346.15,290.46,0.5,0.6,2026-09-06,2107,n,39.7,N
22.32663,69.72182,367.0,281.56,0.5,0.6,2026-09-06,809,n,72.81,D
25.42583,85.97384,340.83,283.85,0.5,0.6,2026-09-06,826,h,31.07,D
28.60068,77.54691,336.61,288.2,0.5,0.6,2026-09-06,2110,h,25.32,N
22.83037,69.52946,347.71,286.95,0.5,0.6,2026-09-06,2028,n,39.76,N
22.79084,86.19527,339.48,284.66,0.5,0.6,2026-09-06,784,h,27.99,D
21.156,72.66005,328.95,288.8,0.5,0.6,2026-09-06,825,h,21.89,D
27.31305,77.70047,359.55,289.1,0.5,0.6,2026-09-07,793,n,54.99,D
29.37585,76.88133,335.32,287.77,0.5,0.6,2026-09-07,2088,h,25.97,N
22.39877,70.04117,338.17,290.82,0.5,0.6,2026-09-07,2110,h,35.66,N
22.39115,70.04227,352.05,287.9,0.5,0.6,2026-09-07,2077,h,48.1,N
22.32665,69.72048,337.05,290.41,0.5,0.6,2026-09-07,2126,h,28.22,N
25.42747,85.97851,348.07,286.44,0.5,0.6,2026-09-07,2011,h,45.67,N
25.42451,85.97241,349.22,289.14,0.5,0.6,2026-09-07,738,n,43.38,D
28.59962,77.54426,332.62,287.37,0.5,0.6,2026-09-07,2025,h,31.07,N
22.83038,69.52693,337.86,287.11,0.5,0.6,2026-09-07,2040,h,34.19,N
24.10218,82.67272,338.39,287.63,0.5,0.6,2026-09-07,2101,h,27.55,N
22.79514,86.19724,329.34,285.32,0.5,0.6,2026-09-07,731,h,18.18,D
21.15841,72.65545,338.63,290.2,0.5,0.6,2026-09-07,2117,h,32.61,N
27.31675,77.70569,345.49,290.66,0.5,0.6,2026-09-08,770,h,39.91,D
29.37962,76.87666,367.0,289.81,0.5,0.6,2026-09-08,2033,h,57.41,N
22.39449,70.04634,347.08,283.32,0.5,0.6,2026-09-08,776,h,37.61,D
22.39312,70.04441,339.28,285.45,0.5,0.6,2026-09-08,790,n,33.11,D
25.42241,85.97249,343.24,287.73,0.5,0.6,2026-09-08,2014,n,37.79,N
28.59782,77.54466,338.25,289.51,0.5,0.6,2026-09-08,2051,h,25.53,N
28.60359,77.54594,328.99,289.68,0.5,0.6,2026-09-08,2063,n,20.12,N
22.82493,69.52793,338.19,284.87,0.5,0.6,2026-09-08,2098,h,30.67,N
22.82835,69.52946,343.67,284.59,0.5,0.6,2026-09-08,741,h,31.22,D
24.10539,82.67131,342.63,282.39,0.5,0.6,2026-09-08,2112,h,30.6,N
21.15596,72.65904,339.6,293.74,0.5,0.6,2026-09-08,807,h,34.31,D
21.15986,72.65878,349.85,283.36,0.5,0.6,2026-09-08,2082,n,48.12,N
27.31321,77.70616,347.8,292.11,0.5,0.6,2026-09-09,738,h,36.56,D
29.38057,76.87995,357.93,284.19,0.5,0.6,2026-09-09,737,n,51.17,D
29.37796,76.88023,343.42,284.86,0.5,0.6,2026-09-09,2117,h,44.92,N
22.39676,70.04286,356.89,290.34,0.5,0.6,2026-09-09,765,h,54.82,D
22.39239,70.04028,344.43,289.13,0.5,0.6,2026-09-09,813,h,37.04,D
22.33011,69.71541,367.0,290.25,0.5,0.6,2026-09-09,788,h,65.91,D
22.32956,69.72227,349.77,289.18,0.5,0.6,2026-09-09,803,h,47.83,D
25.42321,85.97592,363.31,290.88,0.5,0.6,2026-09-09,2090,h,57.5,N
25.42617,85.97124,336.14,282.64,0.5,0.6,2026-09-09,2009,n,31.83,N
28.59697,77.54633,335.55,286.23,0.5,0.6,2026-09-09,2021,h,28.62,N
28.59667,77.54693,340.24,287.54,0.5,0.6,2026-09-09,2080,h,25.73,N
22.82727,69.53005,335.95,286.92,0.5,0.6,2026-09-09,2029,h,25.52,N
24.10343,82.67081,358.68,280.7,0.5,0.6,2026-09-09,762,h,53.13,D
22.79613,86.19522,339.26,289.51,0.5,0.6,2026-09-09,2127,h,34.92,N
22.79471,86.1942,351.56,289.22,0.5,0.6,2026-09-09,2112,n,42.96,N
21.15998,72.65651,335.1,290.2,0.5,0.6,2026-09-09,819,h,29.46,D
27.31615,77.70683,337.66,291.46,0.5,0.6,2026-09-10,2127,h,39.92,N
27.31593,77.70327,344.68,289.47,0.5,0.6,2026-09-10,806,h,38.44,D
29.37977,76.87606,366.97,287.31,0.5,0.6,2026-09-10,755,h,64.17,D
29.37781,76.87466,345.59,289.26,0.5,0.6,2026-09-10,770,h,40.37,D
22.39391,70.04401,339.49,286.48,0.5,0.6,2026-09-10,741,h,29.5,D
22.32455,69.7243,342.93,284.46,0.5,0.6,2026-09-10,796,h,33.45,D
22.32694,69.7216,342.95,289.34,0.5,0.6,2026-09-10,730,n,33.76,D
25.42008,85.97341,367.0,285.94,0.5,0.6,2026-09-10,2001,h,70.34,N
28.60127,77.55143,353.86,282.47,0.5,0.6,2026-09-10,767,n,41.57,D
28.60271,77.54721,333.48,286.79,0.5,0.6,2026-09-10,2091,h,24.92,N
22.82631,69.52895,341.66,290.83,0.5,0.6,2026-09-10,2045,h,33.68,N
22.82772,69.5273,334.75,284.11,0.5,0.6,2026-09-10,800,h,25.01,D
24.10431,82.66796,347.37,288.03,0.5,0.6,2026-09-10,781,h,49.55,D
22.79407,86.19248,333.97,285.5,0.5,0.6,2026-09-10,737,h,19.56,D
22.79278,86.19309,324.31,290.29,0.5,0.6,2026-09-10,2011,h,19.34,N
21.16094,72.65443,336.83,288.0,0.5,0.6,2026-09-10,735,n,26.68,D
27.31371,77.70486,348.14,288.65,0.5,0.6,2026-09-11,2091,h,41.41,N
27.31702,77.70067,350.4,286.36,0.5,0.6,2026-09-11,2052,h,46.53,N
29.38131,76.88042,360.2,287.77,0.5,0.6,2026-09-11,764,n,60.7,D
29.37584,76.87901,353.91,288.26,0.5,0.6,2026-09-11,755,n,42.18,D
22.39648,70.04202,360.57,291.99,0.5,0.6,2026-09-11,2012,h,64.12,N
22.32463,69.72316,354.09,289.45,0.5,0.6,2026-09-11,2014,h,47.86,N
22.32802,69.72308,351.78,288.31,0.5,0.6,2026-09-11,2012,h,42.04,N
25.42277,85.97475,353.92,285.86,0.5,0.6,2026-09-11,780,h,48.7,D
25.42622,85.97522,344.13,287.35,0.5,0.6,2026-09-11,2003,h,45.21,N
22.8308,69.52957,327.39,289.33,0.5,0.6,2026-09-11,769,h,21.7,D
22.79905,86.19235,333.31,284.16,0.5,0.6,2026-09-11,2020,h,25.52,N
21.15705,72.66089,344.82,289.29,0.5,0.6,2026-09-11,2057,h,38.25,N
21.15788,72.65725,338.81,284.06,0.5,0.6,2026-09-11,2111,h,30.25,N
27.30909,77.70801,351.76,285.15,0.5,0.6,2026-09-12,803,n,43.09,D
29.37616,76.87613,345.01,285.53,0.5,0.6,2026-09-12,2017,h,44.09,N
29.37705,76.87807,338.58,285.27,0.5,0.6,2026-09-12,738,n,28.21,D
22.3976,70.04192,367.0,292.82,0.5,0.6,2026-09-12,812,h,61.77,D
22.39285,70.0446,367.0,286.73,0.5,0.6,2026-09-12,2098,n,64.56,N
22.324,69.72038,367.0,288.48,0.5,0.6,2026-09-12,2058,h,79.39,N
25.41943,85.97557,365.39,286.76,0.5,0.6,2026-09-12,753,h,67.35,D
25.43265,85.97526,354.27,290.33,0.5,0.6,2026-09-12,2102,h,45.78,N
28.5994,77.54929,351.76,287.16,0.5,0.6,2026-09-12,2011,n,43.05,N
22.82929,69.53034,328.97,287.95,0.5,0.6,2026-09-12,766,h,18.42,D
24.1001,82.66725,341.27,285.69,0.5,0.6,2026-09-12,762,h,33.84,D
22.79636,86.19375,343.31,285.87,0.5,0.6,2026-09-12,812,n,28.29,D
21.15818,72.66114,344.15,285.41,0.5,0.6,2026-09-12,2003,h,36.71,N
21.15481,72.66281,334.67,288.55,0.5,0.6,2026-09-12,818,h,29.76,D
27.30975,77.7028,342.77,285.71,0.5,0.6,2026-09-13,753,h,36.59,D
29.377,76.87865,357.89,285.81,0.5,0.6,2026-09-13,2032,h,49.29,N
22.39691,70.03983,341.47,288.15,0.5,0.6,2026-09-13,2122,h,35.51,N
22.32813,69.7255,348.45,287.36,0.5,0.6,2026-09-13,746,n,46.38,D
25.42271,85.97436,346.6,290.3,0.5,0.6,2026-09-13,775,h,35.88,D
28.59935,77.545,326.25,284.31,0.5,0.6,2026-09-13,2053,h,18.03,N
22.82902,69.53017,343.71,284.31,0.5,0.6,2026-09-13,2059,h,30.2,N
24.10637,82.66719,330.29,289.08,0.5,0.6,2026-09-13,744,h,25.81,D
22.79068,86.19416,335.31,287.75,0.5,0.6,2026-09-13,2115,h,33.7,N
21.15659,72.65403,338.65,285.19,0.5,0.6,2026-09-13,776,h,30.88,D
21.1575,72.65833,341.17,292.75,0.5,0.6,2026-09-13,2125,h,29.64,N
27.3122,77.7087,367.0,283.0,0.5,0.6,2026-09-14,2090,h,90.15,N
29.3743,76.87509,356.94,287.8,0.5,0.6,2026-09-14,829,h,48.61,D
22.39427,70.04411,357.1,286.02,0.5,0.6,2026-09-14,2037,n,50.41,N
22.32824,69.72356,344.93,288.06,0.5,0.6,2026-09-14,793,h,34.87,D
28.59929,77.54371,349.54,290.46,0.5,0.6,2026-09-14,756,h,39.38,D
22.82691,69.52844,339.48,282.56,0.5,0.6,2026-09-14,829,n,29.6,D
24.10103,82.67017,327.99,286.54,0.5,0.6,2026-09-14,2086,h,17.33,N
21.16032,72.65816,342.6,284.46,0.5,0.6,2026-09-14,816,h,33.06,D
21.15947,72.65344,344.89,287.95,0.5,0.6,2026-09-14,2091,h,33.6,N
27.31353,77.7035,363.99,286.96,0.5,0.6,2026-09-15,2014,h,65.95,N
27.31365,77.70541,335.93,288.16,0.5,0.6,2026-09-15,769,h,26.92,D
29.38156,76.87713,357.21,287.29,0.5,0.6,2026-09-15,758,h,50.97,D
22.395,70.04135,351.04,291.24,0.5,0.6,2026-09-15,800,h,42.29,D
22.39191,70.04058,344.35,287.68,0.5,0.6,2026-09-15,781,h,35.52,D
22.33022,69.72402,349.98,287.02,0.5,0.6,2026-09-15,2074,h,42.4,N
24.10351,82.67148,338.25,288.91,0.5,0.6,2026-09-15,793,n,25.65,D
24.10787,82.67035,344.69,284.57,0.5,0.6,2026-09-15,2069,h,34.47,N
22.79214,86.19536,340.98,287.16,0.5,0.6,2026-09-15,790,n,24.82,D
22.79389,86.19713,334.23,289.62,0.5,0.6,2026-09-15,826,n,23.85,D
27.31593,77.70478,360.76,287.07,0.5,0.6,2026-09-16,741,h,52.94,D
27.31334,77.70255,353.68,288.38,0.5,0.6,2026-09-16,2050,h,49.43,N
22.39287,70.03964,351.67,287.42,0.5,0.6,2026-09-16,743,n,42.85,D
22.39422,70.04625,344.47,287.9,0.5,0.6,2026-09-16,2124,h,29.9,N
22.32662,69.72087,338.31,285.9,0.5,0.6,2026-09-16,2037,h,31.88,N
25.42369,85.97475,365.73,290.73,0.5,0.6,2026-09-16,758,n,55.82,D
25.42612,85.97428,352.23,282.39,0.5,0.6,2026-09-16,828,h,45.74,D
28.60231,77.54499,341.93,281.91,0.5,0.6,2026-09-16,2012,h,33.5,N
22.82756,69.5262,347.78,281.48,0.5,0.6,2026-09-16,2104,n,31.81,N
22.82715,69.52779,338.83,287.27,0.5,0.6,2026-09-16,2018,h,27.53,N
24.1041,82.67244,350.15,289.12,0.5,0.6,2026-09-16,810,h,38.84,D
22.78971,86.19084,344.15,286.84,0.5,0.6,2026-09-16,2098,n,33.99,N
21.15893,72.65806,340.16,283.85,0.5,0.6,2026-09-16,792,n,31.91,D
21.15962,72.65584,337.59,287.14,0.5,0.6,2026-09-16,2112,n,29.89,N
27.31317,77.70134,344.73,283.59,0.5,0.6,2026-09-17,769,n,31.73,D
27.3088,77.7015,338.77,288.78,0.5,0.6,2026-09-17,805,h,32.2,D
29.37639,76.87884,347.11,289.92,0.5,0.6,2026-09-17,744,n,50.34,D
29.37443,76.87549,343.41,287.37,0.5,0.6,2026-09-17,769,n,44.22,D
22.39708,70.04153,345.89,288.69,0.5,0.6,2026-09-17,754,h,40.43,D
22.39452,70.04312,348.27,291.88,0.5,0.6,2026-09-17,800,h,45.91,D
22.32386,69.71776,340.29,284.87,0.5,0.6,2026-09-17,2070,n,36.53,N
22.33023,69.72236,353.84,286.12,0.5,0.6,2026-09-17,781,h,54.89,D
25.42322,85.9734,367.0,288.12,0.5,0.6,2026-09-17,772,h,77.3,D
28.5996,77.54569,329.7,289.31,0.5,0.6,2026-09-17,2072,h,24.91,N
24.10142,82.67044,343.25,285.4,0.5,0.6,2026-09-17,2054,h,29.53,N
22.79575,86.19358,331.94,285.78,0.5,0.6,2026-09-17,742,h,22.55,D
21.15722,72.65969,334.66,290.02,0.5,0.6,2026-09-17,2037,n,30.42,N
21.15627,72.65505,334.47,292.28,0.5,0.6,2026-09-17,2084,n,23.95,N
29.3777,76.88034,356.74,287.47,0.5,0.6,2026-09-18,799,n,49.52,D
22.39247,70.04252,343.91,289.37,0.5,0.6,2026-09-18,2082,h,38.19,N
22.39381,70.04446,355.72,292.15,0.5,0.6,2026-09-18,2011,h,50.12,N
22.32535,69.72517,361.45,289.64,0.5,0.6,2026-09-18,2104,h,59.86,N
22.32993,69.72075,336.59,288.2,0.5,0.6,2026-09-18,2122,n,26.02,N
25.42225,85.97593,354.51,289.57,0.5,0.6,2026-09-18,752,h,51.2,D
28.60129,77.5454,347.58,288.78,0.5,0.6,2026-09-18,2065,h,37.51,N
22.82678,69.52713,348.11,289.12,0.5,0.6,2026-09-18,2081,h,35.06,N
24.10629,82.67039,336.36,289.17,0.5,0.6,2026-09-18,2104,n,32.05,N
24.10518,82.66969,332.15,294.62,0.5,0.6,2026-09-18,749,h,22.53,D
22.79563,86.19437,345.92,288.02,0.5,0.6,2026-09-18,2105,h,37.73,N
22.79307,86.19402,333.04,293.84,0.5,0.6,2026-09-18,811,n,18.69,D
21.15724,72.65817,336.86,286.44,0.5,0.6,2026-09-18,2054,h,25.05,N
21.15735,72.65789,336.55,290.44,0.5,0.6,2026-09-18,2049,n,21.46,N
27.31776,77.70352,359.46,284.46,0.5,0.6,2026-09-19,2068,h,60.58,N
29.38053,76.87647,345.06,286.59,0.5,0.6,2026-09-19,805,h,44.53,D
29.37546,76.87645,348.2,289.14,0.5,0.6,2026-09-19,788,h,38.64,D
22.39686,70.04518,340.4,284.59,0.5,0.6,2026-09-19,2006,h,35.57,N
22.32924,69.72142,342.23,287.89,0.5,0.6,2026-09-19,821,h,30.58,D
22.32886,69.72081,353.04,289.93,0.5,0.6,2026-09-19,2019,h,43.28,N
25.42433,85.97247,342.28,291.92,0.5,0.6,2026-09-19,2059,h,32.3,N
28.59854,77.54961,331.33,293.9,0.5,0.6,2026-09-19,2091,h,22.69,N
22.83017,69.52707,341.84,285.29,0.5,0.6,2026-09-19,2052,h,30.76,N
22.82729,69.52753,352.64,286.58,0.5,0.6,2026-09-19,2082,h,48.38,N
24.10259,82.66687,341.48,285.96,0.5,0.6,2026-09-19,2045,h,30.52,N
24.10328,82.67184,345.86,289.99,0.5,0.6,2026-09-19,812,n,31.87,D
22.79339,86.19175,345.81,287.69,0.5,0.6,2026-09-19,759,h,34.76,D
21.15912,72.65851,335.99,282.1,0.5,0.6,2026-09-19,2068,h,27.63,N
27.31207,77.70347,348.94,289.96,0.5,0.6,2026-09-20,2100,h,44.91,N
27.31264,77.70315,347.08,289.51,0.5,0.6,2026-09-20,768,h,40.72,D
29.37937,76.88205,343.51,292.63,0.5,0.6,2026-09-20,2049,n,31.61,N
22.39548,70.04306,353.93,290.37,0.5,0.6,2026-09-20,2078,h,38.5,N
22.39363,70.04352,338.41,286.73,0.5,0.6,2026-09-20,2031,h,24.07,N
22.33076,69.72276,358.18,289.28,0.5,0.6,2026-09-20,2032,h,54.91,N
22.32648,69.72464,353.67,288.79,0.5,0.6,2026-09-20,2013,n,45.86,N
25.4199,85.97195,363.17,287.34,0.5,0.6,2026-09-20,782,h,60.32,D
25.42465,85.97509,350.31,284.36,0.5,0.6,2026-09-20,2083,n,40.22,N
28.59914,77.55058,349.64,285.09,0.5,0.6,2026-09-20,752,h,42.77,D
28.60253,77.54679,331.13,286.54,0.5,0.6,2026-09-20,2064,n,19.56,N
22.82791,69.52883,336.7,287.42,0.5,0.6,2026-09-20,2113,h,25.04,N
22.82691,69.52923,349.01,285.98,0.5,0.6,2026-09-20,788,h,40.75,D
24.10586,82.67013,329.14,287.1,0.5,0.6,2026-09-20,792,n,22.95,D
22.79272,86.19682,343.15,285.51,0.5,0.6,2026-09-20,2048,h,36.34,N
22.79528,86.19364,333.21,292.22,0.5,0.6,2026-09-20,746,h,22.82,D
21.15775,72.6553,340.82,283.34,0.5,0.6,2026-09-20,802,n,35.06,D
27.31512,77.70386,342.68,293.21,0.5,0.6,2026-09-21,771,h,35.81,D
29.37872,76.87445,334.36,283.27,0.5,0.6,2026-09-21,760,h,27.62,D
22.39738,70.04014,353.09,290.13,0.5,0.6,2026-09-21,805,h,51.19,D
22.39713,70.03893,339.59,291.92,0.5,0.6,2026-09-21,824,n,28.99,D
25.42523,85.97422,349.08,287.91,0.5,0.6,2026-09-21,2023,n,46.28,N
28.59826,77.54602,334.11,282.15,0.5,0.6,2026-09-21,742,h,27.38,D
28.59839,77.54736,332.65,286.41,0.5,0.6,2026-09-21,2051,h,23.22,N
22.82949,69.52812,336.42,290.98,0.5,0.6,2026-09-21,2118,h,25.87,N
22.83,69.52742,326.66,286.68,0.5,0.6,2026-09-21,766,h,17.31,D
24.10457,82.66743,338.64,288.12,0.5,0.6,2026-09-21,738,h,27.7,D
24.10511,82.6692,356.4,296.09,0.5,0.6,2026-09-21,779,h,56.7,D
22.79565,86.19218,341.39,288.82,0.5,0.6,2026-09-21,2002,h,34.85,N
21.15619,72.65627,346.76,284.08,0.5,0.6,2026-09-21,2024,h,38.09,N
29.3793,76.88197,337.65,283.32,0.5,0.6,2026-09-22,2094,h,30.63,N
29.37845,76.87689,348.39,286.17,0.5,0.6,2026-09-22,818,h,40.7,D
22.39717,70.039,366.37,287.01,0.5,0.6,2026-09-22,796,h,63.99,D
22.32824,69.72269,366.54,289.62,0.5,0.6,2026-09-22,776,h,65.33,D
22.33087,69.72172,367.0,286.36,0.5,0.6,2026-09-22,2014,h,65.89,N
28.59836,77.54647,348.89,289.29,0.5,0.6,2026-09-22,2099,h,38.93,N
22.82993,69.52689,337.04,285.8,0.5,0.6,2026-09-22,2072,h,22.12,N
22.827,69.528,332.51,287.89,0.5,0.6,2026-09-22,758,h,23.8,D
24.106,82.67114,334.41,286.18,0.5,0.6,2026-09-22,2075,h,30.66,N
24.10628,82.67399,341.38,291.64,0.5,0.6,2026-09-22,766,h,34.98,D
21.15764,72.65481,330.11,287.62,0.5,0.6,2026-09-22,809,h,24.23,D
27.31309,77.70829,349.44,295.23,0.5,0.6,2026-09-23,2064,h,45.03,N
22.39723,70.03934,351.45,289.39,0.5,0.6,2026-09-23,2007,h,42.22,N
25.42346,85.97371,338.08,286.73,0.5,0.6,2026-09-23,789,h,30.84,D
25.42399,85.97149,351.75,287.7,0.5,0.6,2026-09-23,2060,h,43.46,N
22.82599,69.5292,332.95,287.69,0.5,0.6,2026-09-23,736,h,20.4,D
24.10461,82.6694,344.7,286.26,0.5,0.6,2026-09-23,817,n,35.89,D
21.15889,72.65357,332.91,283.69,0.5,0.6,2026-09-23,2053,n,24.56,N
27.31124,77.70357,344.09,293.23,0.5,0.6,2026-09-24,2071,h,30.9,N
27.31571,77.70518,367.0,281.92,0.5,0.6,2026-09-24,786,n,71.91,D
29.37947,76.88,343.44,291.56,0.5,0.6,2026-09-24,2126,n,39.12,N
22.39562,70.03892,342.24,282.84,0.5,0.6,2026-09-24,769,h,30.63,D
22.32308,69.72133,345.4,286.1,0.5,0.6,2026-09-24,2032,h,42.75,N
22.32643,69.71935,341.52,284.71,0.5,0.6,2026-09-24,807,h,42.37,D
25.42276,85.97534,334.84,291.35,0.5,0.6,2026-09-24,2083,n,29.83,N
28.59888,77.54645,350.11,290.87,0.5,0.6,2026-09-24,2070,h,42.28,N
22.82923,69.52694,334.7,287.6,0.5,0.6,2026-09-24,795,h,23.26,D
22.793,86.19331,340.8,289.35,0.5,0.6,2026-09-24,2040,n,33.61,N
21.15703,72.66183,330.44,290.56,0.5,0.6,2026-09-24,2001,h,21.93,N
27.3142,77.70711,359.95,286.7,0.5,0.6,2026-09-25,2058,h,52.35,N
27.31436,77.70424,367.0,287.22,0.5,0.6,2026-09-25,778,h,70.95,D
29.37883,76.87904,356.11,285.87,0.5,0.6,2026-09-25,795,h,55.12,D
22.39811,70.04125,349.99,289.14,0.5,0.6,2026-09-25,2041,h,47.61,N
22.39701,70.04095,349.47,288.08,0.5,0.6,2026-09-25,2085,h,44.11,N
22.32902,69.72185,344.1,290.01,0.5,0.6,2026-09-25,2122,n,36.05,N
25.41961,85.97515,342.34,284.66,0.5,0.6,2026-09-25,2001,h,42.99,N
25.42594,85.97437,354.56,289.23,0.5,0.6,2026-09-25,817,h,53.31,D
28.60162,77.54628,338.9,291.16,0.5,0.6,2026-09-25,2105,h,26.72,N
28.59974,77.54601,337.3,285.86,0.5,0.6,2026-09-25,2043,h,29.04,N
22.82878,69.5305,336.15,286.95,0.5,0.6,2026-09-25,803,h,30.14,D
22.82922,69.52987,330.13,279.29,0.5,0.6,2026-09-25,2057,h,19.46,N
24.10586,82.66808,330.32,292.58,0.5,0.6,2026-09-25,806,h,23.26,D
24.10148,82.67067,333.26,284.09,0.5,0.6,2026-09-25,2025,h,31.17,N
22.79111,86.19281,340.37,288.94,0.5,0.6,2026-09-25,2069,h,34.15,N
22.79044,86.18989,337.66,287.66,0.5,0.6,2026-09-25,2087,h,26.63,N
21.15584,72.65825,327.73,290.11,0.5,0.6,2026-09-25,772,n,16.94,D
27.3134,77.70525,342.89,283.26,0.5,0.6,2026-09-26,735,h,37.31,D
27.31564,77.7038,347.01,286.81,0.5,0.6,2026-09-26,2105,n,36.87,N
22.39186,70.0454,350.62,288.98,0.5,0.6,2026-09-26,786,h,43.77,D
22.33117,69.72294,350.54,294.76,0.5,0.6,2026-09-26,2077,h,46.38,N
22.32924,69.72055,342.25,289.9,0.5,0.6,2026-09-26,787,h,34.48,D
25.42193,85.97203,344.08,284.63,0.5,0.6,2026-09-26,755,h,38.81,D
28.59796,77.54837,336.44,282.91,0.5,0.6,2026-09-26,810,h,29.15,D
28.60024,77.54717,338.95,289.51,0.5,0.6,2026-09-26,2101,h,31.28,N
22.82472,69.52993,337.82,292.33,0.5,0.6,2026-09-26,2007,n,25.56,N
24.10625,82.66978,331.59,290.49,0.5,0.6,2026-09-26,782,h,17.42,D
24.10168,82.66843,334.69,289.27,0.5,0.6,2026-09-26,2106,h,31.53,N
22.79062,86.19236,349.78,289.79,0.5,0.6,2026-09-26,733,h,42.37,D
22.79587,86.19169,336.44,288.4,0.5,0.6,2026-09-26,2119,n,18.31,N
21.1576,72.65978,348.74,281.5,0.5,0.6,2026-09-26,816,n,40.2,D
21.15816,72.65817,332.58,291.58,0.5,0.6,2026-09-26,2093,n,24.37,N
27.31386,77.70159,344.19,287.9,0.5,0.6,2026-09-27,803,n,31.55,D
27.31469,77.70539,348.26,285.79,0.5,0.6,2026-09-27,818,h,37.14,D
29.37805,76.87947,357.57,290.39,0.5,0.6,2026-09-27,765,n,45.86,D
22.39353,70.04327,343.24,291.3,0.5,0.6,2026-09-27,808,h,33.27,D
22.32309,69.72322,364.46,287.28,0.5,0.6,2026-09-27,759,n,57.56,D
22.32505,69.72349,367.0,286.49,0.5,0.6,2026-09-27,820,h,63.71,D
25.42082,85.9748,360.42,289.55,0.5,0.6,2026-09-27,2035,h,52.88,N
28.60181,77.54908,338.75,290.44,0.5,0.6,2026-09-27,2118,h,24.03,N
22.82868,69.52675,341.73,291.65,0.5,0.6,2026-09-27,774,n,34.94,D
24.10455,82.66729,342.98,288.6,0.5,0.6,2026-09-27,762,h,37.24,D
24.1058,82.66957,337.52,284.78,0.5,0.6,2026-09-27,736,n,26.6,D
22.79404,86.19599,333.08,287.85,0.5,0.6,2026-09-27,2025,h,23.99,N
21.16087,72.66053,345.9,286.22,0.5,0.6,2026-09-27,2114,h,35.71,N
27.31126,77.7039,352.54,287.88,0.5,0.6,2026-09-28,2102,n,47.35,N
27.31146,77.70283,360.89,289.82,0.5,0.6,2026-09-28,2014,h,54.2,N
22.39555,70.04358,353.27,284.83,0.5,0.6,2026-09-28,2067,h,47.75,N
22.33001,69.72208,346.85,283.98,0.5,0.6,2026-09-28,2017,h,36.78,N
25.4217,85.9739,367.0,289.04,0.5,0.6,2026-09-28,2006,h,72.23,N
28.5992,77.54459,338.27,289.69,0.5,0.6,2026-09-28,774,n,29.41,D
28.59855,77.54341,335.36,286.72,0.5,0.6,2026-09-28,743,n,27.39,D
24.10245,82.67008,331.51,285.33,0.5,0.6,2026-09-28,2041,h,26.07,N
22.79282,86.19659,339.1,286.11,0.5,0.6,2026-09-28,815,h,33.21,D
22.79473,86.194,341.05,287.66,0.5,0.6,2026-09-28,822,h,27.5,D
21.15599,72.66289,331.7,289.03,0.5,0.6,2026-09-28,790,h,19.86,D
21.15848,72.6607,350.75,288.07,0.5,0.6,2026-09-28,808,h,38.91,D
30.54546,77.43694,309.84,284.03,0.5,0.6,2025-11-05,768,n,3.63,D
29.03337,76.76276,320.03,288.68,0.5,0.6,2025-11-13,756,n,15.41,D
29.03425,76.76603,323.1,283.61,0.5,0.6,2025-11-13,764,n,14.36,D
29.03186,76.76455,321.21,286.26,0.5,0.6,2025-11-14,805,n,16.35,D
29.03538,76.76977,313.94,285.21,0.5,0.6,2025-11-14,773,n,7.87,D
31.0515,77.37078,321.69,286.92,0.5,0.6,2025-10-23,788,n,17.26,D
30.93575,75.07187,316.1,284.98,0.5,0.6,2025-11-09,820,n,10.23,D
30.93329,75.06276,321.52,285.51,0.5,0.6,2025-11-09,814,n,15.81,D
30.59077,75.28166,321.9,283.53,0.5,0.6,2025-10-27,789,n,17.09,D
30.59376,75.27965,313.32,285.12,0.5,0.6,2025-10-27,748,n,3.91,D
31.58009,77.21525,317.03,287.18,0.5,0.6,2025-11-01,808,n,14.06,D
31.19374,75.98269,314.96,287.86,0.5,0.6,2025-10-24,796,n,8.12,D
31.19129,75.98379,320.68,280.75,0.5,0.6,2025-10-24,762,n,16.96,D
31.19395,75.98339,315.67,287.04,0.5,0.6,2025-10-25,772,n,9.66,D
31.18764,75.97807,319.94,287.44,0.5,0.6,2025-10-25,772,n,17.69,D
31.71853,74.85523,316.66,284.48,0.5,0.6,2025-10-15,783,n,8.14,D
31.72741,74.85709,320.78,287.3,0.5,0.6,2025-10-16,763,n,16.68,D
29.18134,77.27364,321.94,288.22,0.5,0.6,2025-10-10,766,n,16.91,D
29.17504,77.27419,317.52,284.26,0.5,0.6,2025-10-11,811,n,12.45,D
30.35266,76.16359,313.78,284.41,0.5,0.6,2025-10-12,796,n,6.15,D
31.66199,75.59758,318.17,288.4,0.5,0.6,2025-11-05,777,n,15.24,D
31.6668,75.60049,321.54,286.84,0.5,0.6,2025-11-06,774,n,16.58,D
31.66829,75.60418,320.89,284.35,0.5,0.6,2025-11-06,804,n,16.07,D
30.6855,75.51482,321.31,286.11,0.5,0.6,2025-11-11,792,n,13.44,D
30.68004,75.51288,325.57,283.76,0.5,0.6,2025-11-11,796,n,16.46,D
30.6828,75.5172,326.22,286.16,0.5,0.6,2025-11-12,780,n,17.97,D
30.44929,76.76524,318.58,287.64,0.5,0.6,2025-11-12,746,n,15.09,D
30.4477,76.76677,317.61,285.68,0.5,0.6,2025-11-12,767,n,6.5,D
29.64865,74.63817,313.4,289.05,0.5,0.6,2025-10-17,800,n,7.03,D
29.65333,74.64757,322.3,287.86,0.5,0.6,2025-10-17,775,n,16.2,D
31.15559,77.30782,314.78,286.87,0.5,0.6,2025-11-03,762,n,12.63,D
31.15278,77.30657,322.6,285.46,0.5,0.6,2025-11-03,816,n,17.06,D
29.14463,76.38186,323.7,284.45,0.5,0.6,2025-10-28,763,n,15.59,D
29.14416,76.38684,308.64,284.85,0.5,0.6,2025-10-28,774,n,4.17,D
29.25024,74.63793,316.84,283.45,0.5,0.6,2025-11-10,819,n,9.63,D
30.90311,76.90246,312.1,287.81,0.5,0.6,2025-11-07,741,n,3.88,D
31.21724,77.126,320.55,282.21,0.5,0.6,2025-10-27,743,n,17.59,D
31.22464,77.13342,313.17,285.92,0.5,0.6,2025-10-27,810,n,8.2,D
31.22253,77.13287,321.87,290.22,0.5,0.6,2025-10-28,788,n,16.44,D
31.22268,77.12798,322.6,286.96,0.5,0.6,2025-10-28,760,n,14.72,D
30.85001,76.68494,317.0,287.08,0.5,0.6,2025-10-20,768,n,10.03,D
30.84808,76.68867,312.0,285.69,0.5,0.6,2025-10-20,748,n,7.1,D
29.72695,77.05561,319.38,283.72,0.5,0.6,2025-11-08,763,n,13.68,D
29.73181,77.05685,315.24,285.22,0.5,0.6,2025-11-08,821,n,7.49,D
29.72559,77.04996,317.05,286.22,0.5,0.6,2025-11-09,807,n,7.3,D
29.72691,77.04898,318.61,282.42,0.5,0.6,2025-11-09,777,n,11.17,D
29.15246,77.0154,314.69,286.99,0.5,0.6,2025-11-07,815,n,3.93,D
29.14818,77.01388,319.69,283.49,0.5,0.6,2025-11-08,744,n,14.9,D
29.97938,76.09285,315.13,290.36,0.5,0.6,2025-10-17,775,n,17.19,D
29.9767,76.10141,319.27,284.85,0.5,0.6,2025-10-17,748,n,12.22,D
29.97243,76.09786,314.08,284.6,0.5,0.6,2025-10-18,790,n,3.27,D
29.97721,76.10238,314.61,282.55,0.5,0.6,2025-10-18,767,n,8.31,D
29.43511,77.15946,316.44,284.95,0.5,0.6,2025-11-03,765,n,11.75,D
29.43643,77.15361,321.53,288.32,0.5,0.6,2025-11-03,763,n,15.46,D
29.4375,77.15434,318.43,288.03,0.5,0.6,2025-11-04,774,n,17.75,D
30.76075,75.24894,318.86,285.93,0.5,0.6,2025-10-17,824,n,10.68,D
30.75938,75.24873,317.6,285.16,0.5,0.6,2025-10-17,768,n,13.32,D
30.76285,75.24598,313.64,289.4,0.5,0.6,2025-10-18,822,n,6.78,D
30.39635,77.48243,323.14,286.53,0.5,0.6,2025-10-30,816,n,17.19,D
30.39376,77.48251,315.31,285.79,0.5,0.6,2025-10-30,808,n,7.23,D
29.43212,74.63051,318.28,287.21,0.5,0.6,2025-11-10,789,n,14.1,D
29.53219,75.81425,319.19,289.92,0.5,0.6,2025-10-16,788,n,12.02,D
29.53447,75.81354,324.15,284.08,0.5,0.6,2025-10-16,759,n,13.31,D
30.34587,76.4821,318.44,281.5,0.5,0.6,2025-11-13,743,n,8.04,D
30.35402,76.48699,317.7,286.97,0.5,0.6,2025-11-14,810,n,11.58,D
30.35156,76.48311,317.09,289.77,0.5,0.6,2025-11-14,774,n,6.99,D
30.92522,76.51309,321.47,284.05,0.5,0.6,2025-11-04,824,n,13.06,D
30.93204,76.51468,318.51,288.57,0.5,0.6,2025-11-05,762,n,13.89,D
30.93073,76.51549,315.05,285.17,0.5,0.6,2025-11-05,793,n,3.64,D
31.40334,76.50447,320.98,285.58,0.5,0.6,2025-10-24,794,n,14.45,D
31.40826,76.50847,317.42,285.33,0.5,0.6,2025-10-24,757,n,11.37,D
29.22732,76.99225,314.76,287.73,0.5,0.6,2025-10-12,795,n,11.71,D
29.82534,76.11439,321.53,282.91,0.5,0.6,2025-11-03,746,n,15.33,D
29.82932,76.11581,316.23,286.93,0.5,0.6,2025-11-03,749,n,5.32,D
30.12938,75.64435,314.45,285.47,0.5,0.6,2025-11-11,745,n,10.6,D
30.13485,75.64218,311.89,286.83,0.5,0.6,2025-11-12,758,n,7.3,D
30.12117,74.55241,314.08,284.66,0.5,0.6,2025-11-01,823,n,4.72,D
30.12483,74.55512,318.71,286.78,0.5,0.6,2025-11-01,794,n,13.91,D
30.12997,74.55329,318.92,285.34,0.5,0.6,2025-11-02,801,n,9.82,D
30.56082,76.89904,317.15,285.22,0.5,0.6,2025-11-12,769,n,5.0,D
30.55838,76.89571,312.18,290.15,0.5,0.6,2025-11-12,815,n,6.53,D
30.56078,76.90366,316.56,287.28,0.5,0.6,2025-11-13,818,n,10.66,D
29.77073,76.09825,319.76,283.75,0.5,0.6,2025-10-13,751,n,15.42,D
29.76395,76.09545,320.6,284.75,0.5,0.6,2025-10-14,777,n,12.01,D
31.23194,75.31963,313.56,286.52,0.5,0.6,2025-10-24,810,n,8.5,D
31.23132,75.31483,320.71,287.28,0.5,0.6,2025-10-24,749,n,9.5,D
29.16992,76.6556,314.5,286.56,0.5,0.6,2025-11-13,828,n,9.44,D
29.17097,76.65628,320.16,286.08,0.5,0.6,2025-11-13,756,n,17.29,D
29.16587,76.65318,314.71,289.41,0.5,0.6,2025-11-14,798,n,8.04,D
31.62239,76.87264,320.2,286.33,0.5,0.6,2025-10-30,763,n,14.42,D
31.62065,76.86946,322.41,287.28,0.5,0.6,2025-10-30,809,n,14.01,D
30.79915,75.38842,317.27,288.78,0.5,0.6,2025-10-31,797,n,11.85,D
30.80036,75.39502,322.35,287.27,0.5,0.6,2025-10-31,774,n,14.45,D
30.88714,74.6766,321.02,288.56,0.5,0.6,2025-10-13,802,n,16.6,D
29.15145,74.81568,310.53,283.83,0.5,0.6,2025-11-12,798,n,4.49,D
29.15333,74.81261,320.22,289.19,0.5,0.6,2025-11-12,805,n,12.03,D
31.65619,74.79646,311.14,286.5,0.5,0.6,2025-10-10,761,n,5.12,D
29.89203,77.42142,318.05,283.78,0.5,0.6,2025-10-15,792,n,8.06,D
30.31753,74.57278,320.86,285.61,0.5,0.6,2025-11-06,801,n,13.86,D
30.31614,74.57611,321.8,287.58,0.5,0.6,2025-11-06,746,n,13.03,D
30.32013,74.58132,323.84,285.84,0.5,0.6,2025-11-07,786,n,13.3,D
30.33651,75.13127,315.97,285.13,0.5,0.6,2025-10-14,740,n,11.49,D
30.33906,75.12805,312.9,285.75,0.5,0.6,2025-10-14,761,n,6.44,D
29.50075,76.35244,311.1,284.84,0.5,0.6,2025-10-31,746,n,3.16,D
29.49684,76.34668,313.42,281.51,0.5,0.6,2025-10-31,775,n,13.93,D
29.4923,76.34349,315.17,286.35,0.5,0.6,2025-11-01,774,n,3.95,D
29.49161,76.33919,317.78,287.32,0.5,0.6,2025-11-01,819,n,14.6,D
31.64682,77.48013,321.38,285.12,0.5,0.6,2025-10-24,825,n,14.08,D
29.30527,77.00406,320.06,285.13,0.5,0.6,2025-10-21,769,n,14.49,D
29.33995,76.30383,316.94,285.37,0.5,0.6,2025-10-31,761,n,7.98,D
29.34004,76.30029,320.3,286.29,0.5,0.6,2025-10-31,764,n,8.22,D
31.52242,74.91418,316.13,284.66,0.5,0.6,2025-10-28,795,n,15.43,D
31.5148,74.91007,310.97,289.25,0.5,0.6,2025-10-28,748,n,3.64,D
31.51827,74.91054,318.24,288.32,0.5,0.6,2025-10-29,828,n,12.61,D
29.32664,76.09674,321.82,284.65,0.5,0.6,2025-11-11,776,n,16.56,D
29.32566,76.09582,320.3,285.76,0.5,0.6,2025-11-11,826,n,14.39,D
29.32714,76.09524,319.41,285.19,0.5,0.6,2025-11-12,741,n,13.7,D
29.32666,76.09212,321.94,287.88,0.5,0.6,2025-11-12,826,n,16.8,D
30.31855,74.83609,322.31,288.78,0.5,0.6,2025-10-26,823,n,16.51,D
30.31938,74.83823,311.15,285.52,0.5,0.6,2025-10-26,750,n,3.68,D
30.52823,77.37417,313.87,286.38,0.5,0.6,2025-10-10,824,n,6.29,D
30.5338,77.36194,320.79,284.22,0.5,0.6,2025-10-10,761,n,15.59,D
31.69219,76.45428,321.76,283.58,0.5,0.6,2025-10-14,747,n,16.63,D
31.69516,76.4525,315.9,285.67,0.5,0.6,2025-10-15,763,n,6.92,D
31.69541,76.44709,314.79,288.92,0.5,0.6,2025-10-15,795,n,5.42,D
30.70176,74.68849,317.89,283.44,0.5,0.6,2025-11-12,750,n,10.21,D
30.6982,74.67864,314.27,290.1,0.5,0.6,2025-11-13,829,n,10.87,D
30.69945,74.68287,323.43,284.66,0.5,0.6,2025-11-13,808,n,15.65,D
29.10605,75.89479,321.68,286.44,0.5,0.6,2025-11-02,762,n,15.49,D
29.11028,75.89882,320.37,291.45,0.5,0.6,2025-11-02,783,n,16.44,D
29.10186,75.89698,315.0,286.23,0.5,0.6,2025-11-03,740,n,7.74,D
29.10732,75.89294,316.78,288.46,0.5,0.6,2025-11-03,827,n,12.26,D
30.61624,75.66158,323.34,285.04,0.5,0.6,2025-10-31,780,n,16.14,D
30.61635,75.66246,312.27,289.11,0.5,0.6,2025-10-31,779,n,4.56,D
31.23308,77.25435,312.82,284.13,0.5,0.6,2025-10-15,804,n,5.74,D
31.23218,77.25678,316.19,283.06,0.5,0.6,2025-10-15,803,n,11.15,D
31.45668,76.37999,316.92,287.0,0.5,0.6,2025-11-07,764,n,4.4,D
31.45537,76.38258,319.82,285.27,0.5,0.6,2025-11-07,794,n,14.37,D
29.09284,77.17846,315.8,283.69,0.5,0.6,2025-11-05,815,n,9.47,D
29.09075,77.17676,320.59,289.95,0.5,0.6,2025-11-05,757,n,13.32,D
30.46881,76.75344,321.36,285.52,0.5,0.6,2025-10-20,780,n,14.88,D
30.47448,76.75167,317.33,285.98,0.5,0.6,2025-10-21,816,n,10.89,D
30.47331,76.74789,320.45,291.23,0.5,0.6,2025-10-21,797,n,15.24,D
30.0202,75.95377,321.93,288.66,0.5,0.6,2025-11-04,765,n,15.74,D
30.02601,75.9458,322.04,285.38,0.5,0.6,2025-11-05,770,n,15.47,D
30.02365,75.94907,322.51,287.03,0.5,0.6,2025-11-05,812,n,16.61,D
29.6901,74.83796,317.06,289.58,0.5,0.6,2025-10-21,749,n,13.11,D
29.27506,74.81595,314.82,287.1,0.5,0.6,2025-11-02,828,n,6.54,D
29.38892,74.74187,317.28,287.12,0.5,0.6,2025-10-23,801,n,9.6,D
29.07687,76.15461,314.96,287.95,0.5,0.6,2025-10-16,753,n,4.03,D
29.78765,75.51213,323.11,286.84,0.5,0.6,2025-11-10,785,n,17.14,D
29.78847,75.51719,317.57,284.67,0.5,0.6,2025-11-10,758,n,15.24,D
29.15382,75.92295,317.03,285.41,0.5,0.6,2025-10-29,821,n,5.53,D
29.15711,75.92463,319.8,286.63,0.5,0.6,2025-10-30,822,n,17.51,D
30.04674,77.25303,313.76,282.32,0.5,0.6,2025-10-10,829,n,8.53,D
29.99306,75.37781,320.68,284.93,0.5,0.6,2025-11-12,808,n,17.03,D
29.98646,75.37648,319.48,290.01,0.5,0.6,2025-11-12,820,n,14.37,D
29.9847,75.37617,319.97,286.97,0.5,0.6,2025-11-13,828,n,15.82,D
29.98651,75.37634,314.2,283.72,0.5,0.6,2025-11-13,740,n,9.14,D
29.91587,76.02545,318.18,289.62,0.5,0.6,2025-10-11,777,n,11.45,D
30.6864,77.09254,315.06,288.28,0.5,0.6,2025-10-25,810,n,9.78,D
30.68087,77.09653,312.94,284.59,0.5,0.6,2025-10-25,829,n,6.78,D
30.68322,77.09395,315.93,281.39,0.5,0.6,2025-10-26,750,n,8.83,D
30.56994,76.44728,321.87,283.66,0.5,0.6,2025-11-06,740,n,15.72,D
31.15233,75.02423,310.5,287.39,0.5,0.6,2025-10-17,824,n,3.35,D
31.15896,75.01708,312.84,288.68,0.5,0.6,2025-10-18,769,n,5.45,D
29.8712,74.54446,311.99,286.3,0.5,0.6,2025-11-05,805,n,4.98,D
29.87308,74.53881,317.23,284.41,0.5,0.6,2025-11-05,759,n,13.53,D
29.8718,74.54717,314.73,280.93,0.5,0.6,2025-11-06,799,n,4.19,D
29.8742,74.54476,318.77,284.08,0.5,0.6,2025-11-06,745,n,10.91,D
29.08374,76.11214,319.3,283.13,0.5,0.6,2025-10-13,762,n,11.53,D
29.0843,76.11153,310.24,285.91,0.5,0.6,2025-10-14,764,n,5.23,D
31.42158,76.73506,312.54,284.48,0.5,0.6,2025-11-06,822,n,6.96,D
31.41826,76.73449,320.61,287.08,0.5,0.6,2025-11-07,821,n,16.93,D
30.8488,75.70473,320.6,285.83,0.5,0.6,2025-11-02,822,n,15.3,D
31.60765,76.31541,316.92,285.08,0.5,0.6,2025-11-08,823,n,9.63,D
31.60492,76.31271,310.71,286.61,0.5,0.6,2025-11-09,747,n,6.88,D
30.85167,75.81059,323.93,286.68,0.5,0.6,2025-10-17,792,n,17.79,D
30.85705,75.8074,320.67,286.13,0.5,0.6,2025-10-18,801,n,16.53,D
30.49422,75.67443,320.15,283.46,0.5,0.6,2025-11-03,748,n,13.53,D
30.48843,75.67879,314.17,284.75,0.5,0.6,2025-11-03,817,n,7.6,D
30.48716,75.67862,317.66,286.03,0.5,0.6,2025-11-04,759,n,9.25,D
31.43885,75.69421,319.06,285.85,0.5,0.6,2025-10-10,785,n,13.66,D
31.4349,75.69653,315.42,288.41,0.5,0.6,2025-10-10,820,n,7.62,D
31.43823,75.69517,313.3,284.23,0.5,0.6,2025-10-11,743,n,5.87,D
31.44294,75.68818,312.42,287.35,0.5,0.6,2025-10-11,781,n,8.93,D
30.32685,75.96873,313.73,284.13,0.5,0.6,2025-11-01,829,n,3.79,D
30.3269,75.9701,323.63,284.55,0.5,0.6,2025-11-01,817,n,16.97,D
31.59693,77.12248,310.76,286.02,0.5,0.6,2025-10-20,751,n,5.14,D
31.59696,77.11728,324.54,286.0,0.5,0.6,2025-10-20,817,n,13.94,D
31.78176,75.4687,320.19,286.91,0.5,0.6,2025-10-26,749,n,11.59,D
31.78069,75.47133,323.29,287.14,0.5,0.6,2025-10-26,803,n,14.71,D
31.60237,76.36716,322.87,289.54,0.5,0.6,2025-11-05,765,n,16.51,D
31.60457,76.37175,315.0,284.99,0.5,0.6,2025-11-06,744,n,7.69,D
29.32856,74.53649,316.46,288.09,0.5,0.6,2025-11-05,829,n,12.21,D
29.32617,74.52743,320.53,284.89,0.5,0.6,2025-11-06,799,n,13.63,D
31.26955,75.81457,322.5,283.65,0.5,0.6,2025-11-07,791,n,13.58,D
31.26846,75.81192,318.16,285.95,0.5,0.6,2025-11-07,827,n,15.4,D
31.27125,75.80737,317.39,287.17,0.5,0.6,2025-11-08,829,n,11.88,D
30.3839,75.30153,320.47,282.25,0.5,0.6,2025-10-17,828,n,12.43,D
30.37803,75.30205,320.21,285.5,0.5,0.6,2025-10-18,746,n,15.21,D
30.37984,75.3012,313.76,285.16,0.5,0.6,2025-10-18,817,n,3.97,D
31.57112,77.34685,313.32,288.43,0.5,0.6,2025-11-04,768,n,3.05,D
31.57372,77.34616,314.91,287.87,0.5,0.6,2025-11-05,775,n,9.3,D
31.49059,75.48295,318.28,289.91,0.5,0.6,2025-10-22,823,n,7.58,D
31.72222,76.17045,312.17,286.77,0.5,0.6,2025-10-26,819,n,3.56,D
31.72649,76.17312,315.22,287.19,0.5,0.6,2025-10-26,778,n,8.75,D
31.72659,76.16981,313.82,284.25,0.5,0.6,2025-10-27,823,n,16.29,D
31.7245,76.1722,317.66,284.82,0.5,0.6,2025-10-27,772,n,11.7,D
31.02393,75.22527,318.58,283.0,0.5,0.6,2025-11-01,748,n,13.67,D
31.21455,75.97306,323.3,287.36,0.5,0.6,2025-10-12,742,n,15.93,D
31.5629,76.87391,317.02,284.64,0.5,0.6,2025-10-16,797,n,14.93,D
31.55825,76.87507,313.26,287.81,0.5,0.6,2025-10-16,798,n,6.58,D
31.56086,76.87809,317.55,284.71,0.5,0.6,2025-10-17,744,n,10.68,D
31.55762,76.87518,318.4,287.88,0.5,0.6,2025-10-17,822,n,14.41,D
30.32466,77.35885,316.79,283.26,0.5,0.6,2025-10-26,810,n,12.15,D
30.32674,77.36106,316.33,285.89,0.5,0.6,2025-10-26,816,n,12.26,D
30.80437,77.28669,311.5,284.55,0.5,0.6,2025-10-11,806,n,4.2,D
30.81277,77.27902,315.94,287.52,0.5,0.6,2025-10-11,743,n,8.18,D
29.65662,75.02063,319.38,284.34,0.5,0.6,2025-10-16,792,n,14.76,D
29.65505,75.02212,318.63,282.56,0.5,0.6,2025-10-16,827,n,14.8,D
29.65124,75.02524,317.21,282.53,0.5,0.6,2025-10-17,775,n,12.44,D
31.57714,75.24455,321.17,289.42,0.5,0.6,2025-10-21,746,n,16.98,D
31.5793,75.24665,313.19,287.08,0.5,0.6,2025-10-21,799,n,5.98,D
29.27957,76.31979,312.84,287.48,0.5,0.6,2025-10-24,750,n,12.38,D
31.26493,75.21513,316.28,284.55,0.5,0.6,2025-10-10,807,n,8.33,D
30.51368,76.59361,319.17,284.58,0.5,0.6,2025-11-05,755,n,17.96,D
30.51585,76.59237,312.75,287.99,0.5,0.6,2025-11-05,796,n,7.41,D
30.51896,76.59039,315.41,285.71,0.5,0.6,2025-11-06,765,n,5.13,D
29.03179,74.68747,319.78,285.64,0.5,0.6,2025-11-13,748,n,10.47,D
29.03403,74.69511,324.67,284.62,0.5,0.6,2025-11-13,788,n,14.94,D
29.03167,74.69021,322.69,290.02,0.5,0.6,2025-11-14,762,n,12.98,D
29.03112,74.68756,322.94,286.13,0.5,0.6,2025-11-14,784,n,17.14,D
29.1408,76.20278,312.29,284.67,0.5,0.6,2025-10-14,827,n,7.46,D
29.13931,76.20331,321.21,285.15,0.5,0.6,2025-10-14,767,n,13.85,D
30.10712,76.5016,317.32,286.24,0.5,0.6,2025-10-23,825,n,9.87,D
30.10867,76.50621,318.2,283.84,0.5,0.6,2025-10-23,758,n,14.46,D
30.47024,74.59265,321.72,289.95,0.5,0.6,2025-11-04,748,n,17.48,D
30.46106,74.59065,318.2,284.62,0.5,0.6,2025-11-04,812,n,9.14,D
30.46536,74.58832,316.23,284.59,0.5,0.6,2025-11-05,820,n,10.44,D
29.57917,76.516,321.16,289.1,0.5,0.6,2025-11-04,808,n,13.83,D
29.02944,74.87962,320.6,284.15,0.5,0.6,2025-11-04,775,n,17.17,D
29.02943,74.87907,323.59,289.09,0.5,0.6,2025-11-04,750,n,16.29,D
29.26825,75.74041,313.69,285.9,0.5,0.6,2025-10-27,758,n,7.55,D
29.26817,75.73572,316.93,286.44,0.5,0.6,2025-10-27,752,n,8.27,D
30.21615,76.88832,317.05,288.33,0.5,0.6,2025-10-12,774,n,11.17,D
30.22333,76.8883,314.2,285.76,0.5,0.6,2025-10-12,803,n,3.32,D
30.21708,76.88912,316.32,287.08,0.5,0.6,2025-10-13,790,n,7.16,D
29.93489,75.53884,322.04,283.85,0.5,0.6,2025-11-03,760,n,16.66,D
31.7437,75.17768,320.48,286.96,0.5,0.6,2025-10-26,769,n,15.7,D
31.73769,75.1774,323.64,288.76,0.5,0.6,2025-10-26,778,n,16.77,D
31.69405,75.07313,312.09,286.6,0.5,0.6,2025-10-12,749,n,3.81,D
31.69545,75.08047,315.21,286.94,0.5,0.6,2025-10-12,792,n,7.78,D
29.9192,74.58604,317.37,283.85,0.5,0.6,2025-10-30,755,n,13.82,D
29.92203,74.58328,321.95,284.34,0.5,0.6,2025-10-30,782,n,14.32,D
29.91847,74.57908,318.12,286.09,0.5,0.6,2025-10-31,785,n,8.42,D
30.4329,76.81626,318.44,282.81,0.5,0.6,2025-11-03,819,n,13.68,D
30.42721,76.81909,316.78,284.58,0.5,0.6,2025-11-04,786,n,12.16,D
30.43038,76.81389,323.06,289.17,0.5,0.6,2025-11-04,751,n,14.85,D
29.28591,76.82348,316.5,287.79,0.5,0.6,2025-10-22,780,n,9.52,D
29.99761,75.96481,314.79,284.67,0.5,0.6,2025-10-18,784,n,4.07,D
30.40778,77.27801,318.9,288.29,0.5,0.6,2025-10-15,759,n,13.96,D
30.40375,77.2803,311.96,283.92,0.5,0.6,2025-10-16,813,n,5.19,D
30.40856,77.27904,314.61,286.22,0.5,0.6,2025-10-16,768,n,13.58,D
29.83911,77.14307,311.62,282.99,0.5,0.6,2025-11-02,805,n,4.02,D
29.83954,77.15258,319.64,285.13,0.5,0.6,2025-11-02,797,n,13.13,D
29.84019,77.14647,320.56,286.15,0.5,0.6,2025-11-03,757,n,13.63,D
29.84,77.14166,314.81,283.06,0.5,0.6,2025-11-03,792,n,10.61,D
29.58838,75.32531,313.74,286.15,0.5,0.6,2025-10-19,792,n,5.28,D
30.13695,77.44716,320.55,284.48,0.5,0.6,2025-10-21,773,n,17.37,D
30.13596,77.4486,313.8,285.05,0.5,0.6,2025-10-21,741,n,7.86,D
30.13686,77.44307,311.69,281.01,0.5,0.6,2025-10-22,740,n,3.02,D
30.13622,77.45103,320.66,284.73,0.5,0.6,2025-10-22,813,n,12.95,D
29.66951,77.30188,317.89,282.65,0.5,0.6,2025-11-08,808,n,9.79,D
29.66836,77.30319,320.19,280.72,0.5,0.6,2025-11-08,757,n,13.71,D
31.55932,77.11553,312.91,286.59,0.5,0.6,2025-10-29,822,n,8.49,D
31.55494,77.11041,316.48,283.56,0.5,0.6,2025-10-30,819,n,10.83,D
31.55329,77.11022,309.46,288.25,0.5,0.6,2025-10-30,769,n,4.14,D
29.94252,77.01831,317.87,285.97,0.5,0.6,2025-10-26,756,n,3.51,D
29.94406,77.02424,316.79,287.7,0.5,0.6,2025-10-26,782,n,11.22,D
29.32905,75.47304,318.95,287.08,0.5,0.6,2025-10-16,794,n,15.75,D
29.22826,75.01598,318.13,285.11,0.5,0.6,2025-10-20,803,n,13.55,D
29.23119,75.01862,319.22,288.53,0.5,0.6,2025-10-21,771,n,15.35,D
29.22627,75.01381,313.72,285.6,0.5,0.6,2025-10-21,823,n,3.26,D
29.32511,77.493,323.28,284.64,0.5,0.6,2025-11-05,771,n,17.27,D
29.32434,77.4933,315.91,282.61,0.5,0.6,2025-11-06,756,n,5.81,D
29.32719,77.49198,313.74,283.72,0.5,0.6,2025-11-06,809,n,8.1,D
31.6998,75.09191,320.08,285.73,0.5,0.6,2025-11-07,765,n,11.05,D
31.69675,75.09222,313.23,284.89,0.5,0.6,2025-11-08,820,n,8.09,D
31.69338,75.0941,312.34,286.16,0.5,0.6,2025-11-08,813,n,6.07,D
29.33075,77.49247,312.13,285.77,0.5,0.6,2025-10-22,775,n,5.24,D
29.33543,77.49442,322.3,285.58,0.5,0.6,2025-10-22,810,n,11.48,D
31.69743,75.21969,322.95,286.09,0.5,0.6,2025-11-12,773,n,15.45,D
31.69952,75.2203,319.0,283.79,0.5,0.6,2025-11-12,761,n,12.67,D
31.6964,75.21916,313.53,285.41,0.5,0.6,2025-11-13,823,n,9.72,D
30.53386,74.75785,315.51,282.15,0.5,0.6,2025-10-17,756,n,6.99,D
30.53414,74.76077,322.74,285.54,0.5,0.6,2025-10-17,796,n,16.05,D
29.82821,75.51893,315.47,284.49,0.5,0.6,2025-11-05,759,n,9.52,D
29.82919,75.51898,316.63,284.9,0.5,0.6,2025-11-06,815,n,11.04,D
30.00405,74.94461,314.07,288.39,0.5,0.6,2025-10-24,813,n,8.89,D
30.00533,74.94811,312.37,280.72,0.5,0.6,2025-10-24,806,n,4.01,D
31.7034,75.62828,315.53,283.06,0.5,0.6,2025-11-10,795,n,8.59,D
31.70165,75.62962,312.9,285.15,0.5,0.6,2025-11-10,743,n,5.93,D
31.7072,75.628,320.3,285.9,0.5,0.6,2025-11-11,806,n,14.17,D
30.00764,77.40397,314.16,285.88,0.5,0.6,2025-10-21,749,n,4.53,D
30.00937,77.39799,314.66,285.08,0.5,0.6,2025-10-21,774,n,5.17,D
31.65396,76.61746,319.12,287.23,0.5,0.6,2025-10-25,772,n,9.24,D
31.65404,76.61618,317.57,286.17,0.5,0.6,2025-10-25,795,n,5.04,D
29.22898,75.08735,323.71,286.05,0.5,0.6,2025-10-19,772,n,17.29,D
31.45787,77.11717,316.52,284.55,0.5,0.6,2025-10-19,766,n,11.88,D
31.46077,77.11305,318.33,286.42,0.5,0.6,2025-10-19,750,n,13.51,D
31.4592,77.11409,316.87,288.88,0.5,0.6,2025-10-20,806,n,14.01,D
31.46221,77.11744,317.36,286.56,0.5,0.6,2025-10-20,771,n,6.09,D
30.92256,75.46467,322.0,283.92,0.5,0.6,2025-10-26,743,n,11.93,D
30.92602,75.46734,317.5,286.95,0.5,0.6,2025-10-27,822,n,9.38,D
30.92254,75.46846,318.69,284.96,0.5,0.6,2025-10-27,791,n,9.21,D
29.9628,76.55127,317.73,283.67,0.5,0.6,2025-11-04,760,n,10.36,D
29.95891,76.54911,318.02,288.48,0.5,0.6,2025-11-05,749,n,9.47,D
30.7026,77.32957,317.79,287.1,0.5,0.6,2025-10-12,787,n,15.05,D
30.713,77.3278,320.05,282.59,0.5,0.6,2025-10-13,818,n,13.68,D
30.90662,75.44874,319.56,296.01,0.5,0.6,2025-11-07,745,n,16.34,D
31.03425,75.51056,318.58,285.56,0.5,0.6,2025-10-27,757,n,9.48,D
31.03851,75.52001,317.86,286.09,0.5,0.6,2025-10-28,748,n,16.07,D
29.65969,76.38381,322.49,287.15,0.5,0.6,2025-10-18,790,n,15.18,D
29.65927,76.3832,311.5,290.19,0.5,0.6,2025-10-18,762,n,7.88,D
31.37543,76.28756,316.15,286.53,0.5,0.6,2025-10-18,798,n,10.37,D
31.37885,76.28535,316.15,283.93,0.5,0.6,2025-10-19,829,n,13.26,D
31.3811,76.28766,308.59,287.61,0.5,0.6,2025-10-19,787,n,3.14,D
31.50957,76.26026,312.98,282.68,0.5,0.6,2025-10-17,769,n,4.32,D
31.50684,76.2682,315.18,284.92,0.5,0.6,2025-10-17,825,n,6.98,D
30.38268,75.47731,318.24,288.12,0.5,0.6,2025-11-01,745,n,7.88,D
29.21208,75.59992,313.65,285.58,0.5,0.6,2025-10-16,818,n,3.36,D
29.21354,75.60468,320.15,288.38,0.5,0.6,2025-10-16,801,n,15.96,D
29.21493,75.60086,321.51,285.88,0.5,0.6,2025-10-17,811,n,15.03,D
29.21629,75.60394,314.86,285.61,0.5,0.6,2025-10-17,804,n,8.46,D
30.03292,76.95537,318.12,288.29,0.5,0.6,2025-11-10,741,n,11.53,D
29.13593,75.31569,317.69,287.8,0.5,0.6,2025-11-05,822,n,11.53,D
29.14057,75.31507,315.05,288.78,0.5,0.6,2025-11-06,813,n,7.43,D
29.14057,75.31962,319.88,282.04,0.5,0.6,2025-11-06,789,n,14.75,D
29.31354,75.45814,316.48,289.33,0.5,0.6,2025-11-02,822,n,10.73,D
29.31216,75.46281,317.35,288.39,0.5,0.6,2025-11-02,749,n,10.61,D
29.56741,74.99137,320.45,288.72,0.5,0.6,2025-10-30,741,n,16.77,D
30.10162,77.09141,320.34,286.16,0.5,0.6,2025-10-31,824,n,14.18,D
30.10039,77.09713,317.39,286.23,0.5,0.6,2025-10-31,805,n,12.08,D
30.09785,77.09462,317.72,288.46,0.5,0.6,2025-11-01,806,n,12.2,D
29.23397,75.38086,323.08,286.19,0.5,0.6,2025-10-23,741,n,13.98,D
29.23061,75.38648,322.41,285.48,0.5,0.6,2025-10-23,779,n,16.04,D
29.65149,76.27755,319.53,284.76,0.5,0.6,2025-11-08,811,n,11.63,D
29.65191,76.27434,313.6,285.68,0.5,0.6,2025-11-09,797,n,5.16,D
30.35761,74.90125,317.26,283.99,0.5,0.6,2025-10-29,817,n,11.35,D
30.35433,74.90244,317.34,284.54,0.5,0.6,2025-10-30,828,n,6.85,D
29.72744,75.00596,319.98,286.51,0.5,0.6,2025-10-24,783,n,9.68,D
29.73014,75.00622,319.38,288.77,0.5,0.6,2025-10-24,763,n,13.69,D
29.73269,75.0104,315.46,284.54,0.5,0.6,2025-10-25,776,n,5.26,D
30.36094,74.81207,318.91,285.76,0.5,0.6,2025-11-03,824,n,13.07,D
30.35261,74.81318,314.02,284.06,0.5,0.6,2025-11-03,774,n,9.03,D
31.2445,75.98036,322.03,283.82,0.5,0.6,2025-10-18,755,n,16.3,D
31.24363,75.97784,318.93,287.47,0.5,0.6,2025-10-18,762,n,11.18,D
31.23349,75.97446,321.49,285.09,0.5,0.6,2025-10-19,756,n,13.8,D
31.2416,75.98187,313.26,287.68,0.5,0.6,2025-10-19,742,n,3.97,D
29.97694,77.17792,312.18,284.43,0.5,0.6,2025-10-29,776,n,3.96,D
30.48227,75.61863,311.3,283.35,0.5,0.6,2025-10-27,815,n,5.37,D
30.48449,75.62355,314.59,288.58,0.5,0.6,2025-10-28,799,n,3.33,D
30.48113,75.62308,317.48,286.28,0.5,0.6,2025-10-28,824,n,5.6,D
30.53729,75.86405,315.71,283.83,0.5,0.6,2025-11-13,742,n,7.17,D
30.5383,75.86077,316.09,288.49,0.5,0.6,2025-11-13,795,n,10.61,D
30.54113,75.86517,317.67,285.22,0.5,0.6,2025-11-14,808,n,11.48,D
30.54026,75.86448,315.59,290.06,0.5,0.6,2025-11-14,812,n,6.2,D
30.76724,75.96892,321.27,288.18,0.5,0.6,2025-10-25,774,n,11.04,D
30.75644,75.96426,321.21,286.69,0.5,0.6,2025-10-25,792,n,15.94,D
29.11204,75.99526,321.12,287.48,0.5,0.6,2025-11-11,740,n,10.97,D
31.51184,76.59531,314.76,286.92,0.5,0.6,2025-11-02,808,n,6.68,D
31.51866,76.59146,315.6,288.66,0.5,0.6,2025-11-02,812,n,9.96,D
31.51823,76.59305,323.12,284.01,0.5,0.6,2025-11-03,795,n,17.35,D
31.14345,75.26382,316.14,286.6,0.5,0.6,2025-10-24,826,n,13.69,D
31.14994,75.2629,317.65,288.05,0.5,0.6,2025-10-24,754,n,11.79,D
31.15358,75.26111,312.9,286.85,0.5,0.6,2025-10-25,794,n,4.81,D
30.6468,77.14003,310.75,284.93,0.5,0.6,2025-10-28,823,n,5.81,D
30.64247,77.14067,320.79,286.48,0.5,0.6,2025-10-29,793,n,17.08,D
30.64997,77.1398,316.41,284.11,0.5,0.6,2025-10-29,784,n,9.49,D
30.60526,74.70938,325.1,284.81,0.5,0.6,2025-11-02,793,n,17.78,D
30.60068,74.71158,315.88,284.71,0.5,0.6,2025-11-03,748,n,7.47,D
30.59806,74.70556,315.18,285.64,0.5,0.6,2025-11-03,790,n,5.52,D
29.5721,77.16417,322.07,282.73,0.5,0.6,2025-10-14,760,n,15.78,D
29.56936,77.16401,317.49,287.09,0.5,0.6,2025-10-14,812,n,10.62,D
29.19115,77.34367,311.75,288.3,0.5,0.6,2025-11-13,787,n,9.61,D
29.19294,77.34384,316.13,285.78,0.5,0.6,2025-11-13,821,n,9.51,D
29.1945,77.34732,312.61,285.55,0.5,0.6,2025-11-14,769,n,5.37,D
29.19361,77.34786,315.41,288.11,0.5,0.6,2025-11-14,804,n,4.25,D
30.16142,76.4409,307.94,288.06,0.5,0.6,2025-10-14,740,n,5.75,D
30.16791,76.44693,319.37,285.32,0.5,0.6,2025-10-14,829,n,15.49,D
30.16268,76.44016,314.36,287.56,0.5,0.6,2025-10-15,751,n,6.85,D
29.00409,76.74487,321.83,282.86,0.5,0.6,2025-11-07,806,n,14.62,D
29.00387,76.75359,316.51,286.2,0.5,0.6,2025-11-08,794,n,6.81,D
29.00816,76.7436,314.41,286.18,0.5,0.6,2025-11-08,792,n,11.69,D
31.11867,76.29246,319.31,287.91,0.5,0.6,2025-10-24,758,n,16.52,D
31.11431,76.29546,315.48,285.86,0.5,0.6,2025-10-24,773,n,7.25,D
31.11029,76.29183,315.48,281.71,0.5,0.6,2025-10-25,823,n,13.34,D
31.11571,76.29934,320.36,285.93,0.5,0.6,2025-10-25,802,n,14.99,D
31.19659,74.69373,313.73,285.91,0.5,0.6,2025-10-29,803,n,4.26,D
31.20225,74.68653,321.04,279.22,0.5,0.6,2025-10-29,778,n,14.61,D
29.56357,74.75749,322.38,284.11,0.5,0.6,2025-11-13,757,n,14.44,D
29.66601,75.3233,322.68,284.85,0.5,0.6,2025-11-08,820,n,15.9,D
29.66788,75.32323,318.54,283.13,0.5,0.6,2025-11-08,770,n,14.92,D
31.35732,74.66252,317.6,285.0,0.5,0.6,2025-11-11,821,n,14.83,D
31.36224,74.65778,318.47,285.67,0.5,0.6,2025-11-11,809,n,11.87,D
30.64204,77.32057,315.5,282.44,0.5,0.6,2025-10-15,798,n,10.26,D
30.64959,77.32101,313.37,285.72,0.5,0.6,2025-10-15,784,n,6.97,D
30.6475,77.32492,320.56,284.95,0.5,0.6,2025-10-16,742,n,13.1,D
29.47019,76.31009,315.56,285.52,0.5,0.6,2025-10-16,776,n,10.16,D
29.46588,76.31582,322.51,287.1,0.5,0.6,2025-10-17,794,n,13.05,D
30.74115,76.4377,325.02,285.12,0.5,0.6,2025-10-13,778,n,17.21,D
30.73596,76.44453,316.27,287.84,0.5,0.6,2025-10-13,784,n,8.93,D
30.73067,76.4418,314.13,288.0,0.5,0.6,2025-10-14,745,n,8.65,D
30.73827,76.44138,309.9,284.68,0.5,0.6,2025-10-14,745,n,3.81,D
29.09305,76.2892,313.86,283.26,0.5,0.6,2025-11-12,793,n,7.25,D
29.08598,76.28939,315.79,289.57,0.5,0.6,2025-11-12,779,n,10.91,D
30.86058,77.35995,321.5,282.41,0.5,0.6,2025-11-10,819,n,16.68,D
30.85254,77.36055,318.16,284.51,0.5,0.6,2025-11-10,796,n,6.85,D
30.85275,77.35947,319.09,286.59,0.5,0.6,2025-11-11,756,n,9.87,D
30.07708,77.29729,313.05,285.46,0.5,0.6,2025-11-05,802,n,4.05,D
30.08136,77.29597,318.91,286.11,0.5,0.6,2025-11-05,803,n,13.66,D
29.20677,76.52471,323.8,289.24,0.5,0.6,2025-10-24,782,n,17.85,D
29.20871,76.51983,314.86,288.06,0.5,0.6,2025-10-24,745,n,6.42,D
29.207,76.52832,319.77,287.03,0.5,0.6,2025-10-25,790,n,12.6,D
29.20508,76.52804,321.7,287.08,0.5,0.6,2025-10-25,751,n,17.08,D
29.23062,75.05867,318.36,283.96,0.5,0.6,2025-10-13,821,n,7.54,D
29.21954,75.05975,316.03,288.51,0.5,0.6,2025-10-13,779,n,9.34,D
30.42478,77.36374,311.44,288.24,0.5,0.6,2025-10-18,829,n,3.61,D
30.42384,77.36526,313.7,288.55,0.5,0.6,2025-10-18,776,n,8.51,D
30.42553,77.36033,317.77,285.4,0.5,0.6,2025-10-19,754,n,12.03,D
31.33953,76.67187,317.16,281.67,0.5,0.6,2025-10-13,785,n,7.74,D
31.33816,76.67325,319.46,286.9,0.5,0.6,2025-10-14,751,n,14.13,D
31.33908,76.66759,312.7,286.31,0.5,0.6,2025-10-14,827,n,6.08,D
29.83956,77.3822,314.3,289.02,0.5,0.6,2025-10-10,795,n,4.84,D
30.55394,75.1844,313.86,289.52,0.5,0.6,2025-10-19,799,n,8.57,D
30.55259,75.17927,311.15,290.27,0.5,0.6,2025-10-19,754,n,3.07,D
30.55516,75.17817,321.68,286.89,0.5,0.6,2025-10-20,774,n,14.47,D
30.30992,76.15912,316.12,283.71,0.5,0.6,2025-10-22,760,n,12.92,D
30.31232,76.15658,317.57,286.33,0.5,0.6,2025-10-22,801,n,9.06,D
30.31144,76.1614,312.37,284.42,0.5,0.6,2025-10-23,817,n,4.28,D
30.30989,76.15771,314.36,289.07,0.5,0.6,2025-10-23,828,n,9.09,D
31.08838,75.57538,314.04,287.92,0.5,0.6,2025-10-28,765,n,8.24,D
31.08201,75.57566,325.13,286.68,0.5,0.6,2025-10-29,743,n,17.63,D
31.08064,75.5755,315.47,286.12,0.5,0.6,2025-10-29,791,n,8.56,D
29.40632,75.23809,316.23,289.63,0.5,0.6,2025-10-16,814,n,8.61,D
29.13934,74.96173,314.53,285.08,0.5,0.6,2025-10-12,778,n,6.12,D
29.13814,74.96108,321.59,287.41,0.5,0.6,2025-10-12,818,n,15.01,D
29.14065,74.97006,316.89,285.15,0.5,0.6,2025-10-13,788,n,12.24,D
29.14011,74.96731,310.12,285.04,0.5,0.6,2025-10-13,803,n,4.55,D
31.12724,74.56861,314.47,285.87,0.5,0.6,2025-10-17,753,n,8.45,D
31.12588,74.5675,323.74,288.46,0.5,0.6,2025-10-17,742,n,14.84,D
31.12946,74.57013,317.68,288.6,0.5,0.6,2025-10-18,813,n,13.1,D
29.53538,75.95367,322.04,288.14,0.5,0.6,2025-11-10,819,n,13.65,D
30.88229,76.54569,321.75,285.1,0.5,0.6,2025-11-12,797,n,13.91,D
30.8837,76.54913,318.45,285.78,0.5,0.6,2025-11-12,762,n,9.45,D
30.88287,76.54913,315.83,285.14,0.5,0.6,2025-11-13,765,n,6.21,D
31.15988,76.35684,318.08,284.03,0.5,0.6,2025-10-22,787,n,9.6,D
31.16039,76.35796,308.63,284.53,0.5,0.6,2025-10-22,818,n,3.09,D
30.42861,76.2479,316.97,284.92,0.5,0.6,2025-10-31,776,n,3.22,D
30.42297,76.24364,318.73,284.51,0.5,0.6,2025-10-31,742,n,12.48,D
30.42679,76.24428,316.12,286.32,0.5,0.6,2025-11-01,771,n,9.31,D
29.45775,76.604,313.15,285.64,0.5,0.6,2025-10-29,777,n,5.78,D
30.00893,75.28887,322.17,286.64,0.5,0.6,2025-10-18,793,n,14.1,D
30.01045,75.29171,318.97,289.33,0.5,0.6,2025-10-19,778,n,13.56,D
30.00846,75.28517,314.49,286.67,0.5,0.6,2025-10-19,829,n,7.65,D
30.32107,75.37457,317.45,285.52,0.5,0.6,2025-10-16,752,n,6.28,D
30.32789,75.36818,314.6,289.12,0.5,0.6,2025-10-16,761,n,6.58,D
31.12504,75.08719,312.57,285.76,0.5,0.6,2025-10-25,785,n,5.95,D
29.30705,76.54876,315.51,287.61,0.5,0.6,2025-10-21,791,n,4.49,D
29.26997,75.41916,319.9,284.44,0.5,0.6,2025-10-12,796,n,13.18,D
29.27397,75.41777,323.03,283.64,0.5,0.6,2025-10-12,751,n,17.68,D
29.21203,77.01555,322.63,287.23,0.5,0.6,2025-10-20,765,n,17.62,D
29.2173,77.00532,321.44,286.36,0.5,0.6,2025-10-20,822,n,17.53,D
29.21653,77.01398,308.8,287.35,0.5,0.6,2025-10-21,778,n,5.02,D
29.21887,77.01391,312.1,286.09,0.5,0.6,2025-10-21,783,n,4.17,D
30.09135,75.26601,316.5,284.05,0.5,0.6,2025-10-27,749,n,12.08,D
30.08664,75.26699,315.39,284.36,0.5,0.6,2025-10-27,811,n,9.82,D
31.1664,75.12172,313.57,290.15,0.5,0.6,2025-11-01,773,n,3.83,D
31.17463,75.12106,311.18,285.48,0.5,0.6,2025-11-02,750,n,3.47,D
31.16931,75.1202,314.4,288.26,0.5,0.6,2025-11-02,751,n,4.45,D
30.74958,75.14075,312.47,288.43,0.5,0.6,2025-10-25,743,n,5.12,D
31.27543,76.76883,322.09,289.17,0.5,0.6,2025-10-15,801,n,16.29,D
31.27317,76.7677,316.4,284.46,0.5,0.6,2025-10-16,755,n,6.98,D
30.24796,74.74483,324.0,285.58,0.5,0.6,2025-10-30,825,n,15.85,D
30.25579,74.7372,314.08,285.21,0.5,0.6,2025-10-31,798,n,6.98,D
30.24346,74.74604,324.6,284.15,0.5,0.6,2025-10-31,780,n,17.72,D
31.56313,76.79238,314.25,284.24,0.5,0.6,2025-11-09,805,n,6.01,D
31.523,75.61709,316.73,289.68,0.5,0.6,2025-10-30,771,n,6.55,D
31.52902,75.62521,317.24,283.14,0.5,0.6,2025-10-30,800,n,12.05,D
31.52925,75.62789,318.59,286.35,0.5,0.6,2025-10-31,798,n,10.65,D
31.52621,75.62432,313.96,285.24,0.5,0.6,2025-10-31,826,n,4.96,D
31.57217,75.15612,318.75,287.31,0.5,0.6,2025-11-02,801,n,15.18,D
31.56882,75.15538,318.99,284.71,0.5,0.6,2025-11-03,786,n,12.06,D
31.08241,77.15565,315.3,286.72,0.5,0.6,2025-10-23,773,n,12.24,D
29.9779,77.40876,316.67,286.3,0.5,0.6,2025-10-21,825,n,12.5,D
29.97735,77.40435,312.84,283.13,0.5,0.6,2025-10-21,749,n,3.08,D
30.70467,76.50323,311.84,284.12,0.5,0.6,2025-11-08,747,n,4.88,D
30.69672,76.50512,321.58,285.34,0.5,0.6,2025-11-08,814,n,15.56,D
31.50702,77.13994,314.64,283.46,0.5,0.6,2025-10-15,770,n,8.45,D
29.209,75.99746,311.82,290.45,0.5,0.6,2025-10-27,820,n,4.67,D
29.21157,75.99421,322.99,286.75,0.5,0.6,2025-10-28,756,n,15.49,D
30.75219,75.79117,323.14,285.75,0.5,0.6,2025-10-19,764,n,17.8,D
30.75875,75.78989,316.45,285.98,0.5,0.6,2025-10-19,813,n,7.32,D
30.50564,75.61716,321.98,283.74,0.5,0.6,2025-10-10,770,n,16.23,D
30.49667,75.61979,313.72,286.29,0.5,0.6,2025-10-10,751,n,6.38,D
30.49761,75.62014,316.73,280.69,0.5,0.6,2025-10-11,751,n,10.82,D
31.12696,75.33183,314.44,287.31,0.5,0.6,2025-10-26,808,n,6.46,D
31.13394,75.32804,321.35,284.0,0.5,0.6,2025-10-26,758,n,18.0,D
29.41047,75.72295,317.36,284.15,0.5,0.6,2025-10-10,760,n,10.18,D
29.41088,75.72222,320.41,282.19,0.5,0.6,2025-10-10,760,n,14.88,D
30.03443,76.19531,323.85,287.12,0.5,0.6,2025-10-10,786,n,17.57,D
30.03535,76.18946,320.91,283.17,0.5,0.6,2025-10-10,801,n,13.58,D
30.03801,76.19379,319.19,286.91,0.5,0.6,2025-10-11,753,n,13.29,D
30.76797,75.06422,316.09,284.44,0.5,0.6,2025-10-23,755,n,6.73,D
30.76324,75.06629,319.8,287.94,0.5,0.6,2025-10-23,803,n,16.31,D
31.65558,74.8807,323.77,285.05,0.5,0.6,2025-10-24,781,n,17.79,D
31.65919,74.87499,317.6,286.16,0.5,0.6,2025-10-24,777,n,13.71,D
31.65344,74.87842,316.83,286.36,0.5,0.6,2025-10-25,819,n,12.63,D
29.18683,76.97093,314.64,285.08,0.5,0.6,2025-10-12,746,n,9.71,D
29.18247,76.97265,315.57,287.48,0.5,0.6,2025-10-13,748,n,9.89,D
30.49004,76.7436,316.54,283.09,0.5,0.6,2025-11-03,819,n,8.04,D
30.49144,76.75037,312.45,285.59,0.5,0.6,2025-11-04,773,n,3.65,D
30.49231,76.74506,312.32,286.14,0.5,0.6,2025-11-04,821,n,7.77,D
31.47695,75.41227,320.73,282.91,0.5,0.6,2025-11-12,792,n,14.05,D
31.15533,76.82189,312.54,288.66,0.5,0.6,2025-11-04,793,n,3.09,D
31.14439,76.82531,315.96,285.59,0.5,0.6,2025-11-05,756,n,7.23,D
31.15021,76.82273,320.44,288.69,0.5,0.6,2025-11-05,808,n,11.63,D
29.63192,75.71645,320.9,284.58,0.5,0.6,2025-10-25,783,n,17.11,D
31.13353,74.51175,317.23,286.34,0.5,0.6,2025-10-26,749,n,9.94,D
31.13824,74.51009,317.08,286.74,0.5,0.6,2025-10-26,789,n,9.16,D
29.76117,76.31868,318.42,286.21,0.5,0.6,2025-11-07,753,n,12.32,D
29.76527,76.32096,316.38,285.31,0.5,0.6,2025-11-07,806,n,11.72,D
29.75927,76.32086,321.56,287.57,0.5,0.6,2025-11-08,820,n,16.13,D
29.76398,76.32297,319.71,286.17,0.5,0.6,2025-11-08,751,n,12.65,D
29.59049,76.07348,314.96,285.35,0.5,0.6,2025-11-07,791,n,9.85,D
29.94476,76.65737,314.72,283.07,0.5,0.6,2025-11-03,787,n,9.28,D
29.95123,76.65484,319.49,288.73,0.5,0.6,2025-11-03,822,n,15.23,D
29.55562,74.89421,310.41,284.4,0.5,0.6,2025-11-07,824,n,5.19,D
29.54975,74.89943,314.4,286.61,0.5,0.6,2025-11-07,817,n,5.58,D
30.67849,76.675,322.01,288.23,0.5,0.6,2025-10-22,784,n,12.85,D
31.21907,74.65303,326.62,286.2,0.5,0.6,2025-11-01,773,n,15.79,D
31.21653,74.65203,312.41,284.7,0.5,0.6,2025-11-02,826,n,4.6,D
31.2239,74.65081,309.95,282.51,0.5,0.6,2025-11-02,752,n,3.15,D
29.9714,77.04756,316.52,287.77,0.5,0.6,2025-11-13,803,n,5.56,D
31.1441,76.70607,319.03,282.98,0.5,0.6,2025-11-12,750,n,8.9,D
31.14443,76.71193,316.67,285.47,0.5,0.6,2025-11-12,788,n,11.95,D
31.14344,76.71204,312.06,286.97,0.5,0.6,2025-11-13,765,n,4.22,D
31.14272,76.70806,312.8,285.97,0.5,0.6,2025-11-13,769,n,4.79,D
30.76311,75.36079,325.31,289.29,0.5,0.6,2025-11-05,797,n,17.91,D
30.76166,75.36599,314.44,288.53,0.5,0.6,2025-11-06,748,n,4.52,D
30.75819,75.36584,318.85,287.89,0.5,0.6,2025-11-06,772,n,9.76,D
30.14787,76.05736,311.41,287.13,0.5,0.6,2025-11-06,823,n,4.44,D
30.23549,76.75167,314.88,285.06,0.5,0.6,2025-10-13,754,n,8.2,D
29.46089,75.29604,318.91,284.98,0.5,0.6,2025-10-29,793,n,17.3,D
29.22441,76.92697,322.17,287.66,0.5,0.6,2025-11-09,763,n,12.12,D
29.23053,76.92592,315.88,287.48,0.5,0.6,2025-11-10,780,n,8.9,D
29.22559,76.92617,315.0,289.12,0.5,0.6,2025-11-10,794,n,16.39,D
29.9203,76.39384,321.02,288.35,0.5,0.6,2025-11-09,756,n,15.73,D
29.01783,76.84973,315.14,285.12,0.5,0.6,2025-10-23,768,n,11.01,D
29.60993,74.59051,316.61,285.18,0.5,0.6,2025-11-01,784,n,5.48,D
29.61479,74.58876,310.94,285.38,0.5,0.6,2025-11-01,811,n,7.05,D
31.55841,77.34342,319.04,285.95,0.5,0.6,2025-11-03,741,n,6.49,D
31.5627,77.3506,316.85,285.34,0.5,0.6,2025-11-04,787,n,11.96,D
31.56232,77.34016,310.56,293.74,0.5,0.6,2025-11-04,756,n,3.98,D
30.63193,77.32901,319.26,287.63,0.5,0.6,2026-04-21,763,n,10.42,D
29.19586,76.14166,313.78,288.64,0.5,0.6,2026-05-05,826,n,5.73,D
29.19487,76.14618,318.58,288.34,0.5,0.6,2026-05-05,776,n,14.72,D
29.19502,76.14434,320.65,285.45,0.5,0.6,2026-05-06,812,n,13.64,D
30.06908,74.71292,317.51,285.79,0.5,0.6,2026-05-02,769,n,10.88,D
30.06272,74.71516,319.99,283.81,0.5,0.6,2026-05-03,740,n,12.43,D
30.0588,74.71979,317.02,283.06,0.5,0.6,2026-05-03,781,n,6.71,D
30.87403,74.56961,313.84,283.72,0.5,0.6,2026-04-17,756,n,3.79,D
29.67896,75.74737,312.93,286.01,0.5,0.6,2026-04-22,814,n,4.75,D
29.67671,75.74772,310.51,285.02,0.5,0.6,2026-04-22,776,n,3.92,D
31.13504,75.57999,316.35,288.88,0.5,0.6,2026-05-05,827,n,4.89,D
31.13657,75.58641,318.14,286.29,0.5,0.6,2026-05-06,822,n,9.55,D
31.13802,75.58348,319.58,285.93,0.5,0.6,2026-05-06,749,n,11.57,D
30.47238,75.48249,313.18,288.06,0.5,0.6,2026-05-06,789,n,4.05,D
30.47032,75.47404,320.27,286.88,0.5,0.6,2026-05-07,741,n,13.41,D
30.47513,75.47536,318.54,286.03,0.5,0.6,2026-05-07,769,n,13.85,D
31.72919,75.58213,312.67,286.7,0.5,0.6,2026-05-15,783,n,7.96,D
31.73008,75.58074,311.06,283.92,0.5,0.6,2026-05-16,764,n,3.56,D
31.73198,75.584,318.02,283.95,0.5,0.6,2026-05-16,767,n,10.74,D
29.10835,74.63208,316.56,286.35,0.5,0.6,2026-05-07,777,n,8.36,D
29.71198,76.355,316.4,285.35,0.5,0.6,2026-05-19,751,n,7.07,D
29.71434,76.35508,315.87,285.04,0.5,0.6,2026-05-19,777,n,3.59,D
30.85807,76.27875,318.94,284.47,0.5,0.6,2026-05-13,805,n,14.34,D
30.85205,76.2747,315.36,288.27,0.5,0.6,2026-05-14,740,n,10.06,D
30.84978,76.27614,312.9,286.16,0.5,0.6,2026-05-14,751,n,7.27,D
29.36031,76.61765,314.44,283.18,0.5,0.6,2026-05-16,803,n,4.91,D
29.36253,76.61727,315.59,285.42,0.5,0.6,2026-05-17,764,n,8.83,D
30.34938,75.02103,314.95,288.08,0.5,0.6,2026-05-05,740,n,3.53,D
30.34876,75.01096,314.13,284.34,0.5,0.6,2026-05-05,781,n,9.17,D
30.34546,75.02158,324.14,285.77,0.5,0.6,2026-05-06,819,n,16.71,D
30.34743,75.01663,315.6,285.02,0.5,0.6,2026-05-06,745,n,8.72,D
30.71675,76.06151,318.65,284.88,0.5,0.6,2026-05-05,773,n,11.79,D
30.72001,76.06552,318.9,284.91,0.5,0.6,2026-05-06,769,n,11.55,D
30.71393,76.06225,317.52,288.54,0.5,0.6,2026-05-06,754,n,6.29,D
31.53125,76.52099,321.49,287.27,0.5,0.6,2026-04-18,756,n,15.56,D
31.40008,76.47264,317.19,282.65,0.5,0.6,2026-04-17,787,n,5.74,D
31.40941,76.47712,317.89,286.59,0.5,0.6,2026-04-18,748,n,9.6,D
31.40173,76.46648,314.13,286.87,0.5,0.6,2026-04-18,811,n,7.4,D
29.04651,75.94391,318.31,284.38,0.5,0.6,2026-04-20,808,n,12.77,D
29.05083,75.94426,313.18,284.2,0.5,0.6,2026-04-21,758,n,4.23,D
30.34159,75.81041,318.58,285.47,0.5,0.6,2026-04-24,756,n,14.86,D
30.33802,75.80765,317.67,283.65,0.5,0.6,2026-04-25,809,n,12.0,D
31.01176,74.69449,312.52,286.96,0.5,0.6,2026-04-29,816,n,3.86,D
31.00562,74.70038,317.0,284.22,0.5,0.6,2026-04-29,748,n,12.13,D
31.00843,74.70184,319.07,283.92,0.5,0.6,2026-04-30,809,n,13.52,D
31.22948,75.08697,316.06,288.42,0.5,0.6,2026-05-18,807,n,12.49,D
31.22287,75.08547,316.77,282.33,0.5,0.6,2026-05-19,765,n,10.2,D
31.22834,75.08819,317.06,285.01,0.5,0.6,2026-05-19,824,n,15.11,D
31.35462,74.99488,322.03,283.76,0.5,0.6,2026-05-08,787,n,13.19,D
31.35897,74.99928,324.6,287.78,0.5,0.6,2026-05-08,770,n,16.62,D
31.3586,74.99792,323.17,285.96,0.5,0.6,2026-05-09,800,n,15.09,D
31.36043,75.00361,313.18,283.62,0.5,0.6,2026-05-09,795,n,5.28,D
30.14752,75.77792,311.78,284.9,0.5,0.6,2026-05-11,779,n,3.16,D
30.14375,75.77412,313.64,288.22,0.5,0.6,2026-05-11,762,n,8.63,D
30.14466,75.78039,316.78,287.24,0.5,0.6,2026-05-12,742,n,10.31,D
30.15026,75.77567,316.11,282.13,0.5,0.6,2026-05-12,803,n,6.19,D
30.6622,76.78023,310.78,281.2,0.5,0.6,2026-04-17,819,n,5.75,D
30.64471,76.78611,316.16,282.78,0.5,0.6,2026-04-18,792,n,12.87,D
30.65198,76.7844,315.14,286.17,0.5,0.6,2026-04-18,782,n,7.56,D
29.34309,75.30353,322.67,285.21,0.5,0.6,2026-05-11,827,n,13.78,D
29.34873,75.3052,315.62,288.98,0.5,0.6,2026-05-12,746,n,8.8,D
29.3476,75.29913,317.74,286.38,0.5,0.6,2026-05-12,745,n,14.97,D
31.60005,74.79394,320.91,284.94,0.5,0.6,2026-04-17,791,n,14.7,D
31.5954,74.78995,321.31,284.06,0.5,0.6,2026-04-17,770,n,17.72,D
31.59741,74.79194,322.29,288.71,0.5,0.6,2026-04-18,820,n,16.91,D
31.59326,74.78432,320.35,286.0,0.5,0.6,2026-04-18,802,n,15.37,D
29.9514,75.31829,317.39,283.64,0.5,0.6,2026-04-25,783,n,11.67,D
29.94798,75.31312,317.74,288.87,0.5,0.6,2026-04-26,753,n,10.0,D
29.95033,75.32223,313.75,286.96,0.5,0.6,2026-04-26,757,n,7.42,D
30.93406,75.28225,320.73,285.5,0.5,0.6,2026-04-24,761,n,11.95,D
29.50196,75.13354,320.18,284.3,0.5,0.6,2026-05-13,821,n,14.11,D
29.50773,75.13352,317.21,287.34,0.5,0.6,2026-05-14,810,n,3.67,D
29.50658,75.13446,319.46,288.67,0.5,0.6,2026-05-14,743,n,17.12,D
29.65937,77.49831,318.48,287.13,0.5,0.6,2026-05-12,803,n,16.45,D
29.65799,77.50099,319.65,283.5,0.5,0.6,2026-05-12,753,n,14.22,D
31.33314,76.08155,313.88,287.98,0.5,0.6,2026-05-18,798,n,7.21,D
31.33275,76.08573,316.52,283.32,0.5,0.6,2026-05-18,787,n,12.25,D
30.67288,76.84447,319.64,284.09,0.5,0.6,2026-04-21,778,n,9.73,D
30.67047,76.84213,316.24,288.89,0.5,0.6,2026-04-21,798,n,7.36,D
30.66901,76.84019,312.85,285.75,0.5,0.6,2026-04-22,809,n,3.97,D
30.67347,76.85061,312.54,285.32,0.5,0.6,2026-04-22,815,n,5.09,D
31.09762,75.54682,314.53,285.22,0.5,0.6,2026-04-22,826,n,6.08,D
31.09369,75.54663,313.7,287.1,0.5,0.6,2026-04-22,787,n,6.3,D
31.08033,76.53941,315.68,288.09,0.5,0.6,2026-05-19,756,n,4.29,D
31.07622,76.54018,319.45,279.57,0.5,0.6,2026-05-19,798,n,11.87,D
31.07242,76.54027,317.7,287.17,0.5,0.6,2026-05-20,795,n,6.57,D
31.08152,76.53862,315.25,285.01,0.5,0.6,2026-05-20,805,n,6.91,D
31.17199,75.64834,324.14,287.35,0.5,0.6,2026-05-03,800,n,16.54,D
31.16662,75.65297,317.63,287.06,0.5,0.6,2026-05-04,744,n,8.76,D
31.1682,75.64902,322.35,286.57,0.5,0.6,2026-05-04,765,n,15.71,D
29.71685,75.51176,321.67,286.63,0.5,0.6,2026-04-15,820,n,14.22,D
29.71269,75.51377,319.32,285.78,0.5,0.6,2026-04-15,785,n,10.64,D
29.71606,75.50962,317.95,284.34,0.5,0.6,2026-04-16,810,n,14.71,D
29.72271,75.5122,312.57,290.3,0.5,0.6,2026-04-16,805,n,7.05,D
29.67235,75.95886,319.83,285.46,0.5,0.6,2026-04-15,807,n,14.57,D
31.13737,76.31181,314.85,286.47,0.5,0.6,2026-05-03,796,n,10.0,D
30.28303,75.62954,314.77,285.22,0.5,0.6,2026-04-15,767,n,4.06,D
30.27757,75.62134,315.6,283.36,0.5,0.6,2026-04-15,778,n,12.94,D
30.2773,75.62169,318.24,287.24,0.5,0.6,2026-04-16,779,n,12.37,D
31.24036,77.32065,317.55,290.7,0.5,0.6,2026-04-26,776,n,11.28,D
31.23654,77.3199,316.21,285.34,0.5,0.6,2026-04-26,814,n,5.24,D
29.5122,77.26837,316.26,284.59,0.5,0.6,2026-05-11,788,n,10.31,D
29.50848,77.27234,314.93,286.26,0.5,0.6,2026-05-12,782,n,5.33,D
29.51029,77.26372,314.74,286.47,0.5,0.6,2026-05-12,816,n,13.37,D
30.23785,75.33801,317.68,283.54,0.5,0.6,2026-04-26,819,n,7.89,D
30.24286,75.34087,322.86,284.31,0.5,0.6,2026-04-27,768,n,15.34,D
30.23418,75.33738,311.12,286.13,0.5,0.6,2026-04-27,801,n,5.65,D
31.33509,77.15752,318.23,287.25,0.5,0.6,2026-05-16,762,n,13.1,D
31.33585,77.15346,318.62,283.78,0.5,0.6,2026-05-17,795,n,16.13,D
30.48316,77.45224,316.19,287.22,0.5,0.6,2026-04-21,766,n,14.01,D
29.82926,74.63587,320.15,286.64,0.5,0.6,2026-04-22,824,n,14.11,D
29.83376,74.64036,312.98,286.13,0.5,0.6,2026-04-22,761,n,6.62,D
29.83106,74.63351,313.48,283.92,0.5,0.6,2026-04-23,764,n,3.6,D
29.83156,74.64251,315.79,287.71,0.5,0.6,2026-04-23,801,n,11.99,D
31.13517,77.33433,318.04,285.31,0.5,0.6,2026-05-13,821,n,5.2,D
31.13092,77.33611,320.73,286.52,0.5,0.6,2026-05-14,766,n,9.92,D
29.32718,75.43036,317.07,287.87,0.5,0.6,2026-05-16,817,n,7.88,D
30.5102,77.30087,314.05,285.37,0.5,0.6,2026-04-27,826,n,5.55,D
30.51252,77.29935,314.54,284.78,0.5,0.6,2026-04-27,796,n,5.5,D
31.38403,77.00173,319.94,287.7,0.5,0.6,2026-04-22,799,n,15.2,D
31.39004,77.00166,319.92,283.3,0.5,0.6,2026-04-23,821,n,8.42,D
31.34796,76.05594,313.72,286.72,0.5,0.6,2026-05-04,776,n,3.97,D
31.3413,76.05643,311.82,285.75,0.5,0.6,2026-05-05,755,n,4.09,D
31.34556,76.05896,320.79,283.83,0.5,0.6,2026-05-05,745,n,15.5,D
30.99891,74.69073,314.01,284.74,0.5,0.6,2026-05-01,750,n,7.06,D
30.90469,75.82971,324.25,285.38,0.5,0.6,2026-04-19,787,n,17.46,D
31.03512,76.75199,314.88,284.63,0.5,0.6,2026-05-04,776,n,7.12,D
31.03258,76.74993,315.43,286.67,0.5,0.6,2026-05-05,776,n,11.78,D
31.21685,75.17821,314.12,286.36,0.5,0.6,2026-05-16,740,n,8.66,D
31.21763,75.17752,319.02,286.49,0.5,0.6,2026-05-16,804,n,10.43,D
31.22152,75.17784,314.37,286.45,0.5,0.6,2026-05-17,752,n,5.11,D
31.43826,75.92722,320.46,285.45,0.5,0.6,2026-04-20,804,n,9.78,D
31.42955,75.92993,320.4,285.77,0.5,0.6,2026-04-21,779,n,14.39,D
30.32843,75.24715,318.15,286.84,0.5,0.6,2026-04-30,805,n,7.6,D
29.01078,75.19805,324.94,285.3,0.5,0.6,2026-05-18,747,n,14.4,D
30.30939,77.38344,313.18,287.61,0.5,0.6,2026-05-17,758,n,4.26,D
30.30936,77.37747,317.34,288.4,0.5,0.6,2026-05-17,800,n,8.17,D
29.34667,77.42388,312.34,287.15,0.5,0.6,2026-04-21,787,n,4.08,D
29.04831,75.47688,323.85,284.08,0.5,0.6,2026-05-18,791,n,14.56,D
29.04245,75.47333,314.28,284.39,0.5,0.6,2026-05-19,760,n,5.14,D
29.8974,75.50531,318.71,283.93,0.5,0.6,2026-05-13,791,n,6.17,D
29.90191,75.5005,319.99,288.16,0.5,0.6,2026-05-14,762,n,15.05,D
31.76927,75.53718,316.88,285.29,0.5,0.6,2026-05-07,807,n,9.59,D
31.76013,75.54172,316.06,284.43,0.5,0.6,2026-05-07,809,n,7.86,D
30.41524,76.58316,312.41,285.59,0.5,0.6,2026-05-01,797,n,6.0,D
30.41062,76.57596,318.36,289.0,0.5,0.6,2026-05-01,783,n,10.24,D
30.40996,76.58093,322.97,288.36,0.5,0.6,2026-05-02,762,n,17.27,D
30.40814,76.57926,319.76,285.56,0.5,0.6,2026-05-02,806,n,10.24,D
29.10989,74.81495,313.37,284.7,0.5,0.6,2026-05-09,809,n,10.28,D
29.11432,74.8124,322.85,287.59,0.5,0.6,2026-05-09,809,n,15.17,D
31.67277,76.4688,320.74,288.84,0.5,0.6,2026-04-27,822,n,15.93,D
31.67115,76.4689,320.55,288.9,0.5,0.6,2026-04-28,766,n,16.77,D
31.67118,76.46617,317.7,282.39,0.5,0.6,2026-04-28,763,n,14.92,D
30.15978,76.28263,317.89,287.4,0.5,0.6,2026-05-04,816,n,10.92,D
30.16008,76.27387,312.66,284.82,0.5,0.6,2026-05-04,818,n,3.36,D
31.05906,75.0114,313.45,286.1,0.5,0.6,2026-04-29,822,n,4.54,D
31.05658,75.01352,315.87,283.98,0.5,0.6,2026-04-30,813,n,9.83,D
31.05712,75.01531,312.57,285.6,0.5,0.6,2026-04-30,791,n,5.37,D
30.52937,75.38354,307.16,285.28,0.5,0.6,2026-05-03,809,n,3.79,D
29.32722,76.24081,313.63,286.96,0.5,0.6,2026-04-23,796,n,8.85,D
29.32417,76.24378,313.14,283.68,0.5,0.6,2026-04-23,767,n,4.74,D
29.78331,76.21705,316.5,286.65,0.5,0.6,2026-05-05,800,n,9.67,D
29.78688,76.21393,313.84,284.89,0.5,0.6,2026-05-05,800,n,3.55,D
29.78265,76.22007,318.44,283.27,0.5,0.6,2026-05-06,809,n,15.3,D
31.19409,74.94338,317.86,284.59,0.5,0.6,2026-04-21,751,n,17.66,D
31.20037,74.94207,312.27,288.91,0.5,0.6,2026-04-21,756,n,3.39,D
30.78772,74.71307,309.7,285.66,0.5,0.6,2026-04-15,814,n,6.68,D
30.78386,74.70992,322.57,288.02,0.5,0.6,2026-04-15,822,n,15.95,D
30.78654,74.70966,314.12,287.6,0.5,0.6,2026-04-16,803,n,9.23,D
30.77976,74.71574,320.17,286.4,0.5,0.6,2026-04-16,826,n,17.04,D
30.55697,74.66706,313.13,284.64,0.5,0.6,2026-05-08,814,n,9.26,D
30.55711,74.6709,315.31,286.97,0.5,0.6,2026-05-08,811,n,5.54,D
31.46103,75.01886,320.37,286.02,0.5,0.6,2026-04-16,774,n,14.64,D
31.45223,75.02424,315.17,282.97,0.5,0.6,2026-04-17,777,n,5.93,D
29.51311,74.75152,312.71,283.59,0.5,0.6,2026-04-16,789,n,3.17,D
29.51412,74.7546,316.37,287.52,0.5,0.6,2026-04-16,805,n,8.74,D
29.51577,74.7485,314.48,282.72,0.5,0.6,2026-04-17,775,n,4.32,D
29.51452,74.74977,319.58,282.87,0.5,0.6,2026-04-17,816,n,13.22,D
31.22687,75.94586,322.58,289.85,0.5,0.6,2026-04-29,810,n,14.33,D
31.23142,75.94979,310.8,283.4,0.5,0.6,2026-04-29,822,n,5.2,D
31.22511,75.95342,315.78,287.24,0.5,0.6,2026-04-30,817,n,12.2,D
31.22564,75.94952,316.53,290.17,0.5,0.6,2026-04-30,803,n,14.49,D
29.11626,75.8985,319.76,290.29,0.5,0.6,2026-05-11,808,n,13.04,D
29.11212,75.89577,311.0,285.44,0.5,0.6,2026-05-11,824,n,5.18,D
29.11334,75.8926,324.57,285.72,0.5,0.6,2026-05-12,757,n,17.2,D
29.11292,75.89816,311.51,286.33,0.5,0.6,2026-05-12,821,n,5.58,D
29.37762,74.9349,323.39,283.64,0.5,0.6,2026-04-15,779,n,16.56,D
29.37658,74.94124,313.53,288.12,0.5,0.6,2026-04-16,798,n,3.46,D
29.38004,74.93688,314.67,286.26,0.5,0.6,2026-04-16,824,n,7.99,D
29.0443,75.05142,314.88,286.67,0.5,0.6,2026-04-20,816,n,7.23,D
29.04695,75.05417,315.95,281.98,0.5,0.6,2026-04-21,769,n,5.81,D
31.19297,76.21422,322.13,288.16,0.5,0.6,2026-04-26,783,n,15.13,D
31.19222,76.20485,317.3,287.01,0.5,0.6,2026-04-26,814,n,10.4,D
29.83629,75.15176,319.58,289.14,0.5,0.6,2026-04-19,751,n,13.09,D
30.19332,77.30539,317.16,285.83,0.5,0.6,2026-04-15,794,n,14.48,D
30.19858,77.30108,326.07,287.6,0.5,0.6,2026-04-16,799,n,16.74,D
30.19149,77.30107,320.38,288.98,0.5,0.6,2026-04-16,808,n,11.78,D
30.37249,76.57666,311.36,284.09,0.5,0.6,2026-05-13,777,n,7.54,D
30.36894,76.57931,318.66,286.04,0.5,0.6,2026-05-14,822,n,13.15,D
31.11761,76.50473,322.56,287.53,0.5,0.6,2026-05-14,781,n,12.94,D
31.11652,76.50166,322.13,286.59,0.5,0.6,2026-05-14,782,n,16.93,D
30.91088,77.01341,316.03,288.35,0.5,0.6,2026-04-21,782,n,6.61,D
30.90794,77.0167,313.5,285.43,0.5,0.6,2026-04-22,797,n,10.97,D
30.38765,74.84065,320.71,288.82,0.5,0.6,2026-04-21,763,n,15.37,D
30.8097,77.20344,315.34,283.76,0.5,0.6,2026-05-09,820,n,10.02,D
30.81046,77.20869,319.98,286.41,0.5,0.6,2026-05-09,771,n,17.33,D
30.73444,75.63416,316.6,283.85,0.5,0.6,2026-04-16,807,n,11.51,D
30.73232,75.63194,314.78,283.25,0.5,0.6,2026-04-17,742,n,7.99,D
31.41081,76.52468,316.79,287.94,0.5,0.6,2026-04-16,746,n,15.01,D
31.41388,76.52695,314.72,283.89,0.5,0.6,2026-04-16,789,n,8.01,D
31.35752,77.28417,315.32,284.81,0.5,0.6,2026-04-21,800,n,8.23,D
31.35451,77.28464,315.14,283.81,0.5,0.6,2026-04-22,816,n,7.18,D
30.14429,75.59082,318.09,283.63,0.5,0.6,2026-04-15,806,n,8.2,D
30.13656,75.58901,314.46,287.22,0.5,0.6,2026-04-15,798,n,10.47,D
31.54154,74.53734,314.3,286.91,0.5,0.6,2026-05-11,797,n,5.86,D
30.61731,76.60913,317.07,287.14,0.5,0.6,2026-04-16,761,n,7.31,D
30.0343,74.68382,319.07,285.35,0.5,0.6,2026-04-20,755,n,15.37,D
31.55235,77.25552,320.13,287.22,0.5,0.6,2026-05-09,800,n,17.25,D
30.75023,74.61236,312.03,285.46,0.5,0.6,2026-04-28,775,n,10.29,D
30.75056,74.6108,315.39,290.29,0.5,0.6,2026-04-28,779,n,4.89,D
30.74654,74.60871,318.52,285.69,0.5,0.6,2026-04-29,763,n,14.64,D
30.49367,77.23156,315.72,287.38,0.5,0.6,2026-05-07,786,n,9.75,D
31.46823,75.08381,320.31,282.61,0.5,0.6,2026-04-29,752,n,13.85,D
31.46281,75.08667,314.79,288.77,0.5,0.6,2026-04-30,804,n,5.43,D
30.38131,77.17715,318.59,287.03,0.5,0.6,2026-04-22,790,n,15.02,D
29.58595,74.61105,312.93,287.46,0.5,0.6,2026-05-10,775,n,6.74,D
29.58282,74.61283,322.51,285.44,0.5,0.6,2026-05-10,796,n,16.94,D
31.19574,74.67997,319.54,288.15,0.5,0.6,2026-05-08,777,n,14.47,D
31.19772,74.67734,313.21,285.26,0.5,0.6,2026-05-09,752,n,10.25,D
31.4197,77.25813,318.32,284.93,0.5,0.6,2026-04-21,782,n,13.3,D
31.42289,77.25781,312.9,285.82,0.5,0.6,2026-04-21,788,n,6.32,D
30.02598,74.70189,317.56,287.04,0.5,0.6,2026-04-23,762,n,10.55,D
30.02281,74.70522,313.77,287.13,0.5,0.6,2026-04-24,740,n,4.26,D
30.03014,74.70836,319.53,288.62,0.5,0.6,2026-04-24,811,n,9.39,D
31.53013,74.99294,318.66,285.6,0.5,0.6,2026-05-10,772,n,12.61,D
31.53288,74.99383,313.85,287.36,0.5,0.6,2026-05-10,791,n,9.16,D
31.52801,74.99232,321.94,283.86,0.5,0.6,2026-05-11,762,n,16.24,D
31.5297,74.99076,317.32,284.85,0.5,0.6,2026-05-11,803,n,9.81,D
30.9028,75.06906,315.64,290.38,0.5,0.6,2026-05-08,750,n,4.3,D
30.90109,75.07213,316.99,284.06,0.5,0.6,2026-05-08,806,n,11.48,D
30.90487,75.07093,322.93,285.33,0.5,0.6,2026-05-09,784,n,17.17,D
30.90888,75.07468,320.75,286.79,0.5,0.6,2026-05-09,779,n,17.22,D
30.11275,74.89755,315.23,287.28,0.5,0.6,2026-04-30,826,n,11.87,D
29.98083,76.57783,312.98,286.3,0.5,0.6,2026-04-19,779,n,5.89,D
29.97949,76.58231,318.23,286.86,0.5,0.6,2026-04-19,747,n,14.16,D
29.98371,76.57124,319.22,285.24,0.5,0.6,2026-04-20,744,n,12.52,D
31.12973,75.44828,320.19,285.14,0.5,0.6,2026-04-18,788,n,16.6,D
31.1321,75.44626,320.64,288.33,0.5,0.6,2026-04-18,801,n,12.54,D
30.89226,75.48362,319.89,284.74,0.5,0.6,2026-04-19,782,n,12.68,D
30.89086,75.48372,310.56,287.13,0.5,0.6,2026-04-20,795,n,3.75,D
29.6261,75.18105,311.88,284.28,0.5,0.6,2026-04-15,800,n,6.44,D
29.62683,75.17272,318.6,284.77,0.5,0.6,2026-04-15,801,n,6.99,D
29.74524,75.22922,314.5,282.6,0.5,0.6,2026-05-19,741,n,11.62,D
29.74877,75.23298,313.91,287.23,0.5,0.6,2026-05-20,791,n,6.15,D
29.38814,76.36742,318.51,282.58,0.5,0.6,2026-05-11,764,n,13.06,D
31.01991,76.02168,319.16,284.36,0.5,0.6,2026-05-16,812,n,11.25,D
31.01632,76.01338,316.74,285.86,0.5,0.6,2026-05-16,798,n,6.81,D
31.02458,76.01663,314.28,287.77,0.5,0.6,2026-05-17,811,n,3.31,D
29.83511,77.37536,316.67,287.53,0.5,0.6,2026-05-09,754,n,11.64,D
29.83006,77.37745,317.89,285.42,0.5,0.6,2026-05-10,802,n,10.91,D
29.22695,76.84826,320.11,287.91,0.5,0.6,2026-05-08,789,n,10.97,D
29.22821,76.85091,325.39,286.27,0.5,0.6,2026-05-08,748,n,17.83,D
29.22898,76.85066,321.56,288.39,0.5,0.6,2026-05-09,826,n,13.58,D
29.2299,76.85058,321.63,284.54,0.5,0.6,2026-05-09,781,n,14.52,D
31.39288,75.32886,320.17,283.85,0.5,0.6,2026-05-04,824,n,15.92,D
31.394,75.32523,310.46,285.85,0.5,0.6,2026-05-04,768,n,3.16,D
31.39991,75.32592,320.34,285.02,0.5,0.6,2026-05-05,764,n,16.94,D
31.32491,75.36586,321.24,286.86,0.5,0.6,2026-05-13,787,n,15.99,D
31.32627,75.36705,314.94,287.95,0.5,0.6,2026-05-13,803,n,8.9,D
31.30495,74.90836,317.65,287.23,0.5,0.6,2026-05-09,788,n,7.9,D
31.31351,74.90808,315.37,288.96,0.5,0.6,2026-05-09,748,n,7.19,D
29.9082,76.03214,313.21,285.94,0.5,0.6,2026-04-29,824,n,5.67,D
29.10316,77.26232,319.66,284.72,0.5,0.6,2026-05-08,785,n,14.65,D
29.41606,76.96392,315.26,287.01,0.5,0.6,2026-05-18,764,n,8.94,D
29.26192,74.94455,325.02,285.4,0.5,0.6,2026-04-24,820,n,17.62,D
31.55961,76.80841,319.7,284.29,0.5,0.6,2026-04-25,827,n,15.84,D
29.91031,76.13923,313.25,282.86,0.5,0.6,2026-05-19,781,n,5.75,D
29.90971,76.13875,310.18,286.57,0.5,0.6,2026-05-19,818,n,5.86,D
29.91001,76.13515,318.12,287.33,0.5,0.6,2026-05-20,806,n,11.43,D
29.91057,76.13747,316.4,286.74,0.5,0.6,2026-05-20,778,n,13.66,D
30.87181,74.76934,320.63,286.18,0.5,0.6,2026-04-19,766,n,17.83,D
30.87804,74.76728,314.25,285.92,0.5,0.6,2026-04-19,743,n,7.28,D
31.5666,75.37083,321.15,287.63,0.5,0.6,2026-04-24,774,n,14.43,D
30.06887,75.6794,313.08,280.89,0.5,0.6,2026-05-08,786,n,3.87,D
30.06782,75.68051,315.62,286.07,0.5,0.6,2026-05-09,769,n,3.22,D
29.49088,77.18367,317.89,280.76,0.5,0.6,2026-05-02,775,n,9.26,D
29.49845,77.17417,310.03,285.17,0.5,0.6,2026-05-03,800,n,3.59,D
29.42186,77.29946,317.72,282.41,0.5,0.6,2026-05-18,803,n,8.32,D
30.06414,76.8692,316.87,281.79,0.5,0.6,2026-05-11,819,n,5.22,D
30.9058,74.84323,314.0,285.52,0.5,0.6,2026-04-23,826,n,9.98,D
29.36976,77.18516,316.18,288.91,0.5,0.6,2026-04-20,755,n,8.93,D
29.37267,77.17976,322.74,283.46,0.5,0.6,2026-04-21,766,n,17.95,D
29.37305,77.18584,323.06,288.16,0.5,0.6,2026-04-21,766,n,14.77,D
29.31372,75.16766,318.21,284.76,0.5,0.6,2026-05-11,792,n,8.36,D
29.31525,75.16525,314.87,281.78,0.5,0.6,2026-05-12,754,n,3.46,D
29.31366,75.16367,322.37,285.65,0.5,0.6,2026-05-12,770,n,13.62,D
29.58766,77.45321,316.01,283.5,0.5,0.6,2026-04-27,745,n,10.03,D
29.59582,77.45933,317.34,288.1,0.5,0.6,2026-04-28,798,n,7.94,D
29.59819,77.45103,313.5,287.49,0.5,0.6,2026-04-28,818,n,8.27,D
29.18359,75.86945,318.93,284.79,0.5,0.6,2026-05-03,810,n,12.75,D
29.18053,75.8703,315.52,288.76,0.5,0.6,2026-05-03,786,n,5.54,D
29.18406,74.79636,321.52,284.7,0.5,0.6,2026-05-18,762,n,11.21,D
29.18324,74.78486,318.61,284.56,0.5,0.6,2026-05-18,823,n,13.3,D
30.10123,76.48968,318.06,285.45,0.5,0.6,2026-05-07,794,n,8.99,D
30.09818,76.48896,319.73,283.5,0.5,0.6,2026-05-08,742,n,15.34,D
29.1991,76.12287,320.15,287.05,0.5,0.6,2026-04-18,774,n,14.26,D
29.19951,76.11887,315.69,286.55,0.5,0.6,2026-04-18,798,n,10.16,D
29.20023,76.12313,321.9,286.5,0.5,0.6,2026-04-19,755,n,13.1,D
29.20045,76.12376,318.84,285.48,0.5,0.6,2026-04-19,767,n,11.23,D
31.54604,75.07604,322.26,287.84,0.5,0.6,2026-05-04,745,n,12.3,D
31.55315,75.07935,311.32,283.71,0.5,0.6,2026-05-04,802,n,5.03,D
29.17475,75.67936,318.95,287.81,0.5,0.6,2026-05-04,800,n,11.52,D
29.17522,75.6893,309.55,285.83,0.5,0.6,2026-05-04,821,n,4.32,D
29.17758,75.68447,320.88,284.82,0.5,0.6,2026-05-05,773,n,10.72,D
29.14094,76.82949,313.89,285.49,0.5,0.6,2026-04-22,770,n,6.37,D
29.14093,76.82722,316.86,287.68,0.5,0.6,2026-04-23,787,n,9.14,D
31.00989,75.12825,314.7,286.8,0.5,0.6,2026-05-05,812,n,9.17,D
31.01289,75.12357,310.43,285.78,0.5,0.6,2026-05-06,743,n,3.21,D
31.01073,75.11958,316.76,290.49,0.5,0.6,2026-05-06,777,n,12.57,D
29.46416,74.84898,319.33,287.84,0.5,0.6,2026-05-10,770,n,10.92,D
29.46091,74.84679,313.31,285.55,0.5,0.6,2026-05-10,755,n,9.27,D
29.46209,74.84947,321.65,285.03,0.5,0.6,2026-05-11,752,n,17.62,D
31.61073,75.36025,319.51,285.17,0.5,0.6,2026-05-13,775,n,12.55,D
31.60774,75.35466,312.8,287.26,0.5,0.6,2026-05-13,766,n,5.31,D
29.87573,75.24995,314.62,285.99,0.5,0.6,2026-04-29,806,n,8.93,D
31.24874,77.44951,318.4,284.61,0.5,0.6,2026-04-22,819,n,11.88,D
31.24828,77.45577,316.55,284.24,0.5,0.6,2026-04-22,789,n,10.89,D
31.25352,77.45303,313.42,285.96,0.5,0.6,2026-04-23,782,n,3.44,D
30.28374,76.12345,316.6,288.73,0.5,0.6,2026-05-04,804,n,8.52,D
30.22634,75.85725,309.81,291.11,0.5,0.6,2026-05-12,745,n,3.8,D
31.64472,74.70848,318.35,285.14,0.5,0.6,2026-04-20,757,n,8.84,D
31.60702,75.05866,324.27,285.85,0.5,0.6,2026-05-03,820,n,17.74,D
31.60936,75.06042,320.11,285.73,0.5,0.6,2026-05-04,769,n,13.14,D
30.12932,74.58887,319.83,287.61,0.5,0.6,2026-05-01,753,n,17.52,D
30.13366,74.5842,315.74,284.14,0.5,0.6,2026-05-01,802,n,13.07,D
31.46972,76.06827,313.99,284.76,0.5,0.6,2026-04-25,807,n,5.55,D
30.1109,74.85789,313.91,285.67,0.5,0.6,2026-04-22,811,n,5.49,D
30.10862,74.85161,314.4,285.45,0.5,0.6,2026-04-22,776,n,4.24,D
29.57491,74.52024,312.86,286.28,0.5,0.6,2026-05-11,747,n,6.56,D
29.57209,74.51985,321.21,287.72,0.5,0.6,2026-05-11,815,n,17.32,D
30.15452,76.37019,316.13,287.62,0.5,0.6,2026-04-30,770,n,6.56,D
30.15661,76.37179,318.8,284.3,0.5,0.6,2026-04-30,805,n,15.39,D
30.15245,76.36642,315.41,286.93,0.5,0.6,2026-05-01,816,n,9.88,D
30.15198,76.37079,316.42,289.4,0.5,0.6,2026-05-01,815,n,9.76,D
30.89703,76.61706,319.77,287.58,0.5,0.6,2026-04-23,824,n,7.29,D
29.81803,76.23185,316.9,288.24,0.5,0.6,2026-05-07,775,n,9.95,D
29.82084,76.23178,315.64,290.47,0.5,0.6,2026-05-07,828,n,15.05,D
29.82624,76.22759,317.48,284.04,0.5,0.6,2026-05-08,778,n,11.93,D
29.81593,76.23906,318.23,286.87,0.5,0.6,2026-05-08,780,n,11.97,D
29.97343,77.22182,318.03,286.29,0.5,0.6,2026-05-04,770,n,15.08,D
29.97652,77.22759,313.29,285.63,0.5,0.6,2026-05-05,764,n,5.7,D
30.82628,75.49231,314.71,284.15,0.5,0.6,2026-04-25,777,n,13.42,D
30.82625,75.48676,318.7,287.04,0.5,0.6,2026-04-25,750,n,8.38,D
30.68892,77.13467,318.52,285.7,0.5,0.6,2026-05-06,821,n,10.07,D
29.47648,75.1157,323.5,284.66,0.5,0.6,2026-05-09,800,n,17.89,D
29.48332,75.11854,318.86,286.44,0.5,0.6,2026-05-09,789,n,16.01,D
31.69463,77.17277,321.58,285.67,0.5,0.6,2026-04-28,782,n,13.93,D
31.1667,74.59875,320.85,287.18,0.5,0.6,2026-04-25,781,n,17.72,D
31.16111,74.58927,315.62,286.04,0.5,0.6,2026-04-25,827,n,5.88,D
29.85608,77.44658,319.69,281.59,0.5,0.6,2026-04-18,763,n,15.04,D
29.85909,77.44681,316.37,283.59,0.5,0.6,2026-04-18,786,n,11.16,D
29.85758,77.44623,318.67,284.2,0.5,0.6,2026-04-19,748,n,11.75,D
29.85443,77.44259,316.34,286.16,0.5,0.6,2026-04-19,771,n,3.33,D
31.5299,77.15986,317.28,282.3,0.5,0.6,2026-05-07,817,n,6.18,D
30.73524,76.53088,317.17,285.17,0.5,0.6,2026-05-08,772,n,7.45,D
30.05803,75.54006,313.81,285.97,0.5,0.6,2026-04-26,743,n,9.25,D
30.06248,75.54172,316.15,282.03,0.5,0.6,2026-04-27,793,n,5.71,D
29.46649,75.55556,314.77,286.78,0.5,0.6,2026-04-23,802,n,7.01,D
30.87604,76.33766,316.5,287.09,0.5,0.6,2026-04-30,805,n,8.64,D
30.8848,76.3389,317.04,284.8,0.5,0.6,2026-05-01,811,n,9.01,D
31.71527,76.57566,314.58,285.53,0.5,0.6,2026-04-15,770,n,10.75,D
31.71405,76.56732,316.68,285.14,0.5,0.6,2026-04-16,782,n,8.13,D
30.16036,76.45739,321.17,286.68,0.5,0.6,2026-05-08,823,n,11.88,D
30.15951,76.45127,318.24,283.9,0.5,0.6,2026-05-09,773,n,12.14,D
29.56289,75.43951,320.13,286.79,0.5,0.6,2026-04-17,765,n,16.95,D
29.55937,75.43343,315.1,287.49,0.5,0.6,2026-04-18,778,n,9.2,D
31.06832,75.10956,318.13,289.43,0.5,0.6,2026-04-27,787,n,13.02,D
31.06609,75.10483,318.9,284.3,0.5,0.6,2026-04-27,778,n,8.58,D
31.76914,74.97834,313.55,284.34,0.5,0.6,2026-05-15,750,n,6.41,D
31.77189,74.97722,316.05,282.83,0.5,0.6,2026-05-15,803,n,10.11,D
31.77026,74.97923,313.89,285.09,0.5,0.6,2026-05-16,750,n,7.63,D
29.63134,76.06735,313.04,286.94,0.5,0.6,2026-05-19,747,n,5.41,D
31.48715,75.07479,320.06,287.28,0.5,0.6,2026-04-23,761,n,17.73,D
31.48639,75.06965,322.86,283.51,0.5,0.6,2026-04-23,812,n,15.92,D
30.81899,75.57696,320.41,289.35,0.5,0.6,2026-05-10,757,n,14.33,D
30.81838,75.57626,315.19,283.95,0.5,0.6,2026-05-10,790,n,6.35,D
30.81363,75.57303,317.67,287.02,0.5,0.6,2026-05-11,786,n,9.3,D
30.81831,75.57494,318.64,286.17,0.5,0.6,2026-05-11,826,n,9.88,D
30.41005,77.37912,316.88,287.71,0.5,0.6,2026-05-07,810,n,13.33,D
30.40991,77.38572,319.51,288.52,0.5,0.6,2026-05-07,819,n,17.68,D
31.58661,76.31679,316.69,285.96,0.5,0.6,2026-04-19,803,n,4.43,D
31.5872,76.31577,316.69,287.72,0.5,0.6,2026-04-19,814,n,7.31,D
31.58555,76.31282,313.61,287.5,0.5,0.6,2026-04-20,818,n,7.4,D
30.65564,75.64006,321.11,283.06,0.5,0.6,2026-05-08,767,n,14.04,D
30.65992,75.63682,317.59,287.59,0.5,0.6,2026-05-08,743,n,13.71,D
30.65995,75.63133,310.45,284.33,0.5,0.6,2026-05-09,796,n,5.75,D
30.65958,75.63716,313.76,282.7,0.5,0.6,2026-05-09,795,n,8.23,D
31.75583,74.76832,315.68,288.71,0.5,0.6,2026-04-22,826,n,6.17,D
31.76525,74.76984,317.35,287.25,0.5,0.6,2026-04-22,762,n,12.05,D
31.76242,74.77257,313.59,281.66,0.5,0.6,2026-04-23,812,n,5.8,D
29.22285,77.25999,320.58,287.97,0.5,0.6,2026-04-29,759,n,13.75,D
29.22796,77.26548,318.47,288.86,0.5,0.6,2026-04-30,803,n,11.65,D
30.28021,75.88613,314.37,284.83,0.5,0.6,2026-05-18,829,n,6.17,D
30.28162,75.88309,314.77,286.42,0.5,0.6,2026-05-18,777,n,5.05,D
30.74257,76.59247,319.45,288.93,0.5,0.6,2026-04-19,758,n,13.64,D
30.7418,76.59633,321.6,286.64,0.5,0.6,2026-04-19,753,n,15.24,D
29.13317,75.71294,314.49,284.08,0.5,0.6,2026-05-05,785,n,3.26,D
29.13603,75.70664,320.18,287.22,0.5,0.6,2026-05-05,752,n,11.4,D
29.13826,75.71035,313.54,285.65,0.5,0.6,2026-05-06,762,n,7.25,D
29.69728,77.27357,315.79,286.04,0.5,0.6,2026-05-03,754,n,4.85,D
29.69702,77.27242,320.65,282.99,0.5,0.6,2026-05-03,821,n,17.21,D
30.5931,75.90448,326.39,284.08,0.5,0.6,2026-05-11,795,n,17.24,D
30.59733,75.89529,321.23,284.67,0.5,0.6,2026-05-11,804,n,11.69,D
29.47412,75.4783,317.4,285.06,0.5,0.6,2026-05-19,759,n,8.68,D
30.61881,77.05364,316.51,284.87,0.5,0.6,2026-04-25,760,n,6.97,D
30.62217,77.05388,316.6,281.17,0.5,0.6,2026-04-25,780,n,9.54,D
29.90566,75.52406,311.63,284.3,0.5,0.6,2026-04-20,778,n,5.18,D
29.90164,75.52681,312.14,283.54,0.5,0.6,2026-04-20,780,n,3.57,D
30.0064,74.52164,314.06,285.69,0.5,0.6,2026-04-17,800,n,7.65,D
30.00105,74.51937,318.4,286.29,0.5,0.6,2026-04-18,816,n,10.42,D
29.83386,77.49609,315.23,284.01,0.5,0.6,2026-05-19,810,n,6.94,D
30.37269,76.48762,321.73,284.85,0.5,0.6,2026-04-27,815,n,17.34,D
30.37816,76.48854,321.35,288.82,0.5,0.6,2026-04-27,807,n,13.81,D
30.37833,76.48744,312.71,285.71,0.5,0.6,2026-04-28,793,n,7.66,D
30.14026,75.03732,322.06,287.5,0.5,0.6,2026-05-10,752,n,17.61,D
30.14349,75.03163,318.87,289.37,0.5,0.6,2026-05-10,748,n,12.7,D
30.14075,75.04164,315.12,286.15,0.5,0.6,2026-05-11,791,n,6.98,D
29.7969,75.85871,313.23,288.4,0.5,0.6,2026-05-02,787,n,4.32,D
29.7991,75.85745,317.64,287.09,0.5,0.6,2026-05-02,810,n,14.08,D
29.91278,77.35077,314.19,285.51,0.5,0.6,2026-04-26,755,n,6.44,D
29.91603,77.35815,318.42,286.46,0.5,0.6,2026-04-26,789,n,10.65,D
29.91299,77.35403,314.8,286.69,0.5,0.6,2026-04-27,763,n,6.19,D
29.91248,77.35391,310.63,282.4,0.5,0.6,2026-04-27,744,n,3.9,D
29.17047,76.04108,319.65,285.5,0.5,0.6,2026-05-05,795,n,15.98,D
31.16147,75.73378,317.13,284.63,0.5,0.6,2026-05-17,746,n,16.38,D
31.15723,75.7453,317.36,288.81,0.5,0.6,2026-05-18,783,n,12.21,D
30.44129,76.85998,313.89,282.9,0.5,0.6,2026-05-09,762,n,6.89,D
30.44348,76.85357,313.66,282.45,0.5,0.6,2026-05-09,783,n,4.86,D
31.35498,75.06121,321.46,286.4,0.5,0.6,2026-04-29,820,n,17.49,D
31.35294,75.06328,319.2,286.61,0.5,0.6,2026-04-30,779,n,12.72,D
30.00406,76.62791,312.44,286.59,0.5,0.6,2026-05-15,742,n,4.32,D
29.02172,75.17774,319.35,284.76,0.5,0.6,2026-04-28,829,n,8.68,D
29.02495,75.18554,319.78,284.55,0.5,0.6,2026-04-28,807,n,11.55,D
29.02267,75.1825,320.72,282.06,0.5,0.6,2026-04-29,800,n,12.66,D
29.01583,75.17467,316.05,286.67,0.5,0.6,2026-04-29,826,n,14.91,D
31.27991,75.68454,315.37,284.89,0.5,0.6,2026-05-12,789,n,11.6,D
29.42964,75.77393,320.32,281.68,0.5,0.6,2026-04-30,800,n,12.76,D
29.43279,75.77627,325.22,283.11,0.5,0.6,2026-04-30,801,n,16.11,D
29.43582,75.77326,312.26,285.51,0.5,0.6,2026-05-01,810,n,5.01,D
29.42974,75.7794,319.43,288.99,0.5,0.6,2026-05-01,779,n,12.14,D
31.64589,77.27536,313.34,288.21,0.5,0.6,2026-05-04,824,n,5.29,D
31.64498,77.28257,313.17,285.65,0.5,0.6,2026-05-04,760,n,6.0,D
31.64354,77.27973,316.92,284.29,0.5,0.6,2026-05-05,806,n,10.21,D
31.64162,77.2803,319.84,286.03,0.5,0.6,2026-05-05,795,n,8.1,D
31.56121,75.17854,309.73,286.01,0.5,0.6,2026-05-13,798,n,4.18,D
31.5592,75.17831,313.27,286.85,0.5,0.6,2026-05-14,825,n,5.7,D
29.40951,75.14422,316.82,289.51,0.5,0.6,2026-04-25,815,n,9.28,D
30.25371,76.68203,314.49,283.61,0.5,0.6,2026-04-21,776,n,5.54,D
30.25382,76.68768,323.37,286.85,0.5,0.6,2026-04-21,827,n,16.36,D
31.18077,74.71132,322.68,287.51,0.5,0.6,2026-04-29,768,n,16.88,D
29.80357,75.27017,313.86,287.6,0.5,0.6,2026-04-19,756,n,3.94,D
29.80327,75.27845,313.4,285.92,0.5,0.6,2026-04-19,812,n,6.07,D
29.80295,75.27064,310.95,284.08,0.5,0.6,2026-04-20,788,n,6.22,D
29.80088,75.27327,312.15,288.58,0.5,0.6,2026-04-20,778,n,5.04,D
29.8237,76.44931,320.51,293.25,0.5,0.6,2026-05-14,740,n,16.07,D
29.82401,76.4465,320.93,283.35,0.5,0.6,2026-05-15,745,n,12.27,D
29.81681,76.4512,322.15,285.8,0.5,0.6,2026-05-15,754,n,12.3,D
29.96563,74.50392,320.17,281.75,0.5,0.6,2026-05-12,812,n,13.05,D
29.96592,74.50232,319.04,287.14,0.5,0.6,2026-05-13,828,n,10.79,D
29.96552,74.50045,310.46,283.75,0.5,0.6,2026-05-13,809,n,3.57,D
31.63917,74.64872,320.22,289.32,0.5,0.6,2026-04-18,743,n,10.86,D
31.63536,74.64662,316.16,287.96,0.5,0.6,2026-04-18,810,n,12.12,D
30.0128,77.33115,313.57,287.81,0.5,0.6,2026-05-16,785,n,4.17,D
30.01903,77.34004,320.43,285.26,0.5,0.6,2026-05-17,820,n,11.07,D
30.01481,77.33704,312.21,283.25,0.5,0.6,2026-05-17,761,n,6.95,D
31.17667,74.6945,315.18,286.4,0.5,0.6,2026-05-01,806,n,8.78,D
31.17439,74.69797,320.78,286.05,0.5,0.6,2026-05-01,773,n,17.99,D
29.36038,76.94288,319.98,285.82,0.5,0.6,2026-05-03,789,n,14.48,D
29.35994,76.9463,314.66,283.91,0.5,0.6,2026-05-03,754,n,12.06,D
29.36675,76.943,323.0,283.94,0.5,0.6,2026-05-04,759,n,16.93,D
29.3681,76.94483,317.07,285.42,0.5,0.6,2026-05-04,742,n,8.67,D
30.39166,75.85248,319.44,288.09,0.5,0.6,2026-04-21,748,n,10.99,D
30.38567,75.85967,313.46,288.01,0.5,0.6,2026-04-21,755,n,3.28,D
31.79366,74.50104,312.02,287.12,0.5,0.6,2026-05-19,757,n,4.31,D
31.79663,74.50497,319.14,283.87,0.5,0.6,2026-05-19,756,n,16.39,D
31.79542,74.50288,321.8,289.69,0.5,0.6,2026-05-20,749,n,15.66,D
31.79356,74.50834,317.46,284.2,0.5,0.6,2026-05-20,742,n,12.87,D
30.16458,76.05513,315.55,285.12,0.5,0.6,2026-05-13,829,n,10.24,D
30.16732,76.05715,320.3,288.87,0.5,0.6,2026-05-13,740,n,16.8,D
30.16825,76.05705,318.75,288.94,0.5,0.6,2026-05-14,821,n,11.2,D
29.95598,77.30299,311.63,284.15,0.5,0.6,2026-05-08,814,n,5.63,D
29.95722,77.30296,318.2,286.54,0.5,0.6,2026-05-09,751,n,6.34,D
29.95966,77.30137,324.96,285.59,0.5,0.6,2026-05-09,762,n,14.34,D
29.81288,75.13771,320.23,287.97,0.5,0.6,2026-05-13,798,n,10.2,D
29.81939,75.14519,316.99,290.49,0.5,0.6,2026-05-13,765,n,10.12,D
29.81306,75.13919,322.15,286.71,0.5,0.6,2026-05-14,823,n,16.5,D
29.81928,75.1464,312.98,284.29,0.5,0.6,2026-05-14,827,n,3.04,D
29.3895,74.55219,313.39,285.65,0.5,0.6,2026-05-04,763,n,3.77,D
29.39726,74.55438,323.21,288.62,0.5,0.6,2026-05-04,822,n,16.95,D
29.39698,74.5554,313.77,287.6,0.5,0.6,2026-05-05,779,n,7.02,D
30.83102,76.64906,319.72,280.41,0.5,0.6,2026-05-08,740,n,13.1,D
30.8378,76.64642,321.37,284.33,0.5,0.6,2026-05-08,793,n,16.13,D
29.85416,76.57969,320.14,288.66,0.5,0.6,2026-05-06,785,n,11.61,D
29.84663,76.57416,319.72,283.81,0.5,0.6,2026-05-06,765,n,13.24,D
31.30181,75.34516,321.1,287.93,0.5,0.6,2026-05-12,771,n,17.71,D
30.33578,76.19368,312.55,284.41,0.5,0.6,2026-05-07,764,n,5.31,D
29.21123,76.8482,312.15,287.34,0.5,0.6,2026-04-28,762,n,5.04,D
29.20531,76.85047,314.81,283.45,0.5,0.6,2026-04-29,743,n,10.22,D
29.35389,74.77605,319.46,286.89,0.5,0.6,2026-05-06,775,n,16.12,D
30.81633,75.84785,313.73,285.96,0.5,0.6,2026-05-08,784,n,10.12,D
30.81606,75.84189,313.91,289.97,0.5,0.6,2026-05-08,756,n,3.72,D
30.42382,75.48572,316.0,287.61,0.5,0.6,2026-04-24,761,n,9.77,D
30.42391,75.49128,322.53,284.06,0.5,0.6,2026-04-24,783,n,17.85,D
30.55613,74.85754,312.13,289.15,0.5,0.6,2026-05-16,779,n,5.14,D
30.5489,74.86321,316.58,284.56,0.5,0.6,2026-05-16,824,n,12.91,D
30.55116,74.86564,315.57,285.19,0.5,0.6,2026-05-17,804,n,7.56,D
30.55443,74.85742,317.66,287.71,0.5,0.6,2026-05-17,800,n,12.39,D
31.6824,75.63855,315.76,284.52,0.5,0.6,2026-05-06,789,n,11.09,D
31.68219,75.63719,319.63,286.26,0.5,0.6,2026-05-06,808,n,10.99,D
31.43555,76.85224,310.95,289.27,0.5,0.6,2026-05-02,793,n,4.84,D
31.43676,76.85311,320.3,284.71,0.5,0.6,2026-05-03,806,n,15.5,D
31.43814,76.85226,321.97,284.51,0.5,0.6,2026-05-03,777,n,12.95,D
31.62279,76.83456,320.36,290.17,0.5,0.6,2026-05-04,771,n,17.37,D
31.61876,76.82952,312.35,288.47,0.5,0.6,2026-05-05,792,n,7.97,D
31.1525,76.8606,312.56,284.13,0.5,0.6,2026-04-23,782,n,6.26,D
31.14802,76.86475,321.52,285.44,0.5,0.6,2026-04-24,801,n,14.32,D
31.15353,76.86323,313.57,288.16,0.5,0.6,2026-04-24,748,n,5.16,D
30.65597,77.42186,319.32,286.76,0.5,0.6,2026-04-19,771,n,15.71,D
31.06616,77.37135,312.09,285.37,0.5,0.6,2026-04-16,802,n,3.54,D
30.54662,74.83583,312.72,284.69,0.5,0.6,2026-04-19,750,n,4.03,D
30.87673,76.55511,321.13,285.02,0.5,0.6,2026-04-19,789,n,14.72,D
30.86897,76.55076,313.84,292.54,0.5,0.6,2026-04-19,783,n,6.58,D
30.87418,76.54814,312.25,285.78,0.5,0.6,2026-04-20,754,n,6.22,D
29.13098,75.46939,312.57,287.76,0.5,0.6,2026-05-18,816,n,7.59,D
29.12526,75.46853,322.16,285.44,0.5,0.6,2026-05-18,748,n,14.25,D
31.46277,74.8757,316.02,282.32,0.5,0.6,2026-04-29,768,n,7.55,D
29.164,74.68287,316.99,285.32,0.5,0.6,2026-05-04,824,n,12.05,D
29.16846,74.6853,317.23,288.68,0.5,0.6,2026-05-04,807,n,5.94,D
30.3798,76.85516,315.48,287.48,0.5,0.6,2026-05-17,760,n,8.95,D
30.37951,76.86038,318.81,282.0,0.5,0.6,2026-05-18,754,n,9.65,D
30.37675,76.8575,322.18,286.28,0.5,0.6,2026-05-18,776,n,16.59,D
30.25162,74.5118,315.75,287.29,0.5,0.6,2026-04-29,790,n,6.06,D
30.25137,74.51276,315.29,291.81,0.5,0.6,2026-04-30,742,n,7.43,D
30.24409,74.516,314.28,286.25,0.5,0.6,2026-04-30,751,n,7.16,D
31.43491,76.73819,320.44,281.8,0.5,0.6,2026-04-19,740,n,17.23,D
31.43581,76.72742,317.99,286.24,0.5,0.6,2026-04-20,754,n,10.43,D
30.92507,76.41164,323.54,286.48,0.5,0.6,2026-04-20,820,n,13.14,D
30.91604,76.41332,312.98,287.04,0.5,0.6,2026-04-20,796,n,3.85,D
30.92087,76.41134,319.71,284.94,0.5,0.6,2026-04-21,791,n,14.42,D
31.55447,76.29499,320.34,285.73,0.5,0.6,2026-05-16,780,n,13.5,D
31.55492,76.29293,319.1,288.97,0.5,0.6,2026-05-16,754,n,12.66,D
30.16516,76.71307,322.82,287.13,0.5,0.6,2026-04-23,744,n,17.08,D
30.1676,76.71696,323.52,284.61,0.5,0.6,2026-04-23,825,n,16.51,D
30.16519,76.71371,313.54,284.52,0.5,0.6,2026-04-24,813,n,6.41,D
30.47066,76.00822,313.99,286.24,0.5,0.6,2026-04-15,802,n,5.64,D
29.1667,74.82965,320.27,283.93,0.5,0.6,2026-04-23,821,n,12.72,D
29.16783,74.82799,316.14,286.62,0.5,0.6,2026-04-24,744,n,7.05,D
29.3358,77.46335,314.78,284.64,0.5,0.6,2026-05-11,753,n,8.07,D
26.45118,84.46052,314.41,287.52,0.45,0.55,2025-11-01,735,n,9.82,D
25.85177,82.47737,315.22,287.56,0.45,0.55,2025-11-01,794,n,8.46,D
25.05948,83.89862,319.53,284.4,0.45,0.55,2025-11-01,733,n,10.02,D
26.87097,83.41701,309.15,290.99,0.45,0.55,2025-11-01,819,n,5.12,D
27.25346,82.65671,319.17,285.04,0.45,0.55,2025-11-01,828,n,10.29,D
26.84731,81.83026,315.6,288.57,0.45,0.55,2025-11-01,795,n,9.18,D
26.84194,83.02974,317.34,288.92,0.45,0.55,2025-11-01,789,n,7.43,D
25.0658,82.16488,312.2,285.72,0.45,0.55,2025-11-01,809,n,6.61,D
26.49954,80.13108,311.52,288.92,0.45,0.55,2025-11-01,755,n,8.33,D
25.72967,84.06255,310.9,287.75,0.45,0.55,2025-11-01,800,n,8.07,D
25.4482,82.34654,318.83,288.95,0.45,0.55,2025-11-01,736,n,9.56,D
25.58832,81.87227,314.85,288.48,0.45,0.55,2025-11-01,799,n,9.26,D
25.08211,81.44467,316.05,283.95,0.45,0.55,2025-11-02,806,n,9.92,D
27.41824,82.81713,312.97,287.77,0.45,0.55,2025-11-02,808,n,3.37,D
27.25599,80.97399,315.58,284.48,0.45,0.55,2025-11-02,801,n,9.36,D
26.64249,83.95199,310.03,285.13,0.45,0.55,2025-11-02,816,n,3.26,D
25.05823,83.89862,310.8,289.99,0.45,0.55,2025-11-02,752,n,3.55,D
26.06608,81.7637,317.34,286.36,0.45,0.55,2025-11-02,780,n,10.55,D
25.51496,80.26215,313.73,287.13,0.45,0.55,2025-11-02,770,n,9.63,D
26.84119,83.03066,316.6,292.63,0.45,0.55,2025-11-02,784,n,10.86,D
25.72061,81.10025,315.47,288.79,0.45,0.55,2025-11-02,812,n,8.92,D
27.02952,81.65112,308.93,286.79,0.45,0.55,2025-11-02,825,n,3.49,D
26.2134,82.92117,313.61,286.24,0.45,0.55,2025-11-02,766,n,10.24,D
26.16694,84.40227,312.25,287.57,0.45,0.55,2025-11-02,765,n,5.52,D
25.38769,82.03835,317.27,288.06,0.45,0.55,2025-11-02,781,n,8.45,D
26.46523,83.20228,316.52,288.57,0.45,0.55,2025-11-02,737,n,8.64,D
26.44121,84.12121,316.3,290.41,0.45,0.55,2025-11-02,757,n,10.91,D
26.45057,84.46124,314.64,287.56,0.45,0.55,2025-11-03,812,n,8.41,D
27.25537,80.97613,312.72,287.64,0.45,0.55,2025-11-03,791,n,3.78,D
25.45098,81.60655,313.53,290.92,0.45,0.55,2025-11-03,796,n,4.72,D
25.05703,83.89956,315.44,288.53,0.45,0.55,2025-11-03,812,n,8.06,D
26.7343,83.92035,314.42,289.17,0.45,0.55,2025-11-03,775,n,9.4,D
26.8725,83.41797,317.61,285.52,0.45,0.55,2025-11-03,747,n,8.49,D
25.05864,82.98423,315.11,286.61,0.45,0.55,2025-11-03,814,n,9.32,D
26.84306,83.02723,315.58,285.91,0.45,0.55,2025-11-03,743,n,8.0,D
25.72059,81.09737,316.16,287.24,0.45,0.55,2025-11-03,828,n,11.69,D
25.06628,82.16458,314.37,287.06,0.45,0.55,2025-11-03,777,n,11.23,D
25.56366,82.10433,311.09,285.97,0.45,0.55,2025-11-03,807,n,7.68,D
27.03077,81.65182,311.22,286.97,0.45,0.55,2025-11-03,808,n,6.04,D
25.7292,84.06569,316.22,290.99,0.45,0.55,2025-11-03,748,n,3.7,D
26.41602,80.81718,311.92,286.68,0.45,0.55,2025-11-03,776,n,6.5,D
26.31567,81.92941,318.45,286.2,0.45,0.55,2025-11-03,788,n,11.35,D
26.61368,82.86663,312.37,287.32,0.45,0.55,2025-11-03,772,n,6.81,D
25.07021,83.43059,314.62,288.82,0.45,0.55,2025-11-03,825,n,8.42,D
27.41915,82.81738,320.63,289.6,0.45,0.55,2025-11-04,827,n,9.37,D
25.85005,82.47576,319.61,287.15,0.45,0.55,2025-11-04,734,n,11.82,D
27.33487,83.00227,312.43,289.75,0.45,0.55,2025-11-04,753,n,7.89,D
25.55292,84.15615,319.11,285.67,0.45,0.55,2025-11-04,731,n,10.64,D
25.44893,81.60708,319.09,288.09,0.45,0.55,2025-11-04,798,n,11.94,D
27.35489,84.2597,312.2,287.43,0.45,0.55,2025-11-04,815,n,7.76,D
25.05922,83.89983,311.48,288.33,0.45,0.55,2025-11-04,747,n,3.37,D
25.61804,81.27446,315.73,284.37,0.45,0.55,2025-11-04,770,n,7.74,D
25.05878,82.98469,314.2,291.35,0.45,0.55,2025-11-04,754,n,10.03,D
27.0316,81.65258,315.72,288.36,0.45,0.55,2025-11-04,829,n,9.68,D
26.21426,82.92017,311.58,288.18,0.45,0.55,2025-11-04,756,n,7.48,D
25.44865,82.34563,313.51,286.45,0.45,0.55,2025-11-04,775,n,4.8,D
26.45229,84.46038,311.17,287.31,0.45,0.55,2025-11-05,748,n,3.51,D
25.84844,82.47624,312.21,287.58,0.45,0.55,2025-11-05,797,n,3.05,D
27.33455,83.00324,316.13,287.54,0.45,0.55,2025-11-05,788,n,11.41,D
27.25457,80.97763,311.46,287.94,0.45,0.55,2025-11-05,801,n,5.42,D
25.55172,84.15652,312.34,286.58,0.45,0.55,2025-11-05,767,n,8.01,D
27.25208,82.65797,314.75,284.84,0.45,0.55,2025-11-05,737,n,7.56,D
26.3953,81.51976,312.32,290.54,0.45,0.55,2025-11-05,813,n,3.73,D
25.05869,82.98459,316.25,290.11,0.45,0.55,2025-11-05,765,n,6.41,D
26.12685,82.48908,313.49,289.34,0.45,0.55,2025-11-05,817,n,8.41,D
25.44988,82.34763,317.5,285.19,0.45,0.55,2025-11-05,809,n,8.76,D
26.06115,84.12679,315.53,286.34,0.45,0.55,2025-11-05,762,n,11.38,D
25.08079,81.11071,311.96,287.05,0.45,0.55,2025-11-05,776,n,3.6,D
26.31517,81.92873,314.29,288.96,0.45,0.55,2025-11-05,781,n,7.45,D
26.6135,82.86586,311.4,289.34,0.45,0.55,2025-11-05,741,n,3.88,D
25.06953,83.42957,314.51,285.61,0.45,0.55,2025-11-05,814,n,6.75,D
25.0825,81.44476,314.43,288.59,0.45,0.55,2025-11-06,762,n,8.57,D
25.84999,82.4746,312.84,285.24,0.45,0.55,2025-11-06,736,n,6.55,D
27.3325,83.00076,318.48,285.82,0.45,0.55,2025-11-06,822,n,11.97,D
25.45183,81.60723,313.45,286.48,0.45,0.55,2025-11-06,821,n,7.78,D
26.73307,83.92244,313.55,290.03,0.45,0.55,2025-11-06,756,n,7.42,D
25.61945,81.27462,311.86,285.83,0.45,0.55,2025-11-06,811,n,9.1,D
25.06467,82.16516,315.81,288.59,0.45,0.55,2025-11-06,760,n,8.55,D
25.56459,82.10311,316.77,286.11,0.45,0.55,2025-11-06,734,n,10.01,D
25.38906,82.03948,312.74,284.89,0.45,0.55,2025-11-06,755,n,7.84,D
25.72909,84.0649,315.05,288.41,0.45,0.55,2025-11-06,780,n,7.22,D
25.44945,82.34759,317.02,286.22,0.45,0.55,2025-11-06,746,n,9.41,D
26.05995,84.12685,316.08,284.56,0.45,0.55,2025-11-06,801,n,10.74,D
26.31388,81.92833,310.82,290.59,0.45,0.55,2025-11-06,739,n,8.12,D
26.6139,82.86444,313.19,287.96,0.45,0.55,2025-11-06,791,n,8.1,D
26.45011,84.45873,310.35,290.32,0.45,0.55,2025-11-07,765,n,3.46,D
27.4175,82.81955,311.18,288.79,0.45,0.55,2025-11-07,828,n,4.0,D
27.25576,80.97482,314.05,285.6,0.45,0.55,2025-11-07,816,n,11.49,D
25.54999,84.15566,310.63,285.34,0.45,0.55,2025-11-07,801,n,6.88,D
25.44934,81.60924,314.23,288.61,0.45,0.55,2025-11-07,755,n,11.74,D
25.0588,83.90028,315.02,287.24,0.45,0.55,2025-11-07,732,n,7.71,D
25.51202,80.2637,312.15,288.63,0.45,0.55,2025-11-07,785,n,5.39,D
27.02303,80.35975,319.66,291.79,0.45,0.55,2025-11-07,788,n,10.35,D
25.61852,81.27551,312.6,287.13,0.45,0.55,2025-11-07,794,n,8.58,D
25.05772,82.98604,313.47,287.22,0.45,0.55,2025-11-07,773,n,10.09,D
26.75447,81.85949,313.86,287.68,0.45,0.55,2025-11-07,817,n,8.33,D
26.98823,84.29233,311.37,290.19,0.45,0.55,2025-11-07,790,n,6.83,D
26.84204,83.03025,318.25,290.48,0.45,0.55,2025-11-07,731,n,9.55,D
26.12226,82.49114,314.85,289.78,0.45,0.55,2025-11-07,799,n,7.9,D
25.71887,81.09933,315.46,285.21,0.45,0.55,2025-11-07,756,n,11.57,D
26.49959,80.13121,312.14,289.1,0.45,0.55,2025-11-07,781,n,6.58,D
25.44922,82.34682,313.3,284.74,0.45,0.55,2025-11-07,782,n,5.91,D
26.06069,84.1263,308.73,288.13,0.45,0.55,2025-11-07,771,n,4.17,D
26.44176,84.12178,317.56,290.79,0.45,0.55,2025-11-07,738,n,5.51,D
26.65122,84.48869,315.68,282.63,0.45,0.55,2025-11-07,796,n,6.28,D
27.41886,82.81683,310.89,289.12,0.45,0.55,2025-11-08,816,n,5.42,D
27.33536,83.00122,316.81,287.77,0.45,0.55,2025-11-08,760,n,9.49,D
25.05932,83.89874,317.3,286.15,0.45,0.55,2025-11-08,806,n,6.97,D
26.73333,83.922,314.96,289.07,0.45,0.55,2025-11-08,808,n,10.12,D
25.51305,80.26187,311.84,291.62,0.45,0.55,2025-11-08,737,n,4.55,D
26.39485,81.51889,313.81,286.64,0.45,0.55,2025-11-08,739,n,6.7,D
27.02086,80.35949,316.03,286.91,0.45,0.55,2025-11-08,799,n,8.15,D
26.98871,84.29176,311.69,289.97,0.45,0.55,2025-11-08,755,n,5.38,D
25.56254,82.10304,316.59,288.0,0.45,0.55,2025-11-08,774,n,9.67,D
27.03156,81.65304,313.89,284.92,0.45,0.55,2025-11-08,750,n,3.37,D
26.21517,82.92076,316.06,289.85,0.45,0.55,2025-11-08,763,n,9.87,D
25.38741,82.03938,313.81,289.4,0.45,0.55,2025-11-08,824,n,9.52,D
26.06131,84.12648,311.78,285.94,0.45,0.55,2025-11-08,738,n,4.43,D
25.07994,81.11137,310.98,287.84,0.45,0.55,2025-11-08,781,n,6.04,D
25.5877,81.87117,315.02,287.07,0.45,0.55,2025-11-08,803,n,9.5,D
26.44089,84.12102,315.25,290.63,0.45,0.55,2025-11-08,757,n,3.86,D
26.31439,81.92977,314.04,287.18,0.45,0.55,2025-11-08,733,n,5.13,D
25.08309,81.44719,313.21,293.09,0.45,0.55,2025-11-09,768,n,3.36,D
27.33628,83.00133,313.59,285.96,0.45,0.55,2025-11-09,760,n,3.02,D
25.54941,84.1563,311.72,289.18,0.45,0.55,2025-11-09,767,n,7.28,D
25.51521,80.2612,315.15,287.31,0.45,0.55,2025-11-09,747,n,7.45,D
25.61962,81.27532,313.48,288.65,0.45,0.55,2025-11-09,742,n,4.46,D
25.05807,82.98492,310.51,287.18,0.45,0.55,2025-11-09,780,n,5.35,D
26.98625,84.29035,317.82,289.74,0.45,0.55,2025-11-09,753,n,10.19,D
26.12345,82.49066,317.64,287.91,0.45,0.55,2025-11-09,776,n,9.92,D
25.451,82.34535,315.15,290.11,0.45,0.55,2025-11-09,740,n,10.12,D
26.06002,84.12857,313.01,284.63,0.45,0.55,2025-11-09,783,n,3.71,D
25.0584,83.89917,314.32,283.18,0.45,0.55,2025-11-10,754,n,9.57,D
26.87081,83.41815,313.7,285.4,0.45,0.55,2025-11-10,757,n,7.2,D
26.39725,81.52196,316.09,286.91,0.45,0.55,2025-11-10,783,n,10.28,D
25.06551,82.16491,311.74,289.22,0.45,0.55,2025-11-10,753,n,4.98,D
26.16426,84.40115,318.65,289.37,0.45,0.55,2025-11-10,768,n,7.73,D
25.389,82.03804,313.12,287.37,0.45,0.55,2025-11-10,765,n,7.8,D
25.44905,82.34561,315.07,288.01,0.45,0.55,2025-11-10,776,n,11.56,D
26.41632,80.81608,317.57,286.32,0.45,0.55,2025-11-10,810,n,8.02,D
26.31461,81.92849,315.16,291.24,0.45,0.55,2025-11-10,747,n,7.39,D
27.25499,80.97593,315.65,286.23,0.45,0.55,2025-11-11,792,n,11.24,D
26.64288,83.9518,315.84,287.72,0.45,0.55,2025-11-11,796,n,7.1,D
25.55119,84.15536,314.64,288.56,0.45,0.55,2025-11-11,785,n,10.65,D
26.84705,81.83217,316.87,288.38,0.45,0.55,2025-11-11,820,n,11.62,D
27.02367,80.36184,314.3,290.93,0.45,0.55,2025-11-11,799,n,6.95,D
25.05948,82.9872,312.04,289.72,0.45,0.55,2025-11-11,785,n,5.77,D
26.98744,84.29118,312.54,289.24,0.45,0.55,2025-11-11,798,n,8.34,D
25.06388,82.16664,315.64,288.07,0.45,0.55,2025-11-11,745,n,8.39,D
27.03022,81.6518,311.53,288.78,0.45,0.55,2025-11-11,740,n,5.26,D
26.16525,84.40149,312.23,286.37,0.45,0.55,2025-11-11,774,n,5.25,D
25.72932,84.06301,317.69,290.29,0.45,0.55,2025-11-11,753,n,10.68,D
26.39454,82.09607,312.11,285.23,0.45,0.55,2025-11-11,814,n,4.96,D
25.08077,81.11033,310.24,290.23,0.45,0.55,2025-11-11,771,n,5.18,D
27.41807,82.81824,316.1,287.33,0.45,0.55,2025-11-12,768,n,7.0,D
25.84885,82.47648,313.83,289.69,0.45,0.55,2025-11-12,730,n,6.84,D
26.64115,83.95303,312.54,286.53,0.45,0.55,2025-11-12,736,n,4.0,D
27.35935,84.25964,310.42,287.19,0.45,0.55,2025-11-12,811,n,3.69,D
26.87099,83.41792,313.03,290.25,0.45,0.55,2025-11-12,793,n,6.94,D
26.06647,81.76699,314.29,289.49,0.45,0.55,2025-11-12,730,n,8.89,D
26.84775,81.83071,315.17,286.92,0.45,0.55,2025-11-12,788,n,4.21,D
25.61627,81.27449,314.7,286.69,0.45,0.55,2025-11-12,784,n,7.98,D
26.75318,81.8606,316.22,286.07,0.45,0.55,2025-11-12,759,n,6.68,D
26.98907,84.29174,312.15,286.54,0.45,0.55,2025-11-12,747,n,7.16,D
25.80488,82.01046,315.15,292.18,0.45,0.55,2025-11-12,751,n,6.92,D
26.49716,80.13066,314.36,286.97,0.45,0.55,2025-11-12,794,n,8.46,D
26.2172,82.921,310.28,290.53,0.45,0.55,2025-11-12,813,n,5.56,D
26.16611,84.40144,312.81,288.87,0.45,0.55,2025-11-12,786,n,4.39,D
26.39524,82.09588,310.86,290.81,0.45,0.55,2025-11-12,789,n,3.06,D
26.31426,81.92961,314.56,284.97,0.45,0.55,2025-11-12,740,n,8.85,D
25.08352,81.44624,318.07,288.07,0.45,0.55,2025-11-13,821,n,10.25,D
25.85094,82.47397,313.31,286.77,0.45,0.55,2025-11-13,796,n,6.91,D
27.3365,83.00268,312.26,288.57,0.45,0.55,2025-11-13,781,n,4.37,D
27.35677,84.26012,311.72,282.46,0.45,0.55,2025-11-13,825,n,7.86,D
26.87063,83.41601,316.54,290.84,0.45,0.55,2025-11-13,780,n,10.32,D
26.0677,81.76623,315.37,283.42,0.45,0.55,2025-11-13,807,n,5.55,D
26.75479,81.85969,316.7,288.28,0.45,0.55,2025-11-13,792,n,10.64,D
25.72116,81.09821,314.44,291.2,0.45,0.55,2025-11-13,814,n,11.79,D
25.06614,82.16465,309.88,287.06,0.45,0.55,2025-11-13,828,n,4.28,D
26.2161,82.92066,316.54,289.44,0.45,0.55,2025-11-13,783,n,10.15,D
25.73155,84.06405,313.83,292.49,0.45,0.55,2025-11-13,747,n,6.79,D
26.46595,83.20103,313.29,287.84,0.45,0.55,2025-11-13,786,n,3.98,D
25.58895,81.86909,313.37,288.33,0.45,0.55,2025-11-13,746,n,11.12,D
26.31465,81.92862,314.07,286.12,0.45,0.55,2025-11-13,769,n,11.31,D
25.06922,83.43066,313.92,289.51,0.45,0.55,2025-11-13,738,n,6.17,D
25.08366,81.44681,316.23,286.84,0.45,0.55,2025-11-14,823,n,9.77,D
27.3341,83.00029,316.1,288.99,0.45,0.55,2025-11-14,777,n,8.81,D
26.64263,83.95109,311.06,288.45,0.45,0.55,2025-11-14,745,n,4.56,D
25.55147,84.15573,316.29,284.56,0.45,0.55,2025-11-14,757,n,11.81,D
26.06706,81.76442,317.25,286.95,0.45,0.55,2025-11-14,819,n,8.84,D
26.84871,81.82959,315.91,289.2,0.45,0.55,2025-11-14,740,n,9.43,D
27.0315,81.65359,322.03,286.79,0.45,0.55,2025-11-14,803,n,9.57,D
26.21448,82.92246,318.01,285.18,0.45,0.55,2025-11-14,791,n,7.75,D
25.38964,82.03906,307.19,285.28,0.45,0.55,2025-11-14,819,n,4.38,D
25.44922,82.3453,314.86,286.91,0.45,0.55,2025-11-14,732,n,8.66,D
26.44157,84.12206,311.69,287.29,0.45,0.55,2025-11-14,774,n,3.41,D
26.61366,82.86611,315.47,285.72,0.45,0.55,2025-11-14,755,n,11.18,D
26.45185,84.45787,315.96,287.09,0.45,0.55,2025-11-15,753,n,11.29,D
25.45061,81.60682,320.54,290.02,0.45,0.55,2025-11-15,746,n,10.3,D
27.35949,84.26008,311.45,288.55,0.45,0.55,2025-11-15,764,n,4.2,D
26.7351,83.92395,311.39,286.52,0.45,0.55,2025-11-15,766,n,4.14,D
26.15543,84.41782,314.43,286.18,0.45,0.55,2025-11-15,803,n,4.38,D
27.25433,82.65868,311.17,289.08,0.45,0.55,2025-11-15,754,n,5.66,D
26.9876,84.29222,311.46,286.31,0.45,0.55,2025-11-15,794,n,4.22,D
26.84157,83.03045,312.66,289.58,0.45,0.55,2025-11-15,770,n,4.63,D
26.21521,82.91884,313.87,284.05,0.45,0.55,2025-11-15,766,n,5.79,D
25.08018,81.11109,311.93,283.83,0.45,0.55,2025-11-15,819,n,4.79,D
26.61442,82.86537,314.93,290.31,0.45,0.55,2025-11-15,822,n,5.14,D
25.55149,84.15597,314.16,287.16,0.45,0.55,2025-11-16,750,n,7.09,D
25.44951,81.60766,312.57,287.44,0.45,0.55,2025-11-16,748,n,7.46,D
27.357,84.26026,311.22,289.12,0.45,0.55,2025-11-16,791,n,4.11,D
26.7341,83.92171,312.99,288.09,0.45,0.55,2025-11-16,746,n,5.12,D
26.9882,84.29232,313.03,289.73,0.45,0.55,2025-11-16,774,n,4.26,D
26.84108,83.02875,313.6,289.24,0.45,0.55,2025-11-16,753,n,6.97,D
26.12493,82.49039,316.45,286.94,0.45,0.55,2025-11-16,796,n,5.37,D
25.56319,82.10407,316.28,287.48,0.45,0.55,2025-11-16,828,n,6.96,D
27.03112,81.65194,314.24,287.15,0.45,0.55,2025-11-16,787,n,10.21,D
26.23751,81.22568,318.98,289.1,0.45,0.55,2025-11-16,753,n,11.83,D
26.21722,82.9208,317.38,289.5,0.45,0.55,2025-11-16,806,n,7.48,D
26.06004,84.12766,313.81,289.93,0.45,0.55,2025-11-16,776,n,9.75,D
26.39436,82.09722,317.24,290.25,0.45,0.55,2025-11-16,780,n,7.0,D
26.46847,83.20244,313.69,286.78,0.45,0.55,2025-11-16,812,n,8.27,D
25.08166,81.11165,313.57,287.26,0.45,0.55,2025-11-16,759,n,3.58,D
26.31396,81.92855,313.3,290.51,0.45,0.55,2025-11-16,747,n,8.29,D
25.08279,81.44528,319.52,287.69,0.45,0.55,2025-11-17,761,n,5.99,D
25.84812,82.47384,313.71,290.56,0.45,0.55,2025-11-17,818,n,4.14,D
27.33665,83.00229,311.82,289.34,0.45,0.55,2025-11-17,814,n,4.63,D
27.25451,80.97611,314.92,287.49,0.45,0.55,2025-11-17,756,n,8.81,D
27.35797,84.25843,310.96,287.47,0.45,0.55,2025-11-17,763,n,5.26,D
26.73351,83.92084,314.53,288.4,0.45,0.55,2025-11-17,775,n,9.23,D
25.51323,80.26111,314.02,286.56,0.45,0.55,2025-11-17,799,n,3.63,D
27.02228,80.3597,317.8,288.61,0.45,0.55,2025-11-17,783,n,11.57,D
25.61944,81.27541,315.1,289.18,0.45,0.55,2025-11-17,790,n,10.66,D
25.56318,82.10178,310.23,292.45,0.45,0.55,2025-11-17,737,n,3.9,D
26.16594,84.40102,311.35,288.59,0.45,0.55,2025-11-17,741,n,3.57,D
25.3875,82.03905,318.09,288.23,0.45,0.55,2025-11-17,747,n,8.85,D
25.72975,84.06386,314.85,287.55,0.45,0.55,2025-11-17,751,n,3.03,D
26.05875,84.12642,312.51,289.74,0.45,0.55,2025-11-17,829,n,7.08,D
26.39516,82.09438,316.08,288.33,0.45,0.55,2025-11-17,749,n,9.65,D
26.46649,83.20243,313.6,287.11,0.45,0.55,2025-11-17,754,n,3.99,D
26.65001,84.488,313.5,285.0,0.45,0.55,2025-11-17,801,n,8.12,D
26.451,84.45906,313.77,286.11,0.45,0.55,2025-11-18,790,n,8.01,D
25.85049,82.47511,317.47,288.42,0.45,0.55,2025-11-18,755,n,10.47,D
27.33398,83.00234,311.5,291.15,0.45,0.55,2025-11-18,736,n,6.43,D
27.25549,80.97569,311.51,284.04,0.45,0.55,2025-11-18,812,n,9.83,D
25.45284,81.60667,317.18,287.1,0.45,0.55,2025-11-18,803,n,9.09,D
26.86993,83.41701,319.93,286.78,0.45,0.55,2025-11-18,749,n,9.2,D
25.05622,82.98479,315.35,287.37,0.45,0.55,2025-11-18,772,n,9.72,D
26.75424,81.8606,317.06,294.64,0.45,0.55,2025-11-18,788,n,10.55,D
26.98888,84.29136,314.16,284.0,0.45,0.55,2025-11-18,778,n,9.61,D
26.84241,83.03244,314.4,288.45,0.45,0.55,2025-11-18,779,n,6.11,D
25.80613,82.01035,312.28,289.79,0.45,0.55,2025-11-18,764,n,7.6,D
25.38853,82.03939,312.94,285.12,0.45,0.55,2025-11-18,816,n,10.83,D
26.06214,84.12747,314.44,289.14,0.45,0.55,2025-11-18,789,n,4.09,D
26.41489,80.81737,315.22,288.17,0.45,0.55,2025-11-18,770,n,10.79,D
25.84972,82.47363,312.61,287.64,0.45,0.55,2025-11-19,789,n,7.43,D
25.37416,84.37191,311.49,283.22,0.45,0.55,2025-11-19,751,n,5.47,D
27.25628,80.97648,313.84,288.2,0.45,0.55,2025-11-19,819,n,5.6,D
26.73396,83.92217,314.21,289.35,0.45,0.55,2025-11-19,778,n,7.41,D
26.87077,83.41599,318.46,286.14,0.45,0.55,2025-11-19,774,n,11.98,D
26.849,81.83024,318.52,287.76,0.45,0.55,2025-11-19,783,n,11.66,D
25.05838,82.98528,318.33,286.79,0.45,0.55,2025-11-19,790,n,10.66,D
26.75372,81.85964,315.37,291.32,0.45,0.55,2025-11-19,820,n,9.76,D
26.98644,84.29072,316.83,288.47,0.45,0.55,2025-11-19,746,n,9.85,D
25.71813,81.09585,314.27,290.65,0.45,0.55,2025-11-19,816,n,8.15,D
25.80346,82.00884,315.74,289.44,0.45,0.55,2025-11-19,765,n,4.2,D
26.23698,81.22664,313.85,290.37,0.45,0.55,2025-11-19,743,n,8.83,D
27.25526,80.97715,313.02,284.21,0.45,0.55,2025-11-20,791,n,6.27,D
26.15459,84.41735,316.12,289.76,0.45,0.55,2025-11-20,739,n,11.24,D
26.06794,81.76446,311.55,289.22,0.45,0.55,2025-11-20,798,n,6.24,D
25.61735,81.27578,314.1,292.44,0.45,0.55,2025-11-20,768,n,10.3,D
26.75578,81.86015,313.49,287.7,0.45,0.55,2025-11-20,817,n,3.93,D
26.8439,83.02903,314.46,288.62,0.45,0.55,2025-11-20,781,n,5.07,D
26.12331,82.49033,314.96,287.94,0.45,0.55,2025-11-20,773,n,5.7,D
26.16709,84.40244,314.21,286.05,0.45,0.55,2025-11-20,809,n,4.47,D
26.44099,84.12194,316.31,288.12,0.45,0.55,2025-11-20,769,n,11.12,D
26.41252,80.81514,314.82,286.71,0.45,0.55,2025-11-20,748,n,7.48,D
26.61521,82.86532,312.77,288.91,0.45,0.55,2025-11-20,815,n,7.05,D
25.06961,83.43103,314.78,288.83,0.45,0.55,2025-11-20,777,n,6.12,D
25.0827,81.44467,315.34,287.72,0.45,0.55,2025-11-21,808,n,7.75,D
25.85174,82.47474,310.84,289.33,0.45,0.55,2025-11-21,785,n,3.04,D
27.33441,83.00267,311.44,290.04,0.45,0.55,2025-11-21,785,n,3.01,D
26.64192,83.95281,311.86,288.9,0.45,0.55,2025-11-21,760,n,3.93,D
25.05774,83.90002,313.43,292.39,0.45,0.55,2025-11-21,768,n,7.88,D
25.05871,82.98507,310.86,288.4,0.45,0.55,2025-11-21,742,n,6.78,D
26.75544,81.86058,312.99,287.3,0.45,0.55,2025-11-21,776,n,3.57,D
26.98843,84.29184,312.1,287.75,0.45,0.55,2025-11-21,777,n,9.94,D
25.06448,82.1626,312.38,287.11,0.45,0.55,2025-11-21,809,n,9.52,D
25.56273,82.10356,315.6,285.44,0.45,0.55,2025-11-21,763,n,6.22,D
26.2153,82.92267,316.69,284.44,0.45,0.55,2025-11-21,758,n,11.92,D
25.72905,84.06381,318.1,283.6,0.45,0.55,2025-11-21,733,n,9.18,D
25.44891,82.34624,310.56,291.19,0.45,0.55,2025-11-21,766,n,4.91,D
26.39405,82.09487,315.25,285.2,0.45,0.55,2025-11-21,783,n,11.19,D
25.07942,81.10934,317.24,288.77,0.45,0.55,2025-11-21,759,n,6.49,D
26.61442,82.86713,311.61,288.42,0.45,0.55,2025-11-21,777,n,6.94,D
25.0691,83.42914,312.19,287.84,0.45,0.55,2025-11-21,793,n,3.23,D
26.45102,84.45775,315.37,289.79,0.45,0.55,2025-11-22,806,n,5.47,D
27.3347,83.00209,310.46,290.39,0.45,0.55,2025-11-22,808,n,3.29,D
27.25554,80.97465,314.4,290.36,0.45,0.55,2025-11-22,763,n,3.36,D
27.3569,84.25963,311.18,287.46,0.45,0.55,2025-11-22,757,n,3.75,D
26.15343,84.41706,315.53,287.26,0.45,0.55,2025-11-22,815,n,11.35,D
26.87045,83.41861,310.8,289.3,0.45,0.55,2025-11-22,798,n,3.35,D
26.39627,81.52085,316.67,290.0,0.45,0.55,2025-11-22,779,n,7.92,D
25.61885,81.27463,311.27,289.19,0.45,0.55,2025-11-22,741,n,3.29,D
25.56422,82.10292,312.3,289.52,0.45,0.55,2025-11-22,736,n,7.52,D
26.41291,80.81572,312.83,291.83,0.45,0.55,2025-11-22,799,n,6.57,D
27.42042,82.81828,315.56,288.43,0.45,0.55,2025-11-23,811,n,6.01,D
25.85179,82.47582,314.64,288.98,0.45,0.55,2025-11-23,795,n,6.42,D
27.33423,83.00303,314.48,286.71,0.45,0.55,2025-11-23,780,n,4.79,D
25.55033,84.15656,315.18,288.79,0.45,0.55,2025-11-23,780,n,6.68,D
26.15468,84.41666,318.05,288.19,0.45,0.55,2025-11-23,789,n,9.57,D
26.86838,83.41641,317.45,288.8,0.45,0.55,2025-11-23,785,n,11.05,D
25.51493,80.26251,312.02,290.0,0.45,0.55,2025-11-23,743,n,7.45,D
27.2534,82.65719,311.38,283.66,0.45,0.55,2025-11-23,803,n,3.09,D
27.02422,80.35867,314.32,287.83,0.45,0.55,2025-11-23,762,n,7.13,D
26.98946,84.2919,318.9,286.51,0.45,0.55,2025-11-23,799,n,10.74,D
26.23917,81.22892,312.95,289.13,0.45,0.55,2025-11-23,736,n,9.9,D
25.07889,81.1115,313.4,288.34,0.45,0.55,2025-11-23,742,n,4.39,D
25.58892,81.87035,313.1,286.47,0.45,0.55,2025-11-23,803,n,9.05,D
26.31436,81.92921,312.28,290.58,0.45,0.55,2025-11-23,768,n,4.07,D
26.61399,82.86511,316.63,286.44,0.45,0.55,2025-11-23,807,n,5.22,D
26.44902,84.46116,314.57,291.53,0.45,0.55,2025-11-24,761,n,4.22,D
26.64286,83.95149,311.11,285.94,0.45,0.55,2025-11-24,802,n,3.3,D
25.55094,84.15483,316.67,287.94,0.45,0.55,2025-11-24,794,n,8.78,D
26.0678,81.76521,311.09,288.02,0.45,0.55,2025-11-24,814,n,3.82,D
26.84804,81.83038,315.75,288.34,0.45,0.55,2025-11-24,828,n,6.25,D
27.02428,80.36092,311.17,287.07,0.45,0.55,2025-11-24,751,n,4.92,D
26.75642,81.85893,313.61,282.79,0.45,0.55,2025-11-24,757,n,5.5,D
26.98805,84.29284,319.48,285.17,0.45,0.55,2025-11-24,761,n,8.47,D
25.06634,82.16411,313.48,289.17,0.45,0.55,2025-11-24,820,n,7.07,D
26.21664,82.92091,312.11,287.78,0.45,0.55,2025-11-24,823,n,7.02,D
25.3871,82.03913,311.43,287.64,0.45,0.55,2025-11-24,810,n,7.02,D
26.39417,82.09647,313.91,287.37,0.45,0.55,2025-11-24,804,n,7.67,D
26.46402,83.20165,316.23,289.41,0.45,0.55,2025-11-24,735,n,5.82,D
25.08011,81.11116,322.55,283.64,0.45,0.55,2025-11-24,814,n,11.25,D
26.41431,80.8171,310.7,289.81,0.45,0.55,2025-11-24,794,n,8.21,D
26.61314,82.86788,315.05,290.8,0.45,0.55,2025-11-24,797,n,5.18,D
25.85125,82.47507,316.48,291.54,0.45,0.55,2025-11-25,740,n,11.18,D
26.64135,83.95108,316.21,289.94,0.45,0.55,2025-11-25,822,n,9.62,D
25.61974,81.27795,317.12,285.88,0.45,0.55,2025-11-25,814,n,11.47,D
26.75435,81.86017,310.29,286.3,0.45,0.55,2025-11-25,795,n,5.38,D
25.06618,82.16386,313.04,286.75,0.45,0.55,2025-11-25,780,n,3.68,D
26.23885,81.22711,312.38,289.68,0.45,0.55,2025-11-25,800,n,5.22,D
26.21459,82.91995,314.61,286.27,0.45,0.55,2025-11-25,809,n,9.58,D
25.38809,82.03964,317.07,294.12,0.45,0.55,2025-11-25,759,n,7.75,D
26.06106,84.12713,311.76,290.73,0.45,0.55,2025-11-25,775,n,5.02,D
25.07988,81.11213,314.3,292.2,0.45,0.55,2025-11-25,730,n,4.39,D
26.44228,84.12046,313.97,290.98,0.45,0.55,2025-11-25,820,n,5.66,D
26.41335,80.8163,316.04,289.63,0.45,0.55,2025-11-25,820,n,9.74,D
25.55106,84.15648,311.87,287.9,0.45,0.55,2025-11-26,734,n,6.11,D
26.15394,84.41527,314.28,287.73,0.45,0.55,2025-11-26,819,n,7.82,D
26.39482,81.51999,316.02,288.38,0.45,0.55,2025-11-26,731,n,7.48,D
26.75509,81.85921,312.72,290.48,0.45,0.55,2025-11-26,795,n,3.89,D
26.12326,82.49102,315.53,286.55,0.45,0.55,2025-11-26,731,n,8.02,D
25.06511,82.16318,309.65,290.34,0.45,0.55,2025-11-26,781,n,3.94,D
26.21442,82.92012,317.99,285.06,0.45,0.55,2025-11-26,749,n,10.1,D
25.72971,84.06436,312.42,290.7,0.45,0.55,2025-11-26,775,n,5.37,D
26.05965,84.1257,319.6,288.92,0.45,0.55,2025-11-26,780,n,10.13,D
26.39465,82.09547,315.07,289.23,0.45,0.55,2025-11-26,759,n,6.95,D
26.44085,84.12163,316.38,287.31,0.45,0.55,2025-11-26,779,n,10.06,D
25.06938,83.43216,316.18,288.82,0.45,0.55,2025-11-26,792,n,8.49,D
25.44774,81.60886,311.42,287.74,0.45,0.55,2025-11-27,805,n,3.31,D
27.35788,84.26026,312.32,291.51,0.45,0.55,2025-11-27,744,n,5.09,D
26.87099,83.41801,314.04,287.9,0.45,0.55,2025-11-27,788,n,4.53,D
27.25301,82.65699,313.68,288.3,0.45,0.55,2025-11-27,751,n,4.45,D
27.02187,80.35876,315.88,287.83,0.45,0.55,2025-11-27,816,n,10.19,D
26.75437,81.86045,315.85,286.13,0.45,0.55,2025-11-27,770,n,5.03,D
26.98985,84.29326,312.92,288.85,0.45,0.55,2025-11-27,825,n,5.73,D
25.06162,82.16231,316.25,286.17,0.45,0.55,2025-11-27,771,n,11.29,D
27.02894,81.65117,316.52,286.46,0.45,0.55,2025-11-27,808,n,3.34,D
26.23702,81.22668,314.02,287.0,0.45,0.55,2025-11-27,816,n,8.58,D
26.50004,80.13046,316.71,287.69,0.45,0.55,2025-11-27,805,n,4.57,D
26.21452,82.92026,314.2,291.33,0.45,0.55,2025-11-27,742,n,7.92,D
26.16468,84.40142,313.7,285.66,0.45,0.55,2025-11-27,765,n,6.19,D
25.08052,81.11029,313.12,287.9,0.45,0.55,2025-11-27,794,n,6.15,D
26.61566,82.86573,316.74,288.24,0.45,0.55,2025-11-27,752,n,11.59,D
25.37372,84.37212,315.17,289.48,0.45,0.55,2025-11-28,731,n,8.79,D
27.25429,80.97593,312.92,286.73,0.45,0.55,2025-11-28,810,n,4.47,D
26.64139,83.95259,311.33,288.14,0.45,0.55,2025-11-28,789,n,9.88,D
25.05809,83.89821,312.2,286.87,0.45,0.55,2025-11-28,756,n,5.55,D
26.06811,81.76609,312.06,287.95,0.45,0.55,2025-11-28,744,n,6.81,D
26.39502,81.5226,312.03,286.98,0.45,0.55,2025-11-28,795,n,6.43,D
27.02435,80.35968,309.92,288.7,0.45,0.55,2025-11-28,731,n,5.47,D
25.05947,82.98495,316.8,287.24,0.45,0.55,2025-11-28,794,n,8.47,D
25.72035,81.09871,313.79,286.6,0.45,0.55,2025-11-28,737,n,3.97,D
26.24039,81.22688,319.26,292.26,0.45,0.55,2025-11-28,757,n,10.6,D
25.38721,82.03825,312.18,288.72,0.45,0.55,2025-11-28,803,n,6.4,D
25.72944,84.06256,313.36,289.07,0.45,0.55,2025-11-28,734,n,8.23,D
26.39443,82.09645,315.88,283.58,0.45,0.55,2025-11-28,776,n,9.24,D
25.08043,81.11087,314.73,286.33,0.45,0.55,2025-11-28,808,n,6.97,D
26.45134,84.45849,314.23,287.24,0.45,0.55,2025-11-29,765,n,11.8,D
27.42039,82.81817,317.72,290.96,0.45,0.55,2025-11-29,802,n,9.19,D
25.05873,83.89928,314.52,288.08,0.45,0.55,2025-11-29,772,n,7.2,D
27.02404,80.35867,313.29,289.64,0.45,0.55,2025-11-29,806,n,7.53,D
26.98603,84.29145,317.07,291.14,0.45,0.55,2025-11-29,805,n,10.63,D
27.03043,81.65068,314.7,285.71,0.45,0.55,2025-11-29,777,n,6.99,D
26.49967,80.13118,314.41,289.52,0.45,0.55,2025-11-29,736,n,6.9,D
26.16597,84.40013,315.69,289.28,0.45,0.55,2025-11-29,739,n,10.41,D
25.72872,84.06404,317.45,288.04,0.45,0.55,2025-11-29,797,n,8.59,D
25.44825,82.34626,314.78,285.86,0.45,0.55,2025-11-29,750,n,9.62,D
26.05994,84.12682,313.32,287.04,0.45,0.55,2025-11-29,767,n,4.37,D
25.59009,81.86954,313.6,283.27,0.45,0.55,2025-11-29,802,n,4.51,D
26.65058,84.488,316.52,286.01,0.45,0.55,2025-11-29,806,n,10.07,D
26.45114,84.46094,312.96,285.91,0.45,0.55,2025-11-30,803,n,5.75,D
25.45028,81.60511,317.06,287.44,0.45,0.55,2025-11-30,770,n,4.58,D
27.35759,84.25982,317.89,286.44,0.45,0.55,2025-11-30,813,n,9.2,D
25.05876,83.89843,312.82,288.53,0.45,0.55,2025-11-30,736,n,3.64,D
26.73421,83.92481,312.13,289.89,0.45,0.55,2025-11-30,737,n,5.54,D
26.15475,84.41714,311.71,287.39,0.45,0.55,2025-11-30,806,n,4.94,D
25.51439,80.26294,316.19,285.35,0.45,0.55,2025-11-30,753,n,10.91,D
26.39527,81.52027,312.77,288.31,0.45,0.55,2025-11-30,757,n,5.69,D
26.849,81.83108,316.54,287.18,0.45,0.55,2025-11-30,804,n,9.88,D
25.62001,81.27628,313.8,291.62,0.45,0.55,2025-11-30,822,n,8.61,D
25.05917,82.98489,315.8,289.81,0.45,0.55,2025-11-30,811,n,6.77,D
26.75444,81.86084,318.28,288.61,0.45,0.55,2025-11-30,796,n,10.48,D
25.56351,82.10385,312.0,287.59,0.45,0.55,2025-11-30,804,n,9.3,D
26.24035,81.22655,314.54,289.61,0.45,0.55,2025-11-30,752,n,5.83,D
26.49901,80.1312,313.5,287.75,0.45,0.55,2025-11-30,782,n,7.77,D
26.21697,82.92049,314.78,287.43,0.45,0.55,2025-11-30,758,n,5.2,D
25.38708,82.03786,313.98,287.19,0.45,0.55,2025-11-30,760,n,5.79,D
25.44934,82.34693,312.79,287.58,0.45,0.55,2025-11-30,819,n,4.69,D
26.06082,84.12578,313.93,287.39,0.45,0.55,2025-11-30,784,n,8.56,D
26.39332,82.09414,310.75,286.17,0.45,0.55,2025-11-30,737,n,3.19,D
26.46655,83.20047,314.38,290.49,0.45,0.55,2025-11-30,819,n,5.71,D
25.58923,81.86963,315.49,284.82,0.45,0.55,2025-11-30,822,n,8.42,D
25.0839,81.44418,315.06,288.2,0.45,0.55,2025-12-01,814,n,9.44,D
27.41932,82.81832,314.22,287.86,0.45,0.55,2025-12-01,765,n,7.95,D
25.84843,82.47655,309.03,286.91,0.45,0.55,2025-12-01,751,n,3.71,D
25.37244,84.37386,311.0,290.36,0.45,0.55,2025-12-01,733,n,6.96,D
27.25594,80.97533,315.16,292.57,0.45,0.55,2025-12-01,801,n,9.73,D
27.35622,84.25902,318.39,288.87,0.45,0.55,2025-12-01,731,n,10.38,D
25.05876,83.89726,316.37,288.78,0.45,0.55,2025-12-01,785,n,3.77,D
26.73386,83.92085,310.77,289.16,0.45,0.55,2025-12-01,816,n,3.4,D
26.15395,84.41785,313.61,286.2,0.45,0.55,2025-12-01,735,n,6.57,D
25.51346,80.26107,319.42,290.55,0.45,0.55,2025-12-01,793,n,6.64,D
25.05918,82.98448,317.1,284.3,0.45,0.55,2025-12-01,760,n,9.82,D
26.98768,84.29119,313.05,286.49,0.45,0.55,2025-12-01,799,n,10.02,D
25.06633,82.16459,319.16,284.02,0.45,0.55,2025-12-01,747,n,11.9,D
26.2396,81.22701,311.14,285.25,0.45,0.55,2025-12-01,808,n,5.42,D
25.7303,84.0652,314.83,288.61,0.45,0.55,2025-12-01,803,n,7.78,D
26.39569,82.09447,312.17,284.93,0.45,0.55,2025-12-01,733,n,4.96,D
25.59033,81.86957,320.05,287.28,0.45,0.55,2025-12-01,828,n,11.4,D
26.41435,80.81715,317.94,281.94,0.45,0.55,2025-12-01,793,n,11.7,D
26.3144,81.93002,317.04,285.41,0.45,0.55,2025-12-01,819,n,8.83,D
25.06904,83.43014,315.34,286.11,0.45,0.55,2025-12-01,764,n,8.78,D
26.64304,83.9511,316.41,286.59,0.45,0.55,2025-12-02,785,n,11.38,D
26.73355,83.92358,317.5,289.85,0.45,0.55,2025-12-02,810,n,10.25,D
25.61803,81.27571,316.76,288.01,0.45,0.55,2025-12-02,823,n,5.78,D
25.05689,82.98671,318.06,286.02,0.45,0.55,2025-12-02,755,n,4.86,D
25.80626,82.01093,315.05,287.37,0.45,0.55,2025-12-02,795,n,9.05,D
26.16669,84.40092,318.94,287.59,0.45,0.55,2025-12-02,763,n,8.99,D
25.58803,81.87135,314.66,291.48,0.45,0.55,2025-12-02,773,n,3.18,D
26.41392,80.81726,315.58,286.97,0.45,0.55,2025-12-02,735,n,10.68,D
25.07192,83.43048,315.52,289.95,0.45,0.55,2025-12-02,730,n,5.22,D
25.37385,84.37373,315.1,290.27,0.45,0.55,2025-12-03,816,n,11.77,D
26.64243,83.95045,310.62,287.94,0.45,0.55,2025-12-03,772,n,4.01,D
25.55127,84.15779,316.39,287.83,0.45,0.55,2025-12-03,752,n,9.72,D
25.45012,81.60639,307.11,290.19,0.45,0.55,2025-12-03,731,n,4.52,D
26.7337,83.92344,314.47,288.7,0.45,0.55,2025-12-03,748,n,6.22,D
26.15574,84.41741,313.95,284.21,0.45,0.55,2025-12-03,749,n,5.23,D
27.03173,81.65208,315.94,285.92,0.45,0.55,2025-12-03,815,n,11.73,D
26.21485,82.92035,313.61,288.07,0.45,0.55,2025-12-03,760,n,6.7,D
25.38862,82.03869,312.57,284.83,0.45,0.55,2025-12-03,746,n,10.91,D
25.7298,84.06394,316.45,288.89,0.45,0.55,2025-12-03,805,n,5.65,D
26.05964,84.1269,314.98,291.42,0.45,0.55,2025-12-03,793,n,4.64,D
26.39407,82.09709,316.56,292.0,0.45,0.55,2025-12-03,808,n,11.58,D
26.46642,83.20014,316.17,283.81,0.45,0.55,2025-12-03,813,n,10.21,D
25.08232,81.11069,312.55,288.31,0.45,0.55,2025-12-03,761,n,3.06,D
26.65062,84.4896,315.08,287.46,0.45,0.55,2025-12-03,748,n,6.17,D
27.25494,80.97564,317.36,287.71,0.45,0.55,2025-12-04,770,n,11.72,D
25.55077,84.1554,311.95,289.77,0.45,0.55,2025-12-04,821,n,7.4,D
26.73333,83.92098,316.63,287.86,0.45,0.55,2025-12-04,766,n,11.13,D
25.51359,80.26241,313.15,286.27,0.45,0.55,2025-12-04,738,n,4.77,D
26.84729,81.83206,310.26,287.69,0.45,0.55,2025-12-04,747,n,3.2,D
25.61839,81.27564,317.99,286.29,0.45,0.55,2025-12-04,738,n,8.72,D
26.7536,81.85925,314.57,289.63,0.45,0.55,2025-12-04,737,n,3.51,D
25.71924,81.09946,313.71,289.07,0.45,0.55,2025-12-04,813,n,6.65,D
26.24052,81.22775,318.88,288.48,0.45,0.55,2025-12-04,829,n,11.81,D
26.16705,84.40183,317.56,290.44,0.45,0.55,2025-12-04,805,n,10.74,D
25.38748,82.0377,315.38,283.94,0.45,0.55,2025-12-04,829,n,7.61,D
26.46653,83.20071,315.79,290.5,0.45,0.55,2025-12-04,823,n,5.15,D
26.44245,84.12236,315.37,289.85,0.45,0.55,2025-12-04,730,n,8.29,D
25.08285,81.44468,317.37,288.76,0.45,0.55,2025-12-05,762,n,8.92,D
25.84883,82.47534,309.98,288.6,0.45,0.55,2025-12-05,775,n,4.26,D
25.37318,84.37209,314.02,288.87,0.45,0.55,2025-12-05,768,n,10.37,D
26.64286,83.9514,313.25,287.5,0.45,0.55,2025-12-05,802,n,7.02,D
25.45042,81.60905,317.12,288.58,0.45,0.55,2025-12-05,807,n,11.6,D
25.05799,83.89708,316.8,289.65,0.45,0.55,2025-12-05,802,n,8.67,D
26.75543,81.86065,311.47,289.4,0.45,0.55,2025-12-05,814,n,7.14,D
26.12514,82.49104,313.43,289.0,0.45,0.55,2025-12-05,735,n,3.87,D
26.21413,82.92036,316.01,285.15,0.45,0.55,2025-12-05,783,n,9.32,D
26.46669,83.20147,313.25,288.15,0.45,0.55,2025-12-05,801,n,6.07,D
25.58969,81.87081,315.82,285.85,0.45,0.55,2025-12-05,794,n,8.19,D
27.33442,83.0037,316.44,288.26,0.45,0.55,2025-12-06,746,n,10.43,D
25.37356,84.37263,316.78,285.7,0.45,0.55,2025-12-06,746,n,6.24,D
26.64491,83.9528,312.66,284.62,0.45,0.55,2025-12-06,731,n,11.24,D
25.44988,81.607,315.23,284.8,0.45,0.55,2025-12-06,730,n,9.03,D
26.06848,81.76524,315.39,287.77,0.45,0.55,2025-12-06,757,n,8.44,D
27.25322,82.65662,315.35,287.94,0.45,0.55,2025-12-06,778,n,11.06,D
26.85027,81.83217,315.69,291.5,0.45,0.55,2025-12-06,764,n,7.85,D
27.0235,80.35834,314.09,286.55,0.45,0.55,2025-12-06,806,n,7.26,D
26.75562,81.86026,311.63,286.14,0.45,0.55,2025-12-06,797,n,9.61,D
26.98808,84.29374,311.98,286.23,0.45,0.55,2025-12-06,782,n,3.67,D
25.06405,82.16426,314.03,287.97,0.45,0.55,2025-12-06,784,n,9.84,D
27.03102,81.65408,317.48,288.86,0.45,0.55,2025-12-06,760,n,10.01,D
25.80289,82.01045,317.39,291.56,0.45,0.55,2025-12-06,822,n,10.61,D
26.23674,81.22624,313.42,287.26,0.45,0.55,2025-12-06,793,n,5.15,D
25.73015,84.06266,309.09,291.28,0.45,0.55,2025-12-06,787,n,4.58,D
26.46631,83.2023,308.14,289.49,0.45,0.55,2025-12-06,829,n,3.79,D
25.08103,81.11016,311.45,287.62,0.45,0.55,2025-12-06,744,n,3.46,D
26.44168,84.1212,313.71,289.16,0.45,0.55,2025-12-06,811,n,5.01,D
26.41406,80.81644,314.23,291.22,0.45,0.55,2025-12-06,752,n,8.75,D
25.85076,82.47431,313.25,284.59,0.45,0.55,2025-12-07,779,n,8.21,D
27.25388,80.97419,314.51,286.34,0.45,0.55,2025-12-07,748,n,5.95,D
25.55397,84.15667,316.78,286.74,0.45,0.55,2025-12-07,766,n,7.59,D
26.73528,83.9238,313.57,288.08,0.45,0.55,2025-12-07,732,n,4.51,D
26.87099,83.41873,313.92,288.56,0.45,0.55,2025-12-07,761,n,4.75,D
26.067,81.76538,317.99,288.9,0.45,0.55,2025-12-07,734,n,8.31,D
25.51231,80.26387,312.22,287.61,0.45,0.55,2025-12-07,781,n,3.0,D
26.39504,81.52237,316.31,287.38,0.45,0.55,2025-12-07,789,n,10.35,D
27.02239,80.35988,315.53,290.16,0.45,0.55,2025-12-07,766,n,10.28,D
25.61698,81.27551,310.38,289.33,0.45,0.55,2025-12-07,759,n,5.57,D
26.84175,83.03154,315.83,283.97,0.45,0.55,2025-12-07,807,n,10.29,D
25.064,82.16362,315.21,290.6,0.45,0.55,2025-12-07,773,n,9.64,D
25.56239,82.10212,317.71,290.44,0.45,0.55,2025-12-07,824,n,8.26,D
26.23786,81.22642,313.8,289.3,0.45,0.55,2025-12-07,750,n,4.15,D
25.44948,82.34701,315.85,287.8,0.45,0.55,2025-12-07,746,n,9.0,D
26.394,82.09539,318.59,287.6,0.45,0.55,2025-12-07,770,n,9.04,D
25.08314,81.44533,320.08,289.08,0.45,0.55,2025-12-08,796,n,8.15,D
27.41803,82.81797,315.91,287.82,0.45,0.55,2025-12-08,762,n,3.89,D
25.85026,82.47534,317.91,286.96,0.45,0.55,2025-12-08,760,n,8.07,D
26.64083,83.95304,315.13,288.98,0.45,0.55,2025-12-08,742,n,11.53,D
25.55222,84.15704,314.49,287.32,0.45,0.55,2025-12-08,753,n,6.49,D
25.44871,81.60663,314.44,291.48,0.45,0.55,2025-12-08,746,n,7.76,D
25.05907,83.89949,315.56,288.73,0.45,0.55,2025-12-08,770,n,3.68,D
27.25379,82.65635,315.67,288.97,0.45,0.55,2025-12-08,821,n,11.27,D
26.39617,81.52042,313.85,287.72,0.45,0.55,2025-12-08,797,n,4.73,D
27.02193,80.35814,317.09,284.92,0.45,0.55,2025-12-08,751,n,5.15,D
26.98835,84.29188,313.45,286.15,0.45,0.55,2025-12-08,819,n,4.1,D
26.12417,82.49057,314.1,287.21,0.45,0.55,2025-12-08,813,n,6.5,D
25.72045,81.09845,311.47,291.15,0.45,0.55,2025-12-08,733,n,5.24,D
26.21614,82.92213,312.15,287.6,0.45,0.55,2025-12-08,810,n,7.15,D
26.44072,84.12159,314.15,286.96,0.45,0.55,2025-12-08,829,n,7.03,D
26.31509,81.92872,315.08,288.12,0.45,0.55,2025-12-08,736,n,11.44,D
26.65219,84.48817,314.87,288.67,0.45,0.55,2025-12-08,731,n,10.36,D
25.06987,83.43208,313.07,288.01,0.45,0.55,2025-12-08,764,n,11.13,D
25.55172,84.15831,315.29,287.04,0.45,0.55,2025-12-09,740,n,10.74,D
27.35817,84.25972,314.65,291.15,0.45,0.55,2025-12-09,813,n,10.05,D
26.73431,83.92295,313.75,287.7,0.45,0.55,2025-12-09,803,n,10.15,D
27.25022,82.6569,315.07,284.38,0.45,0.55,2025-12-09,812,n,9.73,D
26.75579,81.86082,313.73,287.56,0.45,0.55,2025-12-09,824,n,7.49,D
25.06654,82.16209,314.95,286.39,0.45,0.55,2025-12-09,765,n,8.78,D
25.56215,82.10279,313.26,285.27,0.45,0.55,2025-12-09,826,n,4.42,D
27.03155,81.65272,311.15,290.18,0.45,0.55,2025-12-09,744,n,4.27,D
25.80382,82.01104,315.64,286.82,0.45,0.55,2025-12-09,743,n,7.81,D
26.06339,84.12523,311.25,286.3,0.45,0.55,2025-12-09,815,n,4.58,D
26.4668,83.19939,318.56,289.77,0.45,0.55,2025-12-09,757,n,11.54,D
25.5906,81.87092,315.65,286.7,0.45,0.55,2025-12-09,749,n,7.73,D
26.41257,80.81456,316.83,289.26,0.45,0.55,2025-12-09,827,n,11.59,D
25.06839,83.42765,310.33,286.34,0.45,0.55,2025-12-09,810,n,6.15,D
25.05753,83.89869,311.53,286.67,0.45,0.55,2025-12-10,759,n,4.41,D
26.87056,83.4175,312.24,290.38,0.45,0.55,2025-12-10,737,n,6.66,D
27.25309,82.65934,314.54,285.6,0.45,0.55,2025-12-10,756,n,8.95,D
25.62028,81.27552,318.19,288.02,0.45,0.55,2025-12-10,812,n,4.05,D
25.05724,82.98528,313.7,287.75,0.45,0.55,2025-12-10,798,n,11.07,D
26.7534,81.85829,317.65,285.08,0.45,0.55,2025-12-10,782,n,9.01,D
26.12358,82.49003,313.92,287.79,0.45,0.55,2025-12-10,812,n,4.97,D
25.80392,82.01075,320.92,285.81,0.45,0.55,2025-12-10,823,n,11.62,D
26.23769,81.22665,309.95,288.06,0.45,0.55,2025-12-10,785,n,7.28,D
25.38755,82.03705,311.46,287.5,0.45,0.55,2025-12-10,773,n,5.76,D
26.41316,80.81739,311.92,287.41,0.45,0.55,2025-12-10,770,n,7.82,D
26.31517,81.92953,316.43,288.61,0.45,0.55,2025-12-10,813,n,7.06,D
26.65145,84.48891,309.46,291.82,0.45,0.55,2025-12-10,804,n,3.87,D
26.64237,83.95283,315.82,287.5,0.45,0.55,2025-12-11,746,n,4.7,D
25.44727,81.60633,318.48,288.02,0.45,0.55,2025-12-11,816,n,10.88,D
27.35642,84.26021,312.1,285.98,0.45,0.55,2025-12-11,737,n,10.67,D
26.84888,81.83139,314.23,285.99,0.45,0.55,2025-12-11,811,n,4.08,D
25.05783,82.9842,312.43,288.89,0.45,0.55,2025-12-11,742,n,8.95,D
26.84147,83.0307,318.93,290.98,0.45,0.55,2025-12-11,758,n,11.32,D
26.12603,82.49014,310.98,287.12,0.45,0.55,2025-12-11,821,n,4.51,D
27.03125,81.65187,317.12,290.63,0.45,0.55,2025-12-11,805,n,6.92,D
25.80541,82.01105,315.04,286.13,0.45,0.55,2025-12-11,756,n,8.7,D
26.05923,84.12641,316.07,289.24,0.45,0.55,2025-12-11,772,n,10.31,D
26.46655,83.19926,311.46,286.53,0.45,0.55,2025-12-11,793,n,5.12,D
25.08065,81.11027,316.13,286.92,0.45,0.55,2025-12-11,828,n,9.91,D
25.59072,81.86874,315.28,288.62,0.45,0.55,2025-12-11,800,n,8.66,D
26.41494,80.81733,318.36,289.87,0.45,0.55,2025-12-11,806,n,6.25,D
25.06992,83.4288,312.98,288.76,0.45,0.55,2025-12-11,823,n,6.73,D
27.33565,83.00262,315.21,289.07,0.45,0.55,2025-12-12,750,n,10.3,D
25.37231,84.37308,318.74,289.1,0.45,0.55,2025-12-12,803,n,10.86,D
25.05756,83.89845,313.15,288.93,0.45,0.55,2025-12-12,765,n,5.16,D
26.1532,84.41687,315.13,288.52,0.45,0.55,2025-12-12,819,n,6.77,D
26.8483,81.83149,315.79,285.8,0.45,0.55,2025-12-12,733,n,9.17,D
27.02479,80.35919,319.92,290.96,0.45,0.55,2025-12-12,736,n,11.55,D
25.72011,81.09846,319.12,288.5,0.45,0.55,2025-12-12,827,n,7.26,D
27.03259,81.65282,310.44,287.69,0.45,0.55,2025-12-12,775,n,3.18,D
25.72931,84.06577,313.7,286.69,0.45,0.55,2025-12-12,741,n,11.64,D
25.44989,82.34732,317.05,284.71,0.45,0.55,2025-12-12,785,n,10.77,D
26.06066,84.12619,316.77,288.22,0.45,0.55,2025-12-12,789,n,7.9,D
26.39499,82.09568,313.43,284.08,0.45,0.55,2025-12-12,735,n,8.17,D
26.44091,84.12122,315.15,286.98,0.45,0.55,2025-12-12,743,n,4.23,D
26.61416,82.8647,317.82,288.2,0.45,0.55,2025-12-12,790,n,11.72,D
26.65126,84.48779,311.3,286.07,0.45,0.55,2025-12-12,768,n,3.29,D
27.41984,82.81722,322.42,288.3,0.45,0.55,2025-12-13,731,n,11.62,D
25.84945,82.47502,315.94,291.36,0.45,0.55,2025-12-13,774,n,8.18,D
27.33501,83.00073,312.79,286.11,0.45,0.55,2025-12-13,808,n,9.06,D
26.64135,83.9533,315.22,286.42,0.45,0.55,2025-12-13,754,n,9.0,D
25.44949,81.60664,314.52,283.2,0.45,0.55,2025-12-13,824,n,9.41,D
27.35796,84.25997,317.88,287.48,0.45,0.55,2025-12-13,747,n,10.51,D
26.3951,81.52075,308.22,289.63,0.45,0.55,2025-12-13,795,n,4.4,D
25.61818,81.27455,314.94,289.6,0.45,0.55,2025-12-13,735,n,10.85,D
25.05837,82.98525,315.47,290.42,0.45,0.55,2025-12-13,767,n,8.0,D
26.12482,82.49137,316.63,287.65,0.45,0.55,2025-12-13,781,n,4.11,D
25.0639,82.16206,308.56,285.98,0.45,0.55,2025-12-13,806,n,4.55,D
25.80414,82.00974,310.77,288.28,0.45,0.55,2025-12-13,814,n,3.73,D
25.44803,82.34481,312.28,286.96,0.45,0.55,2025-12-13,736,n,3.76,D
25.07996,81.11,312.36,288.0,0.45,0.55,2025-12-13,759,n,4.51,D
26.31345,81.92804,319.26,288.18,0.45,0.55,2025-12-13,790,n,11.52,D
26.61294,82.86665,310.39,286.54,0.45,0.55,2025-12-13,748,n,3.8,D
26.65216,84.48704,313.45,286.53,0.45,0.55,2025-12-13,784,n,4.74,D
25.08275,81.44457,312.14,290.49,0.45,0.55,2025-12-14,826,n,4.58,D
26.44901,84.45937,318.3,289.67,0.45,0.55,2025-12-14,771,n,9.79,D
25.8483,82.47398,317.48,286.6,0.45,0.55,2025-12-14,770,n,11.8,D
27.33562,83.00279,312.63,288.63,0.45,0.55,2025-12-14,806,n,8.82,D
25.37471,84.37259,315.49,290.79,0.45,0.55,2025-12-14,829,n,8.65,D
27.25748,80.97471,312.92,286.97,0.45,0.55,2025-12-14,743,n,4.18,D
27.35757,84.25897,311.88,290.77,0.45,0.55,2025-12-14,791,n,4.34,D
25.05741,83.89771,317.22,285.6,0.45,0.55,2025-12-14,799,n,9.02,D
25.51472,80.2627,312.88,286.83,0.45,0.55,2025-12-14,734,n,9.07,D
25.62008,81.27634,311.65,287.79,0.45,0.55,2025-12-14,731,n,4.25,D
26.12218,82.48886,318.95,285.94,0.45,0.55,2025-12-14,823,n,10.76,D
25.71988,81.09827,314.16,291.47,0.45,0.55,2025-12-14,822,n,5.79,D
25.72833,84.06574,315.53,289.89,0.45,0.55,2025-12-14,780,n,9.47,D
25.44813,82.34659,312.58,284.16,0.45,0.55,2025-12-14,803,n,4.4,D
26.46725,83.20121,311.94,288.89,0.45,0.55,2025-12-14,819,n,7.77,D
26.3134,81.93086,310.14,289.95,0.45,0.55,2025-12-14,757,n,4.29,D
25.06934,83.42983,314.15,291.38,0.45,0.55,2025-12-14,775,n,10.16,D
27.33489,83.0034,314.41,288.08,0.45,0.55,2025-12-15,736,n,9.49,D
25.51498,80.26228,313.23,291.25,0.45,0.55,2025-12-15,752,n,3.83,D
27.25307,82.65823,318.61,289.95,0.45,0.55,2025-12-15,818,n,9.73,D
26.39484,81.52179,316.13,284.95,0.45,0.55,2025-12-15,736,n,9.48,D
26.84996,81.83226,314.89,286.23,0.45,0.55,2025-12-15,770,n,4.65,D
25.05827,82.98493,314.73,285.67,0.45,0.55,2025-12-15,752,n,11.03,D
26.12445,82.49344,310.64,285.64,0.45,0.55,2025-12-15,756,n,3.02,D
25.56106,82.10333,313.87,290.6,0.45,0.55,2025-12-15,802,n,9.37,D
26.23833,81.22849,311.49,286.71,0.45,0.55,2025-12-15,795,n,5.78,D
26.49825,80.13007,316.43,289.63,0.45,0.55,2025-12-15,767,n,11.32,D
26.46536,83.20017,315.6,288.74,0.45,0.55,2025-12-15,794,n,10.72,D
25.07955,81.10955,314.71,289.53,0.45,0.55,2025-12-15,814,n,11.9,D
26.41451,80.81509,316.92,286.98,0.45,0.55,2025-12-15,814,n,11.59,D
26.31379,81.92855,315.57,288.08,0.45,0.55,2025-12-15,788,n,9.1,D
25.06919,83.43116,312.93,288.97,0.45,0.55,2025-12-15,764,n,6.31,D
25.08275,81.4475,316.45,287.83,0.45,0.55,2025-12-16,734,n,7.7,D
25.44985,81.60784,313.9,290.44,0.45,0.55,2025-12-16,786,n,6.5,D
26.87049,83.41713,319.99,286.07,0.45,0.55,2025-12-16,754,n,11.63,D
26.06726,81.76643,311.8,288.63,0.45,0.55,2025-12-16,738,n,5.0,D
25.61819,81.27505,312.48,287.18,0.45,0.55,2025-12-16,827,n,5.86,D
25.05574,82.98798,315.91,287.9,0.45,0.55,2025-12-16,783,n,11.85,D
25.80268,82.01077,312.78,288.67,0.45,0.55,2025-12-16,804,n,8.31,D
26.4997,80.12904,313.58,290.45,0.45,0.55,2025-12-16,740,n,7.52,D
25.3886,82.03846,313.99,288.76,0.45,0.55,2025-12-16,813,n,6.64,D
26.41286,80.81481,312.65,286.65,0.45,0.55,2025-12-16,779,n,4.28,D
26.31448,81.92872,318.09,285.77,0.45,0.55,2025-12-16,816,n,9.59,D
25.06959,83.43048,312.76,290.71,0.45,0.55,2025-12-16,812,n,9.81,D
26.87182,83.41642,316.84,284.73,0.45,0.55,2025-12-17,825,n,10.13,D
27.02341,80.36031,313.22,287.6,0.45,0.55,2025-12-17,756,n,7.5,D
26.75352,81.86238,310.86,290.61,0.45,0.55,2025-12-17,785,n,6.13,D
26.84252,83.02637,314.93,287.72,0.45,0.55,2025-12-17,756,n,5.94,D
26.16729,84.40371,317.29,288.43,0.45,0.55,2025-12-17,735,n,11.88,D
25.72889,84.06536,316.54,293.9,0.45,0.55,2025-12-17,771,n,4.39,D
25.44925,82.34671,312.85,291.34,0.45,0.55,2025-12-17,745,n,7.64,D
26.05947,84.12591,312.79,284.62,0.45,0.55,2025-12-17,780,n,6.93,D
26.39217,82.09505,317.65,288.48,0.45,0.55,2025-12-17,817,n,9.48,D
25.59074,81.86913,317.98,287.34,0.45,0.55,2025-12-17,776,n,10.8,D
26.61479,82.86584,314.46,291.59,0.45,0.55,2025-12-17,780,n,5.48,D
26.65085,84.48682,311.8,287.05,0.45,0.55,2025-12-17,749,n,3.41,D
25.06948,83.4293,310.86,287.32,0.45,0.55,2025-12-17,796,n,7.42,D
27.35833,84.26002,317.19,287.25,0.45,0.55,2025-12-18,785,n,9.16,D
27.25275,82.65728,311.47,288.27,0.45,0.55,2025-12-18,773,n,5.91,D
26.39724,81.52233,310.86,292.8,0.45,0.55,2025-12-18,787,n,3.95,D
27.02283,80.35924,310.63,286.86,0.45,0.55,2025-12-18,774,n,10.07,D
26.75324,81.86079,316.51,287.78,0.45,0.55,2025-12-18,765,n,8.7,D
26.84177,83.02969,313.54,287.29,0.45,0.55,2025-12-18,791,n,8.51,D
26.21404,82.92121,313.77,285.15,0.45,0.55,2025-12-18,788,n,3.85,D
25.38861,82.03791,313.03,292.36,0.45,0.55,2025-12-18,805,n,7.7,D
25.72861,84.0656,315.11,287.4,0.45,0.55,2025-12-18,774,n,10.38,D
26.06294,84.12715,315.13,287.83,0.45,0.55,2025-12-18,804,n,3.27,D
26.31472,81.92896,313.13,288.33,0.45,0.55,2025-12-18,807,n,8.65,D
26.61564,82.86616,319.56,288.43,0.45,0.55,2025-12-18,818,n,7.78,D
26.65063,84.48757,314.32,286.86,0.45,0.55,2025-12-18,827,n,8.69,D
25.06757,83.42956,311.86,289.76,0.45,0.55,2025-12-18,820,n,4.39,D
26.45169,84.45834,312.36,288.98,0.45,0.55,2025-12-19,812,n,4.1,D
27.3348,83.00206,317.22,288.1,0.45,0.55,2025-12-19,806,n,9.71,D
25.05689,83.89857,313.17,288.63,0.45,0.55,2025-12-19,791,n,6.4,D
26.15524,84.41717,317.39,289.49,0.45,0.55,2025-12-19,761,n,8.81,D
26.84962,81.83002,312.1,285.65,0.45,0.55,2025-12-19,733,n,5.86,D
27.02314,80.35846,319.89,287.09,0.45,0.55,2025-12-19,798,n,7.91,D
25.80606,82.01235,313.7,291.15,0.45,0.55,2025-12-19,741,n,11.87,D
26.3925,82.09594,317.07,283.94,0.45,0.55,2025-12-19,748,n,9.7,D
25.0684,83.4285,318.99,286.35,0.45,0.55,2025-12-19,827,n,11.97,D
25.08236,81.44535,311.27,284.99,0.45,0.55,2025-12-20,762,n,4.97,D
25.55122,84.15681,313.56,286.23,0.45,0.55,2025-12-20,767,n,7.27,D
25.44982,81.60707,311.33,287.47,0.45,0.55,2025-12-20,763,n,3.23,D
27.35887,84.26286,316.58,286.91,0.45,0.55,2025-12-20,750,n,10.26,D
26.73526,83.92269,309.44,284.95,0.45,0.55,2025-12-20,791,n,4.49,D
26.87024,83.41601,310.32,286.09,0.45,0.55,2025-12-20,803,n,3.92,D
25.61881,81.27561,310.62,289.19,0.45,0.55,2025-12-20,774,n,4.44,D
25.05722,82.98346,317.06,288.03,0.45,0.55,2025-12-20,817,n,11.33,D
26.75562,81.86044,317.24,288.57,0.45,0.55,2025-12-20,812,n,8.9,D
26.98815,84.29265,312.98,286.04,0.45,0.55,2025-12-20,796,n,9.19,D
26.12368,82.4926,316.35,287.6,0.45,0.55,2025-12-20,775,n,11.77,D
25.56273,82.10404,315.65,288.34,0.45,0.55,2025-12-20,808,n,10.67,D
26.50062,80.12985,316.94,291.13,0.45,0.55,2025-12-20,829,n,8.34,D
26.16533,84.40197,315.98,289.47,0.45,0.55,2025-12-20,788,n,9.26,D
25.38832,82.04152,313.39,284.77,0.45,0.55,2025-12-20,759,n,6.92,D
25.72864,84.06545,312.55,292.5,0.45,0.55,2025-12-20,756,n,8.73,D
25.44835,82.34877,316.09,285.67,0.45,0.55,2025-12-20,801,n,10.37,D
26.06083,84.12974,317.65,285.43,0.45,0.55,2025-12-20,761,n,10.38,D
25.58963,81.86903,312.44,288.14,0.45,0.55,2025-12-20,769,n,4.86,D
26.44039,84.12252,317.0,285.4,0.45,0.55,2025-12-20,775,n,11.95,D
26.41617,80.81612,308.9,286.63,0.45,0.55,2025-12-20,805,n,3.43,D
26.61472,82.86649,307.7,288.58,0.45,0.55,2025-12-20,816,n,3.37,D
25.3726,84.37159,314.06,287.56,0.45,0.55,2025-12-21,745,n,9.98,D
26.86975,83.41713,319.63,290.0,0.45,0.55,2025-12-21,788,n,10.24,D
26.06569,81.76632,315.25,286.74,0.45,0.55,2025-12-21,763,n,9.58,D
27.25499,82.65606,314.19,285.35,0.45,0.55,2025-12-21,782,n,6.27,D
26.75349,81.85963,316.89,283.02,0.45,0.55,2025-12-21,828,n,10.75,D
26.99009,84.29233,314.63,291.26,0.45,0.55,2025-12-21,741,n,4.33,D
26.12496,82.49071,313.39,286.86,0.45,0.55,2025-12-21,737,n,3.03,D
25.56304,82.10464,309.96,285.53,0.45,0.55,2025-12-21,822,n,7.76,D
25.38646,82.03707,315.43,287.36,0.45,0.55,2025-12-21,814,n,6.8,D
25.72987,84.06608,308.58,284.8,0.45,0.55,2025-12-21,812,n,3.18,D
26.4413,84.12223,313.22,288.98,0.45,0.55,2025-12-21,811,n,4.25,D
26.31387,81.92965,315.96,289.12,0.45,0.55,2025-12-21,781,n,11.47,D
25.08125,81.44561,315.34,286.52,0.45,0.55,2025-12-22,804,n,8.46,D
25.37208,84.37105,312.78,287.07,0.45,0.55,2025-12-22,774,n,5.66,D
26.64132,83.9526,313.32,286.09,0.45,0.55,2025-12-22,800,n,3.41,D
25.55073,84.15651,318.91,287.92,0.45,0.55,2025-12-22,819,n,11.47,D
27.25392,82.65883,314.43,289.45,0.45,0.55,2025-12-22,778,n,5.5,D
27.02342,80.35912,317.83,287.02,0.45,0.55,2025-12-22,775,n,11.73,D
25.61748,81.2757,311.72,286.74,0.45,0.55,2025-12-22,814,n,3.29,D
26.23963,81.22467,313.97,289.3,0.45,0.55,2025-12-22,766,n,7.67,D
25.44756,82.34581,314.78,286.48,0.45,0.55,2025-12-22,737,n,5.02,D
26.39322,82.09609,315.4,288.34,0.45,0.55,2025-12-22,822,n,9.49,D
26.61366,82.86507,315.6,287.68,0.45,0.55,2025-12-22,743,n,3.89,D
26.64994,84.48923,311.56,287.87,0.45,0.55,2025-12-22,828,n,3.28,D
27.33281,83.00236,317.89,291.72,0.45,0.55,2025-12-23,822,n,10.18,D
25.55082,84.15505,315.4,287.12,0.45,0.55,2025-12-23,770,n,5.0,D
25.05926,83.89935,310.49,288.72,0.45,0.55,2025-12-23,776,n,3.61,D
26.15594,84.41599,313.91,289.2,0.45,0.55,2025-12-23,790,n,5.12,D
26.06865,81.76589,317.27,290.53,0.45,0.55,2025-12-23,763,n,10.41,D
26.84906,81.83133,314.11,288.47,0.45,0.55,2025-12-23,778,n,7.25,D
26.8417,83.02964,316.12,289.28,0.45,0.55,2025-12-23,775,n,7.93,D
26.50012,80.13074,314.15,289.78,0.45,0.55,2025-12-23,810,n,5.69,D
26.21623,82.91859,312.0,284.9,0.45,0.55,2025-12-23,736,n,10.69,D
25.45028,82.34605,313.35,290.93,0.45,0.55,2025-12-23,730,n,3.22,D
26.06075,84.12836,314.84,291.95,0.45,0.55,2025-12-23,822,n,7.41,D
26.44192,84.12108,316.86,287.91,0.45,0.55,2025-12-23,748,n,7.34,D
26.61439,82.86578,318.2,289.13,0.45,0.55,2025-12-23,761,n,10.32,D
26.64905,84.48918,314.37,287.72,0.45,0.55,2025-12-23,758,n,4.65,D
25.06899,83.43024,316.68,288.57,0.45,0.55,2025-12-23,826,n,9.72,D
25.08277,81.44403,306.84,290.3,0.45,0.55,2025-12-24,774,n,5.65,D
26.73515,83.92334,313.47,290.71,0.45,0.55,2025-12-24,817,n,3.19,D
27.25188,82.65817,318.88,287.62,0.45,0.55,2025-12-24,772,n,6.45,D
25.05749,82.98418,316.31,292.33,0.45,0.55,2025-12-24,730,n,6.86,D
26.842,83.02893,317.74,287.41,0.45,0.55,2025-12-24,759,n,6.95,D
25.71933,81.09781,316.29,284.62,0.45,0.55,2025-12-24,818,n,7.61,D
26.23955,81.22812,316.88,290.23,0.45,0.55,2025-12-24,757,n,10.52,D
26.21464,82.92075,313.77,286.1,0.45,0.55,2025-12-24,773,n,3.76,D
26.16597,84.40222,315.78,285.77,0.45,0.55,2025-12-24,789,n,7.01,D
25.38764,82.03701,314.27,285.63,0.45,0.55,2025-12-24,811,n,7.07,D
25.45045,82.34692,313.96,288.41,0.45,0.55,2025-12-24,807,n,8.79,D
26.39243,82.09427,312.16,285.09,0.45,0.55,2025-12-24,755,n,8.27,D
26.46663,83.20145,313.7,287.51,0.45,0.55,2025-12-24,752,n,5.83,D
25.59012,81.86948,314.87,287.39,0.45,0.55,2025-12-24,800,n,10.49,D
26.41351,80.81479,313.12,288.25,0.45,0.55,2025-12-24,730,n,9.87,D
26.31543,81.92818,318.01,289.95,0.45,0.55,2025-12-24,748,n,3.49,D
27.41775,82.81862,314.75,289.55,0.45,0.55,2025-12-25,774,n,10.88,D
27.33326,83.00107,314.11,290.05,0.45,0.55,2025-12-25,785,n,5.55,D
26.64204,83.95124,315.24,290.53,0.45,0.55,2025-12-25,788,n,9.93,D
25.5519,84.15539,315.24,287.14,0.45,0.55,2025-12-25,751,n,10.23,D
25.45038,81.60832,309.92,286.19,0.45,0.55,2025-12-25,795,n,6.6,D
26.73507,83.92249,313.99,287.88,0.45,0.55,2025-12-25,737,n,5.71,D
26.15382,84.4182,312.55,288.93,0.45,0.55,2025-12-25,758,n,7.27,D
25.51467,80.2616,312.74,290.21,0.45,0.55,2025-12-25,732,n,4.87,D
26.84806,81.8305,313.04,287.71,0.45,0.55,2025-12-25,739,n,9.03,D
25.06509,82.16479,316.31,288.25,0.45,0.55,2025-12-25,784,n,8.97,D
26.5016,80.13106,316.59,289.56,0.45,0.55,2025-12-25,732,n,10.38,D
26.46545,83.20095,315.73,287.29,0.45,0.55,2025-12-25,780,n,6.03,D
25.58765,81.8693,318.94,291.77,0.45,0.55,2025-12-25,795,n,10.54,D
27.33476,83.00385,312.05,288.18,0.45,0.55,2025-12-26,732,n,5.77,D
26.73373,83.92119,318.7,287.73,0.45,0.55,2025-12-26,753,n,11.02,D
26.15554,84.41664,309.95,286.77,0.45,0.55,2025-12-26,824,n,5.66,D
26.87093,83.41578,317.33,285.84,0.45,0.55,2025-12-26,743,n,10.93,D
26.06656,81.76633,315.86,288.1,0.45,0.55,2025-12-26,826,n,7.94,D
25.05822,82.98446,310.49,286.8,0.45,0.55,2025-12-26,819,n,5.4,D
25.56377,82.10357,315.85,290.7,0.45,0.55,2025-12-26,759,n,4.72,D
26.16532,84.40136,314.28,289.38,0.45,0.55,2025-12-26,792,n,3.53,D
25.38738,82.03879,316.73,285.38,0.45,0.55,2025-12-26,731,n,5.98,D
25.07926,81.10944,316.75,286.47,0.45,0.55,2025-12-26,789,n,7.1,D
26.65123,84.48968,309.2,286.65,0.45,0.55,2025-12-26,809,n,3.49,D
26.45114,84.46037,313.69,291.17,0.45,0.55,2025-12-27,829,n,10.65,D
27.41882,82.81763,320.42,288.68,0.45,0.55,2025-12-27,815,n,11.07,D
26.73488,83.92366,316.04,289.82,0.45,0.55,2025-12-27,786,n,8.51,D
26.15529,84.41594,317.63,287.96,0.45,0.55,2025-12-27,738,n,10.25,D
27.25259,82.65695,315.73,288.04,0.45,0.55,2025-12-27,765,n,11.76,D
26.84135,83.02979,312.95,284.11,0.45,0.55,2025-12-27,809,n,9.5,D
25.06549,82.16422,312.84,291.74,0.45,0.55,2025-12-27,744,n,3.91,D
25.56357,82.10349,316.81,289.68,0.45,0.55,2025-12-27,821,n,11.9,D
25.80377,82.01048,312.32,290.86,0.45,0.55,2025-12-27,775,n,6.26,D
26.21502,82.92038,317.25,286.12,0.45,0.55,2025-12-27,745,n,7.66,D
26.06042,84.12793,311.18,288.56,0.45,0.55,2025-12-27,733,n,3.29,D
26.41359,80.81875,315.23,286.69,0.45,0.55,2025-12-27,731,n,9.55,D
26.64211,83.95094,314.99,286.16,0.45,0.55,2025-12-28,816,n,11.78,D
26.06702,81.76608,316.43,289.9,0.45,0.55,2025-12-28,800,n,7.78,D
26.9901,84.29219,312.4,285.65,0.45,0.55,2025-12-28,808,n,5.5,D
26.84158,83.02832,312.66,284.59,0.45,0.55,2025-12-28,771,n,5.55,D
27.03108,81.65263,316.01,290.69,0.45,0.55,2025-12-28,794,n,7.96,D
26.23781,81.22763,312.6,284.86,0.45,0.55,2025-12-28,779,n,6.05,D
26.50133,80.12951,312.3,290.19,0.45,0.55,2025-12-28,746,n,3.23,D
26.21716,82.91986,310.81,288.99,0.45,0.55,2025-12-28,760,n,5.43,D
26.06098,84.12747,314.83,292.47,0.45,0.55,2025-12-28,760,n,7.05,D
26.41259,80.8168,314.6,288.58,0.45,0.55,2025-12-28,771,n,10.13,D
26.65085,84.48949,314.32,288.81,0.45,0.55,2025-12-28,822,n,4.06,D
25.069,83.42973,312.62,289.65,0.45,0.55,2025-12-28,734,n,6.24,D
25.08188,81.44613,317.6,289.9,0.45,0.55,2025-12-29,813,n,11.48,D
27.33618,83.00164,316.22,289.57,0.45,0.55,2025-12-29,826,n,8.83,D
26.64066,83.95105,315.5,287.84,0.45,0.55,2025-12-29,740,n,11.27,D
25.45011,81.60678,315.21,287.88,0.45,0.55,2025-12-29,767,n,8.64,D
26.73272,83.92404,311.41,288.64,0.45,0.55,2025-12-29,810,n,9.1,D
25.51206,80.26209,315.81,288.77,0.45,0.55,2025-12-29,824,n,11.4,D
26.8492,81.82939,315.5,287.47,0.45,0.55,2025-12-29,789,n,7.05,D
25.61828,81.27474,315.14,287.9,0.45,0.55,2025-12-29,766,n,6.27,D
26.75386,81.86059,311.92,286.95,0.45,0.55,2025-12-29,822,n,6.13,D
26.98724,84.29312,313.96,287.73,0.45,0.55,2025-12-29,740,n,4.24,D
26.12516,82.49093,313.69,289.54,0.45,0.55,2025-12-29,747,n,7.17,D
25.72858,84.06521,317.48,291.37,0.45,0.55,2025-12-29,764,n,5.4,D
25.08038,81.11164,314.32,286.11,0.45,0.55,2025-12-29,764,n,9.5,D
25.5911,81.86993,313.96,287.8,0.45,0.55,2025-12-29,798,n,8.51,D
25.85036,82.47428,313.04,289.22,0.45,0.55,2025-12-30,822,n,7.24,D
26.16484,84.40117,309.78,287.46,0.45,0.55,2025-12-30,816,n,5.21,D
25.45007,82.34633,312.29,285.87,0.45,0.55,2025-12-30,746,n,5.67,D
26.4683,83.20034,313.42,286.32,0.45,0.55,2025-12-30,816,n,10.93,D
25.07934,81.11013,313.26,286.4,0.45,0.55,2025-12-30,792,n,4.46,D
25.58922,81.87063,312.71,286.86,0.45,0.55,2025-12-30,781,n,4.12,D
26.61484,82.86445,312.63,286.6,0.45,0.55,2025-12-30,770,n,6.64,D
27.3326,83.00257,313.96,285.14,0.45,0.55,2025-12-31,800,n,6.89,D
25.37419,84.37201,315.21,290.97,0.45,0.55,2025-12-31,768,n,6.97,D
25.4497,81.60714,312.12,291.1,0.45,0.55,2025-12-31,766,n,9.06,D
27.35783,84.25915,314.6,287.35,0.45,0.55,2025-12-31,782,n,8.53,D
26.84889,81.83167,308.96,291.47,0.45,0.55,2025-12-31,777,n,3.39,D
25.05891,82.98488,314.12,286.69,0.45,0.55,2025-12-31,806,n,3.97,D
25.72102,81.09857,312.54,288.65,0.45,0.55,2025-12-31,786,n,8.0,D
25.5624,82.10195,315.53,284.16,0.45,0.55,2025-12-31,826,n,10.49,D
26.16585,84.40239,314.09,286.51,0.45,0.55,2025-12-31,746,n,10.58,D
25.58914,81.87079,312.88,282.47,0.45,0.55,2025-12-31,827,n,4.44,D
25.55155,84.15652,313.7,288.92,0.45,0.55,2026-01-01,781,n,9.03,D
27.35763,84.25973,312.2,286.86,0.45,0.55,2026-01-01,740,n,3.65,D
27.25434,82.65878,314.05,287.7,0.45,0.55,2026-01-01,779,n,6.84,D
25.61826,81.27484,317.76,289.9,0.45,0.55,2026-01-01,745,n,11.41,D
26.49853,80.13067,311.63,287.4,0.45,0.55,2026-01-01,814,n,6.25,D
26.2157,82.91973,314.86,289.91,0.45,0.55,2026-01-01,732,n,10.27,D
26.16535,84.4017,314.98,285.43,0.45,0.55,2026-01-01,758,n,8.71,D
25.59089,81.86918,314.06,288.51,0.45,0.55,2026-01-01,747,n,4.36,D
26.31509,81.92688,314.95,287.01,0.45,0.55,2026-01-01,791,n,7.0,D
27.42012,82.81727,309.23,282.79,0.45,0.55,2026-01-02,808,n,3.85,D
27.2543,80.97315,312.51,289.86,0.45,0.55,2026-01-02,785,n,5.57,D
25.05774,83.89894,313.96,288.4,0.45,0.55,2026-01-02,820,n,5.75,D
26.15628,84.41416,314.56,291.7,0.45,0.55,2026-01-02,816,n,4.98,D
26.8483,81.83261,314.67,290.47,0.45,0.55,2026-01-02,814,n,4.65,D
27.02265,80.35947,320.74,288.74,0.45,0.55,2026-01-02,823,n,9.46,D
25.61769,81.27451,314.68,286.69,0.45,0.55,2026-01-02,752,n,10.68,D
26.98812,84.29157,314.62,286.74,0.45,0.55,2026-01-02,793,n,11.77,D
26.84313,83.03094,313.26,289.38,0.45,0.55,2026-01-02,806,n,8.13,D
25.72142,81.09824,314.91,285.01,0.45,0.55,2026-01-02,773,n,9.56,D
25.80462,82.01153,310.25,290.64,0.45,0.55,2026-01-02,793,n,6.26,D
25.45012,82.34665,317.18,290.62,0.45,0.55,2026-01-02,817,n,11.87,D
25.58871,81.86946,319.88,286.32,0.45,0.55,2026-01-02,746,n,9.53,D
26.61447,82.86502,312.72,289.5,0.45,0.55,2026-01-02,742,n,9.58,D
26.64906,84.48706,315.86,290.42,0.45,0.55,2026-01-02,732,n,5.18,D
25.0815,81.44482,317.81,288.75,0.45,0.55,2026-01-03,808,n,11.57,D
27.42035,82.81712,313.96,286.07,0.45,0.55,2026-01-03,748,n,3.3,D
27.33509,83.00326,313.43,285.35,0.45,0.55,2026-01-03,732,n,5.39,D
26.64203,83.95175,315.23,291.25,0.45,0.55,2026-01-03,805,n,10.54,D
25.5515,84.1573,313.42,291.74,0.45,0.55,2026-01-03,730,n,10.59,D
27.35784,84.2606,316.82,285.17,0.45,0.55,2026-01-03,788,n,7.46,D
25.05745,83.89736,312.62,284.99,0.45,0.55,2026-01-03,770,n,10.3,D
25.51369,80.26274,316.81,287.85,0.45,0.55,2026-01-03,805,n,11.27,D
26.39533,81.52157,312.22,286.38,0.45,0.55,2026-01-03,803,n,4.36,D
27.02357,80.35851,319.15,288.95,0.45,0.55,2026-01-03,767,n,10.9,D
26.84242,83.02951,314.8,285.35,0.45,0.55,2026-01-03,742,n,6.69,D
26.16632,84.40401,316.64,288.79,0.45,0.55,2026-01-03,821,n,9.6,D
25.38763,82.03844,311.53,287.92,0.45,0.55,2026-01-03,745,n,4.23,D
25.44911,82.34839,317.37,285.93,0.45,0.55,2026-01-03,814,n,8.19,D
26.06183,84.12756,316.5,287.95,0.45,0.55,2026-01-03,767,n,11.95,D
25.58925,81.87105,314.49,284.91,0.45,0.55,2026-01-03,770,n,11.74,D
26.61391,82.86785,313.63,286.25,0.45,0.55,2026-01-03,824,n,11.24,D
25.55178,84.15692,314.72,284.15,0.45,0.55,2026-01-04,782,n,9.16,D
27.25742,82.65832,313.35,287.55,0.45,0.55,2026-01-04,744,n,7.91,D
25.05864,82.98458,312.43,285.77,0.45,0.55,2026-01-04,768,n,4.04,D
26.1247,82.49081,314.16,287.29,0.45,0.55,2026-01-04,736,n,10.38,D
25.72116,81.09717,313.01,284.56,0.45,0.55,2026-01-04,743,n,8.64,D
27.03016,81.65227,311.11,286.93,0.45,0.55,2026-01-04,769,n,3.86,D
26.23821,81.22734,310.55,291.45,0.45,0.55,2026-01-04,745,n,3.08,D
26.50036,80.13103,313.79,289.16,0.45,0.55,2026-01-04,764,n,3.32,D
26.39289,82.09575,313.85,288.45,0.45,0.55,2026-01-04,801,n,9.79,D
25.58974,81.87015,316.98,288.35,0.45,0.55,2026-01-04,807,n,9.7,D
26.41392,80.81679,317.52,292.43,0.45,0.55,2026-01-04,773,n,3.11,D
26.31288,81.92797,312.52,290.41,0.45,0.55,2026-01-04,770,n,3.76,D
26.65112,84.48904,314.73,286.65,0.45,0.55,2026-01-04,731,n,11.57,D
27.25572,80.97447,315.55,288.33,0.45,0.55,2026-01-05,793,n,6.63,D
26.98949,84.29077,316.13,290.3,0.45,0.55,2026-01-05,752,n,11.1,D
26.84238,83.02901,316.28,290.29,0.45,0.55,2026-01-05,769,n,11.54,D
26.12583,82.49094,317.25,293.09,0.45,0.55,2026-01-05,757,n,6.95,D
25.7221,81.09731,313.26,285.15,0.45,0.55,2026-01-05,779,n,5.09,D
26.23861,81.22532,314.11,284.34,0.45,0.55,2026-01-05,763,n,10.11,D
26.39541,82.09816,311.18,289.1,0.45,0.55,2026-01-05,787,n,4.14,D
26.41574,80.81726,314.09,286.14,0.45,0.55,2026-01-05,774,n,8.19,D
25.37307,84.37112,308.87,289.36,0.45,0.55,2026-01-06,776,n,5.61,D
27.35781,84.25874,310.21,289.43,0.45,0.55,2026-01-06,732,n,4.11,D
25.05883,83.89949,311.95,290.64,0.45,0.55,2026-01-06,744,n,5.38,D
27.25343,82.65964,317.67,286.63,0.45,0.55,2026-01-06,731,n,10.88,D
26.85093,81.83119,311.51,288.88,0.45,0.55,2026-01-06,806,n,4.75,D
25.61962,81.27534,317.55,286.46,0.45,0.55,2026-01-06,735,n,8.1,D
26.9894,84.29087,317.86,286.1,0.45,0.55,2026-01-06,780,n,10.95,D
25.06484,82.16423,313.42,287.65,0.45,0.55,2026-01-06,779,n,8.31,D
26.21417,82.92194,311.04,287.64,0.45,0.55,2026-01-06,821,n,5.74,D
26.16503,84.40296,311.02,286.31,0.45,0.55,2026-01-06,796,n,5.91,D
25.73088,84.06603,310.53,286.25,0.45,0.55,2026-01-06,739,n,5.02,D
25.58749,81.87056,312.85,289.76,0.45,0.55,2026-01-06,785,n,9.09,D
25.08312,81.44434,314.21,290.3,0.45,0.55,2026-01-07,770,n,6.77,D
26.45098,84.46095,313.78,286.67,0.45,0.55,2026-01-07,801,n,9.39,D
25.85039,82.4748,315.11,290.3,0.45,0.55,2026-01-07,742,n,8.66,D
27.33496,83.00129,314.51,288.12,0.45,0.55,2026-01-07,745,n,8.3,D
26.6418,83.95131,315.94,290.73,0.45,0.55,2026-01-07,763,n,6.89,D
25.55375,84.1551,313.34,286.92,0.45,0.55,2026-01-07,768,n,6.89,D
26.06817,81.76616,315.99,291.47,0.45,0.55,2026-01-07,767,n,9.86,D
25.51402,80.26214,312.39,289.53,0.45,0.55,2026-01-07,736,n,3.96,D
26.7541,81.86028,319.25,287.85,0.45,0.55,2026-01-07,786,n,8.98,D
26.84087,83.03133,309.16,290.35,0.45,0.55,2026-01-07,757,n,3.58,D
26.12179,82.48922,316.04,285.04,0.45,0.55,2026-01-07,808,n,3.61,D
25.56312,82.10187,310.63,290.17,0.45,0.55,2026-01-07,753,n,7.82,D
27.03066,81.6516,318.1,290.15,0.45,0.55,2026-01-07,812,n,11.33,D
25.80552,82.01224,312.74,287.25,0.45,0.55,2026-01-07,775,n,5.04,D
26.41398,80.81601,314.2,288.84,0.45,0.55,2026-01-07,755,n,7.52,D
26.31541,81.92811,315.75,283.69,0.45,0.55,2026-01-07,820,n,5.3,D
25.08399,81.44479,313.03,289.27,0.45,0.55,2026-01-08,810,n,3.1,D
25.45016,81.60733,317.9,288.43,0.45,0.55,2026-01-08,796,n,7.89,D
26.15476,84.41818,318.99,286.82,0.45,0.55,2026-01-08,750,n,11.88,D
26.87008,83.41708,319.19,289.54,0.45,0.55,2026-01-08,790,n,7.17,D
26.39367,81.52269,313.82,287.5,0.45,0.55,2026-01-08,781,n,9.79,D
26.9875,84.29167,314.49,296.37,0.45,0.55,2026-01-08,780,n,4.14,D
26.8415,83.03068,314.53,291.89,0.45,0.55,2026-01-08,820,n,6.8,D
25.72082,81.09814,319.2,286.8,0.45,0.55,2026-01-08,738,n,11.49,D
26.49981,80.13039,311.99,289.87,0.45,0.55,2026-01-08,820,n,9.24,D
26.39409,82.09642,314.98,290.02,0.45,0.55,2026-01-08,793,n,7.42,D
25.08311,81.44516,315.35,288.45,0.45,0.55,2026-01-09,825,n,7.69,D
27.33552,83.00262,314.19,289.52,0.45,0.55,2026-01-09,744,n,8.61,D
25.37301,84.37108,316.62,289.19,0.45,0.55,2026-01-09,804,n,4.86,D
26.6422,83.95201,316.06,287.31,0.45,0.55,2026-01-09,742,n,7.15,D
25.51325,80.26162,315.42,286.95,0.45,0.55,2026-01-09,809,n,4.52,D
26.39567,81.52098,314.93,288.53,0.45,0.55,2026-01-09,800,n,9.55,D
26.98894,84.2918,311.2,285.96,0.45,0.55,2026-01-09,819,n,3.18,D
25.80396,82.01047,313.5,289.39,0.45,0.55,2026-01-09,790,n,4.66,D
26.21702,82.92076,313.99,292.58,0.45,0.55,2026-01-09,791,n,3.03,D
26.16617,84.40201,316.19,289.77,0.45,0.55,2026-01-09,797,n,7.52,D
25.38842,82.03728,316.03,288.47,0.45,0.55,2026-01-09,808,n,9.51,D
25.73051,84.0646,316.35,290.56,0.45,0.55,2026-01-09,743,n,6.44,D
25.07956,81.11024,317.93,289.51,0.45,0.55,2026-01-09,783,n,10.91,D
26.31514,81.93042,310.3,289.23,0.45,0.55,2026-01-09,766,n,3.56,D
25.85065,82.47545,311.27,288.66,0.45,0.55,2026-01-10,772,n,4.03,D
25.37182,84.37194,315.42,289.63,0.45,0.55,2026-01-10,738,n,6.2,D
25.55021,84.15613,317.02,287.73,0.45,0.55,2026-01-10,771,n,9.31,D
25.057,83.89871,314.04,289.27,0.45,0.55,2026-01-10,811,n,6.32,D
26.15576,84.41848,316.72,290.86,0.45,0.55,2026-01-10,752,n,9.84,D
26.87013,83.41657,314.41,291.36,0.45,0.55,2026-01-10,748,n,10.63,D
25.51169,80.26345,310.46,290.19,0.45,0.55,2026-01-10,768,n,3.49,D
26.9869,84.29161,312.87,288.87,0.45,0.55,2026-01-10,784,n,11.66,D
26.84174,83.02951,315.28,286.94,0.45,0.55,2026-01-10,801,n,7.71,D
26.12501,82.49033,314.04,287.85,0.45,0.55,2026-01-10,769,n,9.37,D
26.21478,82.92049,312.08,286.99,0.45,0.55,2026-01-10,791,n,6.79,D
25.73093,84.06654,311.7,286.21,0.45,0.55,2026-01-10,784,n,3.0,D
25.07914,81.10804,311.42,287.28,0.45,0.55,2026-01-10,732,n,6.93,D
26.44166,84.12073,315.06,290.32,0.45,0.55,2026-01-10,801,n,8.01,D
26.61355,82.8659,319.64,289.91,0.45,0.55,2026-01-10,791,n,9.14,D
27.35751,84.25884,318.71,286.85,0.45,0.55,2026-01-11,804,n,8.63,D
26.73478,83.92336,310.73,288.72,0.45,0.55,2026-01-11,793,n,4.99,D
26.06651,81.76589,319.58,287.37,0.45,0.55,2026-01-11,784,n,11.51,D
26.39435,81.52225,315.77,286.16,0.45,0.55,2026-01-11,734,n,10.16,D
26.85017,81.83149,314.69,289.76,0.45,0.55,2026-01-11,771,n,10.53,D
26.98806,84.29126,315.36,286.73,0.45,0.55,2026-01-11,777,n,8.76,D
26.84211,83.02879,315.91,289.04,0.45,0.55,2026-01-11,744,n,7.19,D
25.06254,82.16399,318.99,286.31,0.45,0.55,2026-01-11,734,n,10.65,D
25.80412,82.01176,313.57,287.96,0.45,0.55,2026-01-11,743,n,10.5,D
26.50017,80.13051,314.26,286.54,0.45,0.55,2026-01-11,795,n,6.45,D
26.16632,84.402,318.18,289.96,0.45,0.55,2026-01-11,807,n,7.1,D
25.38741,82.03961,318.89,289.79,0.45,0.55,2026-01-11,738,n,9.66,D
25.72927,84.06541,313.95,287.73,0.45,0.55,2026-01-11,799,n,5.34,D
26.06148,84.1264,312.89,286.16,0.45,0.55,2026-01-11,760,n,3.45,D
26.44318,84.12093,314.62,284.78,0.45,0.55,2026-01-11,757,n,10.92,D
26.41578,80.81549,310.74,289.0,0.45,0.55,2026-01-11,829,n,4.62,D
25.07149,83.43087,314.73,287.43,0.45,0.55,2026-01-11,758,n,10.72,D
26.73506,83.9236,313.3,290.28,0.45,0.55,2026-01-12,733,n,3.71,D
26.84984,81.8327,311.69,287.66,0.45,0.55,2026-01-12,733,n,7.47,D
25.61757,81.27716,315.16,284.94,0.45,0.55,2026-01-12,754,n,8.63,D
25.05792,82.98487,313.69,287.1,0.45,0.55,2026-01-12,814,n,3.66,D
26.84138,83.03028,312.67,284.5,0.45,0.55,2026-01-12,778,n,5.63,D
26.1251,82.49054,314.98,288.68,0.45,0.55,2026-01-12,768,n,9.12,D
25.72157,81.0978,308.45,287.33,0.45,0.55,2026-01-12,823,n,4.78,D
25.07836,81.11058,313.65,284.9,0.45,0.55,2026-01-12,797,n,10.4,D
25.58982,81.8699,305.08,288.88,0.45,0.55,2026-01-12,815,n,3.23,D
26.31288,81.92951,318.48,287.46,0.45,0.55,2026-01-12,815,n,11.84,D
26.45105,84.45916,312.33,288.22,0.45,0.55,2026-01-13,766,n,6.66,D
25.44958,81.60751,312.97,289.83,0.45,0.55,2026-01-13,822,n,6.97,D
27.35847,84.2583,316.17,288.04,0.45,0.55,2026-01-13,780,n,7.84,D
26.85115,81.83087,310.76,288.25,0.45,0.55,2026-01-13,786,n,8.3,D
25.05815,82.98747,312.92,287.78,0.45,0.55,2026-01-13,735,n,4.02,D
26.75254,81.85945,318.98,286.35,0.45,0.55,2026-01-13,793,n,8.9,D
26.98825,84.29236,312.09,288.68,0.45,0.55,2026-01-13,732,n,8.23,D
26.12127,82.4914,311.16,288.92,0.45,0.55,2026-01-13,737,n,4.72,D
25.06589,82.16551,311.37,288.13,0.45,0.55,2026-01-13,826,n,4.7,D
26.50048,80.12843,315.91,292.23,0.45,0.55,2026-01-13,814,n,9.85,D
25.73016,84.06315,310.06,286.58,0.45,0.55,2026-01-13,743,n,3.38,D
26.46552,83.201,314.76,287.53,0.45,0.55,2026-01-13,733,n,9.67,D
25.08402,81.44551,313.73,291.81,0.45,0.55,2026-01-14,795,n,3.28,D
26.45047,84.46038,314.24,288.5,0.45,0.55,2026-01-14,821,n,10.26,D
25.84897,82.47519,316.17,286.03,0.45,0.55,2026-01-14,780,n,8.36,D
25.37395,84.3715,315.46,289.2,0.45,0.55,2026-01-14,748,n,8.24,D
27.35865,84.25872,314.7,287.63,0.45,0.55,2026-01-14,761,n,7.14,D
25.05779,83.89812,312.0,289.19,0.45,0.55,2026-01-14,780,n,9.03,D
26.7553,81.85948,310.84,289.26,0.45,0.55,2026-01-14,758,n,7.2,D
25.06486,82.16448,321.62,287.21,0.45,0.55,2026-01-14,748,n,11.46,D
25.8051,82.01022,309.9,285.54,0.45,0.55,2026-01-14,815,n,5.58,D
25.44845,82.34626,313.63,290.17,0.45,0.55,2026-01-14,756,n,8.67,D
26.06245,84.12759,317.37,287.73,0.45,0.55,2026-01-14,794,n,11.38,D
26.41382,80.81818,317.34,288.57,0.45,0.55,2026-01-14,807,n,10.72,D
26.61463,82.86652,317.47,287.03,0.45,0.55,2026-01-14,754,n,9.26,D
26.65127,84.48956,315.1,289.51,0.45,0.55,2026-01-14,782,n,6.71,D
25.37365,84.37263,314.6,288.55,0.45,0.55,2026-01-15,791,n,7.72,D
25.45185,81.60655,316.72,289.27,0.45,0.55,2026-01-15,785,n,9.98,D
26.39254,81.52014,316.32,289.53,0.45,0.55,2026-01-15,765,n,11.04,D
27.03094,81.65111,317.86,291.42,0.45,0.55,2026-01-15,754,n,11.87,D
26.50205,80.13075,317.88,287.11,0.45,0.55,2026-01-15,766,n,11.61,D
25.72878,84.06369,315.58,290.08,0.45,0.55,2026-01-15,789,n,11.05,D
26.39484,82.0962,316.93,290.21,0.45,0.55,2026-01-15,808,n,7.82,D
26.46774,83.20169,319.69,287.59,0.45,0.55,2026-01-15,829,n,11.68,D
26.41375,80.81698,312.71,286.96,0.45,0.55,2026-01-15,761,n,3.53,D
26.4504,84.45947,315.19,286.35,0.45,0.55,2026-01-16,806,n,10.23,D
27.33382,83.00304,315.42,290.17,0.45,0.55,2026-01-16,822,n,11.92,D
25.4489,81.60681,316.55,287.11,0.45,0.55,2026-01-16,770,n,4.69,D
26.73439,83.92202,315.0,288.43,0.45,0.55,2026-01-16,770,n,3.59,D
27.2528,82.65723,311.71,292.48,0.45,0.55,2026-01-16,819,n,11.46,D
25.61794,81.2737,312.59,287.17,0.45,0.55,2026-01-16,793,n,10.31,D
25.05826,82.98713,316.49,289.37,0.45,0.55,2026-01-16,785,n,8.37,D
26.75473,81.85992,315.65,289.08,0.45,0.55,2026-01-16,743,n,10.2,D
26.84213,83.03026,316.58,287.59,0.45,0.55,2026-01-16,733,n,11.97,D
25.56068,82.10245,313.21,287.65,0.45,0.55,2026-01-16,827,n,4.89,D
26.16559,84.401,312.54,284.59,0.45,0.55,2026-01-16,817,n,5.43,D
25.4501,82.34623,316.2,288.58,0.45,0.55,2026-01-16,822,n,10.27,D
26.39442,82.0961,314.94,285.92,0.45,0.55,2026-01-16,794,n,8.09,D
25.06658,83.43041,315.38,288.05,0.45,0.55,2026-01-16,744,n,5.0,D
25.08109,81.44579,311.89,287.96,0.45,0.55,2026-01-17,818,n,3.22,D
26.45244,84.46028,317.37,289.95,0.45,0.55,2026-01-17,778,n,9.42,D
25.85034,82.47468,314.21,286.98,0.45,0.55,2026-01-17,793,n,4.04,D
25.55272,84.15588,311.49,285.69,0.45,0.55,2026-01-17,805,n,3.87,D
25.45037,81.60927,315.32,287.38,0.45,0.55,2026-01-17,807,n,9.7,D
27.35738,84.26112,318.04,286.76,0.45,0.55,2026-01-17,764,n,11.74,D
26.73352,83.92155,312.49,289.77,0.45,0.55,2026-01-17,768,n,8.21,D
26.39427,81.52097,314.8,288.06,0.45,0.55,2026-01-17,748,n,5.64,D
26.84876,81.83019,314.72,284.1,0.45,0.55,2026-01-17,742,n,11.92,D
25.61825,81.27274,317.53,289.89,0.45,0.55,2026-01-17,792,n,11.1,D
25.05854,82.98539,316.64,293.68,0.45,0.55,2026-01-17,792,n,8.76,D
26.75573,81.85866,317.23,287.66,0.45,0.55,2026-01-17,746,n,9.53,D
26.98996,84.29126,316.8,287.36,0.45,0.55,2026-01-17,767,n,9.26,D
25.80455,82.01035,316.94,286.25,0.45,0.55,2026-01-17,815,n,11.08,D
26.16584,84.40107,314.86,285.45,0.45,0.55,2026-01-17,817,n,7.84,D
25.07966,81.11134,311.92,288.07,0.45,0.55,2026-01-17,787,n,9.19,D
26.64913,84.48697,313.18,289.21,0.45,0.55,2026-01-17,794,n,5.09,D
25.06769,83.4324,314.12,287.58,0.45,0.55,2026-01-17,744,n,5.77,D
25.08363,81.44594,317.47,289.1,0.45,0.55,2026-01-18,782,n,9.57,D
27.33388,83.00252,307.69,289.7,0.45,0.55,2026-01-18,755,n,3.82,D
25.55193,84.15654,312.82,287.24,0.45,0.55,2026-01-18,753,n,6.33,D
26.98974,84.29075,309.2,286.26,0.45,0.55,2026-01-18,738,n,4.87,D
26.84344,83.02934,311.44,288.6,0.45,0.55,2026-01-18,821,n,4.32,D
26.16656,84.40141,314.01,289.91,0.45,0.55,2026-01-18,797,n,9.75,D
25.44979,82.34444,312.32,286.12,0.45,0.55,2026-01-18,797,n,4.07,D
26.39343,82.09719,315.93,288.85,0.45,0.55,2026-01-18,763,n,4.06,D
26.46786,83.2008,316.72,284.57,0.45,0.55,2026-01-18,801,n,10.86,D
26.44249,84.1187,312.25,284.18,0.45,0.55,2026-01-18,800,n,9.41,D
26.31536,81.92886,310.94,290.58,0.45,0.55,2026-01-18,751,n,5.4,D
26.61625,82.86604,315.3,285.54,0.45,0.55,2026-01-18,814,n,9.29,D
26.6508,84.48654,318.7,290.74,0.45,0.55,2026-01-18,813,n,9.83,D
25.0821,81.44445,311.55,287.49,0.45,0.55,2026-01-19,775,n,4.42,D
26.45074,84.45951,316.32,287.5,0.45,0.55,2026-01-19,785,n,9.51,D
27.41934,82.81735,316.64,286.09,0.45,0.55,2026-01-19,794,n,7.25,D
25.37392,84.37319,309.22,293.35,0.45,0.55,2026-01-19,814,n,4.89,D
25.4513,81.60674,313.95,286.92,0.45,0.55,2026-01-19,756,n,7.58,D
27.35804,84.26215,313.85,288.92,0.45,0.55,2026-01-19,763,n,4.58,D
25.0574,83.89878,316.07,290.97,0.45,0.55,2026-01-19,789,n,10.8,D
26.73465,83.92326,313.83,289.01,0.45,0.55,2026-01-19,805,n,9.4,D
26.15454,84.41672,312.98,288.41,0.45,0.55,2026-01-19,821,n,3.09,D
25.51372,80.2626,312.8,287.79,0.45,0.55,2026-01-19,814,n,5.55,D
27.02369,80.35766,310.19,289.22,0.45,0.55,2026-01-19,802,n,7.06,D
25.61843,81.27421,318.62,291.34,0.45,0.55,2026-01-19,738,n,11.17,D
25.71912,81.09623,312.43,291.2,0.45,0.55,2026-01-19,799,n,4.96,D
25.56305,82.103,316.39,289.29,0.45,0.55,2026-01-19,749,n,10.23,D
25.80432,82.01115,312.81,289.31,0.45,0.55,2026-01-19,815,n,6.51,D
25.73065,84.06379,316.76,286.13,0.45,0.55,2026-01-19,759,n,8.59,D
26.39448,82.09478,313.2,290.46,0.45,0.55,2026-01-19,740,n,4.63,D
26.41688,80.818,317.54,287.55,0.45,0.55,2026-01-19,829,n,7.93,D
26.31384,81.9273,318.73,286.07,0.45,0.55,2026-01-19,786,n,9.92,D
25.06855,83.43156,317.88,290.38,0.45,0.55,2026-01-19,793,n,8.59,D
25.0832,81.44522,311.64,287.33,0.45,0.55,2026-01-20,779,n,7.26,D
26.44959,84.45964,315.58,291.12,0.45,0.55,2026-01-20,769,n,8.94,D
26.84889,81.83164,310.78,290.08,0.45,0.55,2026-01-20,751,n,4.87,D
27.03071,81.6507,313.23,286.91,0.45,0.55,2026-01-20,798,n,5.29,D
26.21489,82.92287,317.6,288.14,0.45,0.55,2026-01-20,771,n,6.23,D
25.38809,82.03843,311.94,290.98,0.45,0.55,2026-01-20,732,n,6.57,D
25.07817,81.10933,314.38,286.89,0.45,0.55,2026-01-20,802,n,3.68,D
27.41823,82.81678,311.98,289.02,0.45,0.55,2026-01-21,742,n,10.19,D
27.25785,80.97408,316.2,292.12,0.45,0.55,2026-01-21,800,n,7.34,D
26.64259,83.95065,311.4,286.43,0.45,0.55,2026-01-21,827,n,5.19,D
27.35849,84.25976,315.58,285.93,0.45,0.55,2026-01-21,765,n,7.98,D
26.87031,83.41557,317.96,286.37,0.45,0.55,2026-01-21,731,n,9.54,D
25.51518,80.2641,312.85,286.06,0.45,0.55,2026-01-21,786,n,5.68,D
27.2556,82.65937,318.8,288.19,0.45,0.55,2026-01-21,740,n,11.11,D
26.84942,81.83275,315.94,287.24,0.45,0.55,2026-01-21,732,n,9.66,D
27.02356,80.36105,321.33,287.08,0.45,0.55,2026-01-21,772,n,11.71,D
25.06692,82.16333,312.41,284.38,0.45,0.55,2026-01-21,748,n,6.38,D
27.03219,81.65189,314.36,286.32,0.45,0.55,2026-01-21,801,n,6.89,D
26.50026,80.13046,310.34,292.77,0.45,0.55,2026-01-21,795,n,6.84,D
26.21583,82.9214,316.52,287.41,0.45,0.55,2026-01-21,824,n,8.7,D
26.16697,84.40259,316.84,291.81,0.45,0.55,2026-01-21,766,n,11.6,D
25.38813,82.03862,315.6,288.87,0.45,0.55,2026-01-21,822,n,11.2,D
26.39499,82.09454,314.86,287.86,0.45,0.55,2026-01-21,739,n,5.1,D
25.0812,81.1101,310.71,289.87,0.45,0.55,2026-01-21,757,n,4.5,D
26.4392,84.1233,312.27,287.9,0.45,0.55,2026-01-21,734,n,9.62,D
26.61513,82.86471,311.61,284.65,0.45,0.55,2026-01-21,802,n,5.43,D
27.25545,80.97504,316.49,285.9,0.45,0.55,2026-01-22,731,n,9.18,D
25.05883,83.8983,316.09,284.15,0.45,0.55,2026-01-22,797,n,10.05,D
26.73408,83.92186,316.14,288.39,0.45,0.55,2026-01-22,828,n,9.31,D
25.51296,80.26198,314.68,289.28,0.45,0.55,2026-01-22,751,n,9.23,D
26.396,81.52071,312.76,286.9,0.45,0.55,2026-01-22,799,n,7.3,D
25.61838,81.27395,316.0,285.83,0.45,0.55,2026-01-22,807,n,11.5,D
25.06053,82.98574,310.29,287.71,0.45,0.55,2026-01-22,821,n,4.11,D
26.75337,81.86054,312.01,289.12,0.45,0.55,2026-01-22,821,n,5.91,D
26.46791,83.19985,312.76,285.13,0.45,0.55,2026-01-22,777,n,3.35,D
26.61561,82.86455,312.56,286.89,0.45,0.55,2026-01-22,732,n,5.91,D
25.06686,83.43176,315.53,290.31,0.45,0.55,2026-01-22,776,n,7.55,D
26.45121,84.45904,311.31,289.98,0.45,0.55,2026-01-23,737,n,3.62,D
27.25621,80.97558,315.68,283.17,0.45,0.55,2026-01-23,815,n,10.45,D
27.35709,84.25924,312.02,289.45,0.45,0.55,2026-01-23,731,n,5.76,D
26.39493,81.52057,312.75,287.19,0.45,0.55,2026-01-23,742,n,4.6,D
26.84937,81.82896,316.51,289.14,0.45,0.55,2026-01-23,818,n,5.82,D
27.0222,80.35958,312.78,290.53,0.45,0.55,2026-01-23,817,n,6.89,D
25.0666,82.16551,314.08,284.13,0.45,0.55,2026-01-23,759,n,8.55,D
26.2406,81.22655,312.42,286.06,0.45,0.55,2026-01-23,768,n,6.91,D
26.16603,84.40169,318.55,286.18,0.45,0.55,2026-01-23,809,n,9.43,D
26.413,80.81409,314.57,287.41,0.45,0.55,2026-01-23,780,n,3.63,D
26.64979,84.48683,314.58,288.18,0.45,0.55,2026-01-23,743,n,10.64,D
26.44994,84.46147,311.94,288.13,0.45,0.55,2026-01-24,749,n,5.52,D
27.41839,82.818,316.52,287.96,0.45,0.55,2026-01-24,819,n,6.51,D
27.25493,80.97556,310.81,288.18,0.45,0.55,2026-01-24,736,n,10.46,D
25.45226,81.60813,315.75,285.26,0.45,0.55,2026-01-24,783,n,11.6,D
27.35704,84.25848,315.67,288.31,0.45,0.55,2026-01-24,765,n,10.89,D
26.86844,83.41671,315.47,288.42,0.45,0.55,2026-01-24,809,n,6.61,D
27.02211,80.36043,317.31,287.16,0.45,0.55,2026-01-24,793,n,8.57,D
25.61793,81.27416,314.93,290.14,0.45,0.55,2026-01-24,826,n,7.24,D
25.0595,82.98442,319.74,290.14,0.45,0.55,2026-01-24,758,n,9.81,D
26.75337,81.86092,315.39,289.94,0.45,0.55,2026-01-24,747,n,11.09,D
26.84275,83.03057,320.74,285.67,0.45,0.55,2026-01-24,758,n,11.34,D
26.12126,82.49097,317.01,285.62,0.45,0.55,2026-01-24,805,n,7.38,D
25.56403,82.10314,312.35,288.54,0.45,0.55,2026-01-24,731,n,3.69,D
25.72877,84.06587,317.31,290.62,0.45,0.55,2026-01-24,806,n,10.82,D
26.39226,82.09588,316.72,288.18,0.45,0.55,2026-01-24,813,n,9.9,D
26.44139,84.12386,310.42,284.08,0.45,0.55,2026-01-24,782,n,4.77,D
26.61313,82.86582,312.44,289.56,0.45,0.55,2026-01-24,817,n,4.29,D
25.08307,81.44675,314.12,284.89,0.45,0.55,2026-01-25,817,n,8.04,D
27.41879,82.81614,311.82,286.99,0.45,0.55,2026-01-25,747,n,10.1,D
27.25566,80.97598,318.78,289.52,0.45,0.55,2026-01-25,794,n,8.62,D
25.55145,84.15714,319.62,288.86,0.45,0.55,2026-01-25,797,n,11.88,D
26.15462,84.41717,318.57,289.95,0.45,0.55,2026-01-25,789,n,9.39,D
25.51339,80.26226,314.6,288.05,0.45,0.55,2026-01-25,732,n,9.59,D
27.02495,80.35935,315.06,288.34,0.45,0.55,2026-01-25,816,n,9.55,D
26.98805,84.29326,313.9,289.05,0.45,0.55,2026-01-25,765,n,11.07,D
26.84188,83.02776,316.68,287.57,0.45,0.55,2026-01-25,748,n,11.47,D
25.56517,82.10337,319.66,286.01,0.45,0.55,2026-01-25,794,n,11.96,D
27.03045,81.65246,312.96,285.83,0.45,0.55,2026-01-25,743,n,4.54,D
25.80408,82.01184,313.37,288.16,0.45,0.55,2026-01-25,796,n,7.14,D
26.16539,84.4032,317.46,286.76,0.45,0.55,2026-01-25,809,n,3.2,D
25.44924,82.34722,317.45,289.03,0.45,0.55,2026-01-25,799,n,3.53,D
26.06147,84.1287,316.85,285.24,0.45,0.55,2026-01-25,816,n,10.86,D
26.46633,83.19951,312.63,288.9,0.45,0.55,2026-01-25,754,n,5.78,D
25.0778,81.11116,314.02,287.6,0.45,0.55,2026-01-25,825,n,10.52,D
26.61309,82.8657,316.97,285.77,0.45,0.55,2026-01-25,821,n,9.23,D
25.08342,81.44634,315.41,287.38,0.45,0.55,2026-01-26,806,n,10.19,D
25.84829,82.4748,317.21,286.82,0.45,0.55,2026-01-26,742,n,9.02,D
27.33509,83.0037,315.8,288.83,0.45,0.55,2026-01-26,735,n,7.06,D
25.45086,81.60659,315.16,288.55,0.45,0.55,2026-01-26,745,n,6.8,D
26.06841,81.76672,309.14,287.85,0.45,0.55,2026-01-26,803,n,3.26,D
25.51508,80.26238,319.15,286.06,0.45,0.55,2026-01-26,742,n,9.92,D
27.25445,82.65583,314.35,283.74,0.45,0.55,2026-01-26,782,n,3.4,D
26.39576,81.52021,319.1,287.74,0.45,0.55,2026-01-26,741,n,9.89,D
26.12513,82.49078,312.9,283.9,0.45,0.55,2026-01-26,756,n,6.95,D
25.72236,81.09727,317.4,290.39,0.45,0.55,2026-01-26,828,n,5.64,D
27.0318,81.65211,319.19,284.77,0.45,0.55,2026-01-26,821,n,9.68,D
26.4986,80.12924,315.89,287.75,0.45,0.55,2026-01-26,760,n,6.65,D
26.31599,81.92978,315.89,293.98,0.45,0.55,2026-01-26,752,n,7.36,D
25.06882,83.42943,314.86,287.74,0.45,0.55,2026-01-26,775,n,9.9,D
26.44962,84.45961,313.93,288.4,0.45,0.55,2026-01-27,773,n,6.22,D
27.41889,82.8188,311.74,288.9,0.45,0.55,2026-01-27,829,n,4.4,D
27.25568,80.97463,314.86,292.33,0.45,0.55,2026-01-27,815,n,6.13,D
25.55157,84.15768,315.42,284.35,0.45,0.55,2026-01-27,827,n,6.63,D
25.05852,83.89853,314.81,290.16,0.45,0.55,2026-01-27,749,n,3.27,D
26.86994,83.41655,313.69,288.71,0.45,0.55,2026-01-27,792,n,5.76,D
26.06759,81.76619,314.76,286.95,0.45,0.55,2026-01-27,814,n,6.53,D
26.75433,81.86147,314.57,286.23,0.45,0.55,2026-01-27,752,n,9.65,D
26.12506,82.49086,313.48,289.26,0.45,0.55,2026-01-27,739,n,6.85,D
25.7205,81.10001,317.29,288.69,0.45,0.55,2026-01-27,821,n,6.51,D
25.80366,82.01021,310.49,290.56,0.45,0.55,2026-01-27,736,n,6.1,D
26.23883,81.22851,308.39,285.53,0.45,0.55,2026-01-27,825,n,3.78,D
25.72812,84.06452,312.34,290.02,0.45,0.55,2026-01-27,785,n,3.21,D
26.65115,84.48842,314.05,286.17,0.45,0.55,2026-01-27,813,n,4.91,D
27.41754,82.81835,313.14,289.55,0.45,0.55,2026-01-28,817,n,4.11,D
25.45008,81.60711,315.73,285.65,0.45,0.55,2026-01-28,746,n,9.81,D
27.35596,84.26032,314.63,288.79,0.45,0.55,2026-01-28,813,n,10.3,D
26.15511,84.41612,318.33,293.16,0.45,0.55,2026-01-28,827,n,4.26,D
27.25477,82.65794,317.19,288.88,0.45,0.55,2026-01-28,807,n,9.26,D
26.39519,81.52152,317.59,288.82,0.45,0.55,2026-01-28,815,n,6.94,D
27.02395,80.35774,316.37,286.44,0.45,0.55,2026-01-28,764,n,7.89,D
26.98751,84.2934,312.91,286.65,0.45,0.55,2026-01-28,794,n,6.58,D
26.1232,82.49117,313.39,290.42,0.45,0.55,2026-01-28,796,n,5.32,D
25.56409,82.10324,317.71,285.24,0.45,0.55,2026-01-28,771,n,11.11,D
25.80502,82.00963,312.01,290.52,0.45,0.55,2026-01-28,824,n,3.06,D
26.24074,81.22668,312.19,285.62,0.45,0.55,2026-01-28,786,n,9.03,D
26.49916,80.12998,311.41,285.76,0.45,0.55,2026-01-28,821,n,8.26,D
26.21464,82.92042,315.33,290.23,0.45,0.55,2026-01-28,785,n,10.73,D
25.44858,82.34802,318.69,286.61,0.45,0.55,2026-01-28,742,n,10.01,D
26.41511,80.81574,315.08,286.67,0.45,0.55,2026-01-28,800,n,9.87,D
26.31433,81.93048,312.17,288.02,0.45,0.55,2026-01-28,795,n,5.11,D
26.64954,84.48841,313.7,286.78,0.45,0.55,2026-01-28,827,n,6.94,D
25.08172,81.4445,315.7,285.38,0.45,0.55,2026-01-29,763,n,9.15,D
26.45041,84.45875,309.28,285.26,0.45,0.55,2026-01-29,771,n,6.26,D
25.55149,84.15546,312.94,287.81,0.45,0.55,2026-01-29,760,n,6.86,D
27.35751,84.26032,315.84,287.82,0.45,0.55,2026-01-29,731,n,8.43,D
26.15452,84.41689,311.51,288.08,0.45,0.55,2026-01-29,740,n,4.33,D
27.25391,82.65803,311.21,286.5,0.45,0.55,2026-01-29,801,n,3.9,D
26.849,81.83086,315.19,288.88,0.45,0.55,2026-01-29,739,n,11.11,D
27.0233,80.3581,316.41,283.34,0.45,0.55,2026-01-29,778,n,4.2,D
25.71995,81.09892,315.82,291.85,0.45,0.55,2026-01-29,740,n,10.66,D
25.06685,82.16196,310.84,288.91,0.45,0.55,2026-01-29,778,n,4.13,D
27.03238,81.6503,315.56,288.16,0.45,0.55,2026-01-29,738,n,11.29,D
26.49962,80.13118,312.01,287.98,0.45,0.55,2026-01-29,762,n,4.61,D
26.1644,84.40407,316.73,285.65,0.45,0.55,2026-01-29,812,n,8.7,D
25.3873,82.03731,314.28,289.41,0.45,0.55,2026-01-29,762,n,5.96,D
25.7294,84.06481,313.99,289.22,0.45,0.55,2026-01-29,742,n,7.21,D
26.06212,84.1281,320.6,287.53,0.45,0.55,2026-01-29,783,n,11.19,D
26.45061,84.46131,313.7,286.95,0.45,0.55,2026-01-30,787,n,5.91,D
27.25515,80.97455,313.49,289.16,0.45,0.55,2026-01-30,795,n,4.8,D
25.54978,84.15605,313.17,286.93,0.45,0.55,2026-01-30,751,n,8.04,D
27.35662,84.25856,316.77,286.83,0.45,0.55,2026-01-30,753,n,10.98,D
25.05719,83.89904,317.17,289.67,0.45,0.55,2026-01-30,823,n,7.19,D
26.15509,84.41732,313.96,290.96,0.45,0.55,2026-01-30,746,n,4.37,D
25.51218,80.2624,312.79,291.01,0.45,0.55,2026-01-30,752,n,7.34,D
27.25155,82.65847,318.39,285.97,0.45,0.55,2026-01-30,776,n,7.87,D
26.84968,81.83078,313.36,287.95,0.45,0.55,2026-01-30,759,n,3.68,D
26.989,84.29217,315.23,290.1,0.45,0.55,2026-01-30,787,n,11.16,D
26.41458,80.81743,312.56,290.55,0.45,0.55,2026-01-30,798,n,4.94,D
26.65088,84.48782,315.76,286.56,0.45,0.55,2026-01-30,814,n,8.58,D
27.41867,82.81594,313.58,289.85,0.45,0.55,2026-01-31,737,n,7.4,D
25.37219,84.37249,313.68,289.24,0.45,0.55,2026-01-31,769,n,7.62,D
25.44912,81.60648,315.61,289.69,0.45,0.55,2026-01-31,763,n,7.97,D
27.25324,82.6605,315.97,285.47,0.45,0.55,2026-01-31,820,n,11.7,D
26.8499,81.83077,314.11,284.89,0.45,0.55,2026-01-31,748,n,7.14,D
25.6188,81.27494,311.34,286.09,0.45,0.55,2026-01-31,735,n,3.04,D
26.84133,83.02988,315.99,287.3,0.45,0.55,2026-01-31,763,n,7.18,D
26.21376,82.92198,316.15,285.83,0.45,0.55,2026-01-31,794,n,8.78,D
25.07927,81.11174,316.98,290.33,0.45,0.55,2026-01-31,760,n,4.72,D
26.43925,84.12243,317.95,291.93,0.45,0.55,2026-01-31,781,n,11.27,D
27.41912,82.81771,314.6,286.19,0.45,0.55,2026-02-01,735,n,8.99,D
27.33471,83.00243,313.85,287.91,0.45,0.55,2026-02-01,829,n,9.94,D
25.55161,84.15568,317.04,288.12,0.45,0.55,2026-02-01,814,n,6.15,D
26.3941,81.52274,317.41,288.66,0.45,0.55,2026-02-01,778,n,8.71,D
26.75425,81.85917,318.39,289.5,0.45,0.55,2026-02-01,808,n,8.69,D
25.72051,81.10032,315.77,286.44,0.45,0.55,2026-02-01,779,n,10.35,D
25.06733,82.16515,312.04,293.75,0.45,0.55,2026-02-01,817,n,7.64,D
25.80418,82.01065,319.34,287.62,0.45,0.55,2026-02-01,797,n,7.64,D
26.499,80.12856,317.88,284.55,0.45,0.55,2026-02-01,827,n,8.23,D
26.61521,82.86596,313.13,289.31,0.45,0.55,2026-02-01,739,n,7.11,D
25.45034,81.60759,316.21,290.59,0.45,0.55,2026-02-02,794,n,3.76,D
26.73265,83.92235,313.41,289.26,0.45,0.55,2026-02-02,732,n,10.76,D
26.06756,81.76517,309.48,287.61,0.45,0.55,2026-02-02,813,n,3.75,D
26.39459,81.52196,313.01,287.81,0.45,0.55,2026-02-02,814,n,9.12,D
25.05867,82.98512,310.85,290.27,0.45,0.55,2026-02-02,737,n,4.11,D
25.56332,82.10481,311.17,292.8,0.45,0.55,2026-02-02,742,n,4.96,D
26.05984,84.12774,312.93,290.55,0.45,0.55,2026-02-02,733,n,5.07,D
26.46483,83.20125,310.99,287.93,0.45,0.55,2026-02-02,818,n,5.39,D
25.07994,81.11088,316.39,289.14,0.45,0.55,2026-02-02,755,n,9.51,D
26.44032,84.12187,319.68,289.31,0.45,0.55,2026-02-02,737,n,8.98,D
26.64994,84.48775,313.03,288.37,0.45,0.55,2026-02-02,810,n,7.06,D
26.64319,83.95426,316.24,285.6,0.45,0.55,2026-02-03,755,n,5.68,D
27.02329,80.35887,315.59,286.02,0.45,0.55,2026-02-03,795,n,10.8,D
26.84135,83.02995,316.49,284.31,0.45,0.55,2026-02-03,804,n,8.08,D
25.56324,82.10189,312.3,288.3,0.45,0.55,2026-02-03,791,n,7.17,D
26.50211,80.12994,314.91,288.0,0.45,0.55,2026-02-03,825,n,5.51,D
26.21453,82.921,316.11,288.24,0.45,0.55,2026-02-03,794,n,4.89,D
25.38814,82.03847,316.6,288.33,0.45,0.55,2026-02-03,824,n,7.53,D
25.72966,84.06416,312.9,286.9,0.45,0.55,2026-02-03,824,n,5.2,D
25.44829,82.34529,312.29,290.51,0.45,0.55,2026-02-03,745,n,6.9,D
26.39362,82.09495,312.77,287.77,0.45,0.55,2026-02-03,777,n,5.83,D
26.46768,83.20072,310.24,282.95,0.45,0.55,2026-02-03,753,n,3.54,D
25.06817,83.43062,313.17,290.23,0.45,0.55,2026-02-03,797,n,9.74,D
25.0814,81.4439,315.74,285.1,0.45,0.55,2026-02-04,809,n,9.23,D
26.45012,84.45797,313.27,288.44,0.45,0.55,2026-02-04,764,n,5.72,D
27.41937,82.81677,311.09,288.86,0.45,0.55,2026-02-04,822,n,10.65,D
25.84825,82.47544,318.38,287.73,0.45,0.55,2026-02-04,777,n,11.38,D
25.37291,84.37144,316.6,286.09,0.45,0.55,2026-02-04,756,n,11.09,D
27.25506,80.97437,308.82,292.41,0.45,0.55,2026-02-04,761,n,3.49,D
25.55024,84.15654,317.38,290.19,0.45,0.55,2026-02-04,811,n,10.12,D
26.15255,84.4175,317.74,292.44,0.45,0.55,2026-02-04,778,n,10.54,D
27.25345,82.6558,318.3,285.94,0.45,0.55,2026-02-04,797,n,9.97,D
27.02368,80.35811,311.95,288.58,0.45,0.55,2026-02-04,765,n,3.4,D
25.61813,81.27559,314.95,287.36,0.45,0.55,2026-02-04,808,n,9.67,D
26.84098,83.02899,310.73,288.08,0.45,0.55,2026-02-04,753,n,4.33,D
25.06497,82.16352,310.3,286.84,0.45,0.55,2026-02-04,741,n,4.41,D
25.56152,82.10324,313.66,287.2,0.45,0.55,2026-02-04,828,n,4.64,D
25.8051,82.01076,310.62,288.96,0.45,0.55,2026-02-04,791,n,4.57,D
26.21513,82.91942,318.74,288.47,0.45,0.55,2026-02-04,751,n,8.86,D
25.44922,82.34649,317.07,286.35,0.45,0.55,2026-02-04,767,n,9.82,D
26.39323,82.09511,312.85,287.34,0.45,0.55,2026-02-04,737,n,4.72,D
26.61526,82.86602,320.26,288.61,0.45,0.55,2026-02-04,768,n,9.89,D
25.08263,81.44513,318.25,285.99,0.45,0.55,2026-02-05,809,n,10.18,D
27.25533,80.97379,312.18,287.35,0.45,0.55,2026-02-05,781,n,4.44,D
25.45193,81.60817,318.56,286.53,0.45,0.55,2026-02-05,818,n,10.86,D
26.06751,81.76513,313.45,288.79,0.45,0.55,2026-02-05,777,n,5.02,D
27.25145,82.65946,313.31,288.17,0.45,0.55,2026-02-05,773,n,6.31,D
26.39535,81.52191,315.66,287.05,0.45,0.55,2026-02-05,803,n,10.57,D
26.84956,81.83145,313.94,288.21,0.45,0.55,2026-02-05,814,n,6.92,D
25.61939,81.2768,312.44,289.91,0.45,0.55,2026-02-05,789,n,4.51,D
25.05731,82.98509,315.31,289.53,0.45,0.55,2026-02-05,757,n,7.7,D
26.75397,81.85998,313.46,288.21,0.45,0.55,2026-02-05,803,n,7.55,D
27.03106,81.65153,313.02,291.86,0.45,0.55,2026-02-05,782,n,6.39,D
26.1653,84.40078,317.25,288.14,0.45,0.55,2026-02-05,777,n,10.91,D
25.44978,82.34617,319.08,283.59,0.45,0.55,2026-02-05,739,n,11.23,D
26.05971,84.12753,312.71,282.6,0.45,0.55,2026-02-05,780,n,6.1,D
25.07801,81.10959,314.14,289.89,0.45,0.55,2026-02-05,812,n,3.43,D
26.31349,81.92769,314.55,289.03,0.45,0.55,2026-02-05,746,n,6.06,D
26.64995,84.48659,311.34,289.43,0.45,0.55,2026-02-05,771,n,6.25,D
25.85173,82.47478,312.29,286.15,0.45,0.55,2026-02-06,774,n,3.09,D
27.33531,83.00314,314.09,291.03,0.45,0.55,2026-02-06,812,n,9.15,D
26.64142,83.95271,314.53,289.83,0.45,0.55,2026-02-06,730,n,5.98,D
25.55251,84.15644,315.85,287.89,0.45,0.55,2026-02-06,758,n,7.14,D
25.44909,81.60602,312.93,290.01,0.45,0.55,2026-02-06,786,n,4.55,D
26.15546,84.41545,317.5,286.53,0.45,0.55,2026-02-06,749,n,7.31,D
27.25148,82.65779,310.22,286.69,0.45,0.55,2026-02-06,749,n,3.49,D
26.84834,81.83179,314.41,292.31,0.45,0.55,2026-02-06,748,n,9.53,D
26.98963,84.29263,317.97,286.9,0.45,0.55,2026-02-06,760,n,9.22,D
26.84232,83.02896,312.73,287.26,0.45,0.55,2026-02-06,746,n,4.2,D
25.37288,84.36921,312.96,286.41,0.45,0.55,2026-02-07,787,n,4.18,D
25.61928,81.2754,311.35,292.39,0.45,0.55,2026-02-07,787,n,5.64,D
27.03206,81.65247,310.93,287.42,0.45,0.55,2026-02-07,740,n,4.06,D
25.58913,81.87074,315.04,287.71,0.45,0.55,2026-02-07,799,n,6.27,D
26.44069,84.12074,313.96,291.01,0.45,0.55,2026-02-07,829,n,7.79,D
26.31423,81.9294,316.39,285.29,0.45,0.55,2026-02-07,783,n,10.8,D
25.85092,82.4745,315.38,288.26,0.45,0.55,2026-02-08,748,n,5.31,D
27.25602,80.97528,315.98,289.54,0.45,0.55,2026-02-08,792,n,8.14,D
25.05974,83.89875,309.16,288.66,0.45,0.55,2026-02-08,744,n,3.21,D
26.73387,83.92375,313.0,287.99,0.45,0.55,2026-02-08,745,n,3.19,D
26.06789,81.76512,314.81,286.23,0.45,0.55,2026-02-08,799,n,8.54,D
26.39422,81.51815,310.45,287.44,0.45,0.55,2026-02-08,747,n,4.79,D
26.75375,81.86041,315.19,288.75,0.45,0.55,2026-02-08,745,n,6.03,D
26.98785,84.29284,311.04,286.96,0.45,0.55,2026-02-08,732,n,8.75,D
26.12208,82.48995,312.46,287.83,0.45,0.55,2026-02-08,778,n,9.16,D
25.06347,82.16467,315.19,290.88,0.45,0.55,2026-02-08,782,n,9.09,D
25.56341,82.1021,312.57,290.87,0.45,0.55,2026-02-08,802,n,5.33,D
25.73099,84.06555,311.87,289.95,0.45,0.55,2026-02-08,792,n,5.26,D
25.06798,83.43054,312.58,284.33,0.45,0.55,2026-02-08,828,n,5.95,D
26.45056,84.4585,317.52,290.38,0.45,0.55,2026-02-09,809,n,10.9,D
25.37239,84.37289,311.53,288.27,0.45,0.55,2026-02-09,795,n,4.15,D
26.73431,83.92295,312.1,285.12,0.45,0.55,2026-02-09,730,n,5.42,D
26.86964,83.41756,317.18,288.37,0.45,0.55,2026-02-09,737,n,7.07,D
25.51224,80.26239,313.01,286.94,0.45,0.55,2026-02-09,746,n,9.57,D
26.39573,81.52163,314.36,287.88,0.45,0.55,2026-02-09,753,n,8.07,D
26.9892,84.29223,313.41,287.86,0.45,0.55,2026-02-09,762,n,7.93,D
26.84201,83.02954,313.84,285.41,0.45,0.55,2026-02-09,822,n,9.05,D
26.12562,82.49224,313.51,290.21,0.45,0.55,2026-02-09,818,n,5.84,D
25.80532,82.01103,311.23,289.21,0.45,0.55,2026-02-09,735,n,4.14,D
26.49797,80.13181,317.4,287.2,0.45,0.55,2026-02-09,801,n,9.3,D
26.1662,84.40175,315.35,289.86,0.45,0.55,2026-02-09,797,n,9.95,D
25.38872,82.03957,315.65,288.21,0.45,0.55,2026-02-09,791,n,11.35,D
26.43915,84.12178,317.87,287.85,0.45,0.55,2026-02-09,790,n,8.27,D
26.41504,80.81645,312.89,287.22,0.45,0.55,2026-02-09,813,n,11.1,D
26.3141,81.92902,309.33,288.47,0.45,0.55,2026-02-09,741,n,4.44,D
26.64864,84.48789,316.94,289.17,0.45,0.55,2026-02-09,781,n,9.31,D
25.06805,83.43207,314.03,289.43,0.45,0.55,2026-02-09,759,n,7.0,D
26.64406,83.9535,314.76,288.01,0.45,0.55,2026-02-10,745,n,7.02,D
25.55216,84.15629,314.52,287.49,0.45,0.55,2026-02-10,805,n,9.85,D
26.06661,81.76377,311.43,288.03,0.45,0.55,2026-02-10,740,n,4.03,D
26.84919,81.82845,307.49,289.29,0.45,0.55,2026-02-10,829,n,3.74,D
25.61664,81.27504,312.24,289.08,0.45,0.55,2026-02-10,752,n,3.13,D
26.84323,83.02786,319.4,289.94,0.45,0.55,2026-02-10,819,n,11.79,D
26.12467,82.49005,311.59,289.77,0.45,0.55,2026-02-10,756,n,8.86,D
25.56246,82.10046,314.24,288.5,0.45,0.55,2026-02-10,829,n,6.27,D
26.23703,81.22532,316.2,287.25,0.45,0.55,2026-02-10,793,n,8.97,D
26.49766,80.12887,312.59,289.68,0.45,0.55,2026-02-10,768,n,6.98,D
26.16422,84.40049,315.7,285.8,0.45,0.55,2026-02-10,750,n,8.92,D
25.72797,84.06551,319.32,290.56,0.45,0.55,2026-02-10,786,n,11.42,D
26.0605,84.12713,321.72,287.61,0.45,0.55,2026-02-10,764,n,8.25,D
26.41676,80.81744,309.49,287.7,0.45,0.55,2026-02-10,803,n,4.75,D
26.31471,81.92923,312.84,286.22,0.45,0.55,2026-02-10,757,n,4.06,D
26.65077,84.48815,311.23,288.94,0.45,0.55,2026-02-10,797,n,9.86,D
27.41976,82.81654,319.14,289.28,0.45,0.55,2026-02-11,813,n,10.66,D
25.55018,84.15687,313.9,283.86,0.45,0.55,2026-02-11,809,n,5.86,D
26.15416,84.41519,312.26,288.67,0.45,0.55,2026-02-11,741,n,4.47,D
25.51228,80.26147,317.08,287.3,0.45,0.55,2026-02-11,762,n,10.29,D
26.39403,81.52033,311.76,291.67,0.45,0.55,2026-02-11,741,n,3.26,D
25.05852,82.98627,316.38,288.82,0.45,0.55,2026-02-11,812,n,3.82,D
25.80589,82.01032,312.81,285.12,0.45,0.55,2026-02-11,796,n,7.24,D
26.21345,82.92112,309.62,287.21,0.45,0.55,2026-02-11,738,n,3.14,D
26.16491,84.40222,321.69,285.54,0.45,0.55,2026-02-11,740,n,11.47,D
25.4485,82.34631,320.63,286.84,0.45,0.55,2026-02-11,797,n,7.03,D
26.394,82.09648,311.01,288.13,0.45,0.55,2026-02-11,828,n,8.88,D
26.44067,84.12308,315.66,283.21,0.45,0.55,2026-02-11,735,n,9.24,D
26.41424,80.8182,315.62,288.12,0.45,0.55,2026-02-11,765,n,6.64,D
27.4189,82.81728,314.57,288.02,0.45,0.55,2026-02-12,783,n,5.12,D
27.33349,83.00256,315.49,290.63,0.45,0.55,2026-02-12,735,n,9.52,D
27.2554,80.977,310.85,288.2,0.45,0.55,2026-02-12,779,n,4.41,D
25.44933,81.60668,314.99,286.45,0.45,0.55,2026-02-12,735,n,11.28,D
26.87259,83.41755,314.06,288.73,0.45,0.55,2026-02-12,821,n,5.21,D
25.51314,80.26214,310.6,285.73,0.45,0.55,2026-02-12,756,n,4.79,D
25.0665,82.16317,312.84,290.7,0.45,0.55,2026-02-12,792,n,4.72,D
25.56299,82.10459,314.38,288.78,0.45,0.55,2026-02-12,809,n,4.05,D
25.80304,82.01131,313.39,285.64,0.45,0.55,2026-02-12,757,n,8.72,D
26.21596,82.92242,318.59,286.05,0.45,0.55,2026-02-12,765,n,10.13,D
26.39344,82.09689,315.21,288.11,0.45,0.55,2026-02-12,787,n,7.49,D
25.58869,81.87003,317.22,286.38,0.45,0.55,2026-02-12,733,n,8.28,D
26.44195,84.12121,315.33,290.06,0.45,0.55,2026-02-12,774,n,10.7,D
26.31332,81.92799,316.78,287.46,0.45,0.55,2026-02-12,754,n,6.61,D
25.08322,81.44435,309.54,289.62,0.45,0.55,2026-02-13,826,n,3.68,D
25.84947,82.47543,317.28,288.54,0.45,0.55,2026-02-13,788,n,10.26,D
25.3722,84.37211,314.07,288.13,0.45,0.55,2026-02-13,747,n,4.33,D
27.25194,82.65831,311.63,290.77,0.45,0.55,2026-02-13,827,n,5.65,D
25.61697,81.27453,314.81,287.48,0.45,0.55,2026-02-13,811,n,10.16,D
25.05655,82.9865,315.56,289.38,0.45,0.55,2026-02-13,739,n,4.37,D
25.72054,81.09746,314.76,286.37,0.45,0.55,2026-02-13,784,n,6.05,D
26.2385,81.2265,316.08,286.48,0.45,0.55,2026-02-13,814,n,10.61,D
25.72921,84.06414,315.28,287.19,0.45,0.55,2026-02-13,811,n,8.46,D
26.39453,82.0963,317.52,284.85,0.45,0.55,2026-02-13,793,n,10.83,D
25.06812,83.43019,314.13,286.37,0.45,0.55,2026-02-13,787,n,10.92,D
25.55111,84.15668,315.79,287.59,0.45,0.55,2026-02-14,770,n,9.06,D
25.05852,83.89784,311.64,287.47,0.45,0.55,2026-02-14,823,n,6.88,D
26.15433,84.41409,318.31,289.13,0.45,0.55,2026-02-14,816,n,7.54,D
26.8708,83.41682,310.84,287.61,0.45,0.55,2026-02-14,817,n,6.61,D
26.06734,81.76497,315.64,286.01,0.45,0.55,2026-02-14,733,n,9.86,D
26.39554,81.52025,315.18,286.0,0.45,0.55,2026-02-14,766,n,4.48,D
25.05889,82.98611,317.81,286.37,0.45,0.55,2026-02-14,758,n,7.38,D
26.12392,82.48984,315.26,286.26,0.45,0.55,2026-02-14,764,n,6.06,D
25.06597,82.16345,316.16,288.58,0.45,0.55,2026-02-14,778,n,8.33,D
26.23752,81.22923,313.71,289.79,0.45,0.55,2026-02-14,743,n,5.79,D
26.21524,82.92093,314.49,291.0,0.45,0.55,2026-02-14,752,n,4.71,D
25.72943,84.06427,315.88,289.05,0.45,0.55,2026-02-14,814,n,9.95,D
26.4505,84.46001,316.72,291.19,0.45,0.55,2026-02-15,777,n,6.92,D
27.419,82.81636,317.85,289.51,0.45,0.55,2026-02-15,741,n,11.69,D
27.35854,84.26206,312.74,292.11,0.45,0.55,2026-02-15,732,n,4.11,D
26.73427,83.92251,313.62,290.87,0.45,0.55,2026-02-15,751,n,6.96,D
27.25442,82.65729,312.77,287.11,0.45,0.55,2026-02-15,767,n,7.63,D
26.39606,81.52168,316.17,289.15,0.45,0.55,2026-02-15,770,n,9.69,D
26.84932,81.83161,312.35,287.23,0.45,0.55,2026-02-15,760,n,6.31,D
25.05875,82.98648,315.6,290.48,0.45,0.55,2026-02-15,747,n,9.62,D
26.12468,82.49,314.08,291.73,0.45,0.55,2026-02-15,757,n,6.21,D
25.06519,82.1637,314.77,287.29,0.45,0.55,2026-02-15,823,n,9.55,D
26.49965,80.13015,312.64,286.58,0.45,0.55,2026-02-15,807,n,3.5,D
26.16435,84.40197,316.82,292.09,0.45,0.55,2026-02-15,785,n,9.23,D
26.41442,80.81798,315.09,289.31,0.45,0.55,2026-02-15,758,n,7.23,D
25.06885,83.43033,317.7,287.3,0.45,0.55,2026-02-15,810,n,9.93,D
25.08417,81.44359,317.78,286.07,0.45,0.55,2026-02-16,735,n,10.61,D
27.41962,82.8179,316.4,288.28,0.45,0.55,2026-02-16,829,n,11.21,D
25.44964,81.60879,312.93,291.06,0.45,0.55,2026-02-16,822,n,8.47,D
26.73381,83.92297,313.99,291.48,0.45,0.55,2026-02-16,822,n,7.26,D
26.15477,84.41742,318.24,290.1,0.45,0.55,2026-02-16,814,n,11.71,D
26.06573,81.7652,312.95,290.18,0.45,0.55,2026-02-16,827,n,7.0,D
26.39623,81.51994,319.54,289.68,0.45,0.55,2026-02-16,751,n,10.48,D
27.02207,80.3584,312.84,289.67,0.45,0.55,2026-02-16,791,n,6.26,D
26.84111,83.02953,311.96,290.58,0.45,0.55,2026-02-16,790,n,6.6,D
25.564,82.10382,312.83,290.02,0.45,0.55,2026-02-16,774,n,3.16,D
25.80344,82.01003,315.46,288.77,0.45,0.55,2026-02-16,759,n,8.47,D
26.49887,80.13178,318.12,287.74,0.45,0.55,2026-02-16,774,n,10.75,D
26.21598,82.92074,316.58,283.81,0.45,0.55,2026-02-16,760,n,9.55,D
25.38745,82.03863,311.76,286.53,0.45,0.55,2026-02-16,779,n,4.37,D
25.72942,84.06594,315.7,287.23,0.45,0.55,2026-02-16,826,n,8.8,D
26.05997,84.12823,315.3,284.62,0.45,0.55,2026-02-16,752,n,5.15,D
26.61278,82.8661,313.41,284.86,0.45,0.55,2026-02-16,781,n,5.27,D
25.37367,84.37014,319.41,288.08,0.45,0.55,2026-02-17,809,n,10.04,D
25.05753,83.89825,316.39,287.39,0.45,0.55,2026-02-17,740,n,9.83,D
26.73525,83.92209,314.24,287.14,0.45,0.55,2026-02-17,763,n,6.87,D
26.39533,81.52316,312.84,284.92,0.45,0.55,2026-02-17,800,n,3.88,D
27.0244,80.35941,314.2,284.94,0.45,0.55,2026-02-17,778,n,10.36,D
26.98769,84.29131,314.77,292.04,0.45,0.55,2026-02-17,740,n,7.14,D
26.12314,82.49152,309.89,290.89,0.45,0.55,2026-02-17,754,n,3.59,D
25.06624,82.16461,314.32,289.05,0.45,0.55,2026-02-17,788,n,5.6,D
25.3888,82.03842,314.11,293.34,0.45,0.55,2026-02-17,771,n,7.04,D
26.44195,84.12208,316.59,289.55,0.45,0.55,2026-02-17,739,n,8.66,D
26.31594,81.92769,315.3,284.92,0.45,0.55,2026-02-17,762,n,5.39,D
26.45023,84.46151,314.27,287.7,0.45,0.55,2026-02-18,776,n,9.04,D
27.41953,82.8181,314.87,285.72,0.45,0.55,2026-02-18,787,n,10.49,D
26.64124,83.95185,314.54,286.28,0.45,0.55,2026-02-18,813,n,3.21,D
25.55136,84.15808,313.62,282.99,0.45,0.55,2026-02-18,759,n,10.36,D
25.05935,83.89808,316.63,291.28,0.45,0.55,2026-02-18,796,n,11.3,D
26.15401,84.4173,312.99,287.76,0.45,0.55,2026-02-18,737,n,6.82,D
25.51352,80.26336,311.56,285.77,0.45,0.55,2026-02-18,776,n,5.39,D
26.39662,81.52192,316.19,290.36,0.45,0.55,2026-02-18,744,n,5.53,D
26.84986,81.83203,314.82,284.21,0.45,0.55,2026-02-18,800,n,9.16,D
25.05976,82.98217,312.43,285.85,0.45,0.55,2026-02-18,770,n,10.08,D
25.71994,81.09772,313.89,284.69,0.45,0.55,2026-02-18,811,n,6.52,D
26.31309,81.92731,313.62,287.58,0.45,0.55,2026-02-18,796,n,10.97,D
26.6412,83.95163,315.34,285.2,0.45,0.55,2026-02-19,742,n,5.69,D
25.44954,81.6076,315.77,286.92,0.45,0.55,2026-02-19,797,n,5.44,D
26.87008,83.41743,312.67,289.65,0.45,0.55,2026-02-19,818,n,7.14,D
26.06576,81.76501,314.94,290.15,0.45,0.55,2026-02-19,746,n,9.75,D
26.84874,81.83009,317.14,285.01,0.45,0.55,2026-02-19,825,n,8.09,D
26.98724,84.2941,314.41,291.08,0.45,0.55,2026-02-19,772,n,7.46,D
26.84064,83.03028,313.76,286.64,0.45,0.55,2026-02-19,783,n,11.28,D
26.23891,81.22779,314.62,288.41,0.45,0.55,2026-02-19,784,n,3.36,D
26.49952,80.12837,315.87,285.4,0.45,0.55,2026-02-19,757,n,11.2,D
25.44996,82.34464,312.58,290.1,0.45,0.55,2026-02-19,793,n,10.06,D
26.46729,83.20213,314.3,290.77,0.45,0.55,2026-02-19,825,n,8.07,D
27.41904,82.81661,318.55,288.81,0.45,0.55,2026-02-20,820,n,10.18,D
25.84981,82.47593,314.29,286.46,0.45,0.55,2026-02-20,780,n,5.98,D
27.33523,83.00283,314.41,288.94,0.45,0.55,2026-02-20,754,n,8.08,D
26.73283,83.92326,314.54,288.8,0.45,0.55,2026-02-20,818,n,4.37,D
26.15253,84.41594,313.9,286.01,0.45,0.55,2026-02-20,744,n,9.38,D
26.06633,81.76623,312.66,287.61,0.45,0.55,2026-02-20,808,n,7.92,D
26.39728,81.52063,316.0,288.13,0.45,0.55,2026-02-20,769,n,8.7,D
26.12396,82.48834,313.81,287.91,0.45,0.55,2026-02-20,751,n,6.27,D
25.71959,81.0986,317.77,286.94,0.45,0.55,2026-02-20,773,n,4.39,D
27.02953,81.65307,314.58,288.39,0.45,0.55,2026-02-20,813,n,6.93,D
26.49948,80.12873,314.85,289.34,0.45,0.55,2026-02-20,807,n,8.88,D
25.38622,82.04006,318.4,285.6,0.45,0.55,2026-02-20,787,n,8.47,D
26.44077,84.12233,314.78,289.85,0.45,0.55,2026-02-20,733,n,10.57,D
26.41612,80.81701,311.56,288.91,0.45,0.55,2026-02-20,780,n,5.89,D
26.31465,81.92896,312.51,286.41,0.45,0.55,2026-02-20,777,n,4.91,D
25.08344,81.44679,310.61,288.2,0.45,0.55,2026-02-21,734,n,7.54,D
27.41888,82.81867,311.57,286.54,0.45,0.55,2026-02-21,824,n,5.15,D
25.85015,82.4756,317.27,286.22,0.45,0.55,2026-02-21,735,n,9.55,D
25.3736,84.37303,317.0,285.55,0.45,0.55,2026-02-21,829,n,9.56,D
26.15503,84.41616,315.58,289.0,0.45,0.55,2026-02-21,778,n,6.34,D
25.51627,80.26382,310.28,290.0,0.45,0.55,2026-02-21,765,n,8.61,D
25.0583,82.98618,312.33,288.88,0.45,0.55,2026-02-21,798,n,10.06,D
25.72116,81.09723,316.54,285.24,0.45,0.55,2026-02-21,756,n,8.48,D
27.03129,81.65398,314.25,283.25,0.45,0.55,2026-02-21,810,n,7.61,D
26.23837,81.22658,313.92,289.04,0.45,0.55,2026-02-21,737,n,3.25,D
26.49904,80.13051,311.31,289.18,0.45,0.55,2026-02-21,822,n,7.27,D
25.732,84.06475,313.83,290.04,0.45,0.55,2026-02-21,751,n,4.06,D
26.41342,80.81761,317.57,285.9,0.45,0.55,2026-02-21,816,n,10.16,D
25.06947,83.43009,312.74,289.24,0.45,0.55,2026-02-21,813,n,3.22,D
26.45036,84.46142,312.32,289.81,0.45,0.55,2026-02-22,742,n,6.21,D
27.33572,83.00252,313.66,290.93,0.45,0.55,2026-02-22,794,n,8.22,D
25.37258,84.37021,310.92,286.91,0.45,0.55,2026-02-22,777,n,3.69,D
25.55257,84.15464,315.58,286.92,0.45,0.55,2026-02-22,766,n,4.45,D
25.44916,81.60765,311.32,288.28,0.45,0.55,2026-02-22,809,n,5.98,D
26.84972,81.8312,315.81,290.78,0.45,0.55,2026-02-22,777,n,6.32,D
27.02432,80.35801,317.2,291.87,0.45,0.55,2026-02-22,773,n,11.73,D
25.61765,81.27538,311.29,287.77,0.45,0.55,2026-02-22,737,n,7.24,D
26.84098,83.02964,310.11,290.39,0.45,0.55,2026-02-22,750,n,4.44,D
25.06539,82.16243,308.71,290.68,0.45,0.55,2026-02-22,762,n,4.3,D
25.56346,82.10337,308.29,287.75,0.45,0.55,2026-02-22,819,n,3.63,D
25.80491,82.01103,311.7,285.35,0.45,0.55,2026-02-22,829,n,11.82,D
26.4999,80.13127,315.86,291.58,0.45,0.55,2026-02-22,814,n,9.07,D
25.72664,84.06608,312.49,290.16,0.45,0.55,2026-02-22,776,n,7.51,D
26.05985,84.1268,312.69,287.95,0.45,0.55,2026-02-22,819,n,3.9,D
26.46674,83.2013,312.13,285.69,0.45,0.55,2026-02-22,735,n,6.26,D
26.61329,82.86608,315.06,291.26,0.45,0.55,2026-02-22,813,n,10.28,D
26.44935,84.45988,309.43,282.15,0.45,0.55,2026-02-23,789,n,5.62,D
27.33413,83.00223,316.27,289.82,0.45,0.55,2026-02-23,745,n,6.16,D
26.64277,83.95158,314.42,289.74,0.45,0.55,2026-02-23,806,n,5.93,D
25.55073,84.15607,313.97,292.3,0.45,0.55,2026-02-23,828,n,5.66,D
25.05879,83.89745,315.45,286.84,0.45,0.55,2026-02-23,765,n,11.24,D
26.73422,83.92271,318.36,287.68,0.45,0.55,2026-02-23,793,n,11.25,D
26.15391,84.41804,314.1,290.53,0.45,0.55,2026-02-23,773,n,5.15,D
26.87244,83.41823,316.89,288.88,0.45,0.55,2026-02-23,743,n,6.07,D
25.51454,80.26264,314.95,288.37,0.45,0.55,2026-02-23,806,n,5.24,D
25.05642,82.9835,316.95,286.36,0.45,0.55,2026-02-23,731,n,7.69,D
26.1239,82.49127,315.4,289.71,0.45,0.55,2026-02-23,742,n,5.31,D
26.06061,84.12776,314.32,290.47,0.45,0.55,2026-02-23,798,n,11.89,D
26.39452,82.09676,314.64,287.57,0.45,0.55,2026-02-23,829,n,4.07,D
25.58847,81.86995,312.97,285.19,0.45,0.55,2026-02-23,801,n,3.93,D
26.44157,84.1228,315.11,286.57,0.45,0.55,2026-02-23,762,n,6.51,D
26.31635,81.92825,317.85,288.14,0.45,0.55,2026-02-23,740,n,10.85,D
25.08361,81.44529,312.59,289.17,0.45,0.55,2026-02-24,812,n,6.2,D
27.41985,82.81905,314.03,291.83,0.45,0.55,2026-02-24,782,n,4.18,D
26.64253,83.95232,311.1,291.27,0.45,0.55,2026-02-24,778,n,4.5,D
26.87206,83.4164,313.66,289.03,0.45,0.55,2026-02-24,805,n,11.85,D
27.25415,82.65767,313.63,289.99,0.45,0.55,2026-02-24,803,n,10.53,D
26.39475,81.52041,317.6,290.02,0.45,0.55,2026-02-24,788,n,7.82,D
25.61825,81.27429,312.87,287.56,0.45,0.55,2026-02-24,813,n,4.14,D
25.05852,82.98604,315.01,290.61,0.45,0.55,2026-02-24,805,n,6.99,D
26.84329,83.03049,315.92,286.05,0.45,0.55,2026-02-24,793,n,11.81,D
26.21603,82.92069,314.09,290.19,0.45,0.55,2026-02-24,798,n,7.4,D
26.16645,84.40393,316.07,287.88,0.45,0.55,2026-02-24,788,n,9.49,D
25.38895,82.03818,316.23,287.16,0.45,0.55,2026-02-24,763,n,5.26,D
26.06136,84.1277,314.51,286.91,0.45,0.55,2026-02-24,731,n,5.12,D
26.46573,83.20261,317.02,289.16,0.45,0.55,2026-02-24,780,n,8.97,D
26.64938,84.48945,313.35,290.37,0.45,0.55,2026-02-24,735,n,8.25,D
27.41739,82.81663,317.6,289.33,0.45,0.55,2026-02-25,763,n,5.66,D
25.37317,84.37141,311.86,287.36,0.45,0.55,2026-02-25,784,n,11.92,D
25.45202,81.60749,309.13,290.22,0.45,0.55,2026-02-25,760,n,3.1,D
26.73525,83.92314,311.52,287.2,0.45,0.55,2026-02-25,775,n,6.45,D
26.86908,83.41831,314.3,287.9,0.45,0.55,2026-02-25,739,n,4.42,D
26.98968,84.29073,311.41,287.27,0.45,0.55,2026-02-25,813,n,7.01,D
26.83903,83.03039,316.56,287.33,0.45,0.55,2026-02-25,746,n,6.11,D
26.12385,82.49004,317.96,288.81,0.45,0.55,2026-02-25,815,n,11.47,D
25.06488,82.16262,315.43,288.4,0.45,0.55,2026-02-25,806,n,10.09,D
25.80616,82.01014,318.16,292.82,0.45,0.55,2026-02-25,772,n,8.52,D
26.23896,81.22802,317.1,290.69,0.45,0.55,2026-02-25,794,n,10.99,D
26.21402,82.92041,317.58,287.81,0.45,0.55,2026-02-25,746,n,8.6,D
25.38814,82.03857,315.25,284.15,0.45,0.55,2026-02-25,801,n,5.67,D
25.72837,84.06503,319.13,289.0,0.45,0.55,2026-02-25,767,n,10.38,D
25.37134,84.37177,319.42,286.96,0.45,0.55,2026-02-26,762,n,9.96,D
25.05878,83.89885,309.8,288.72,0.45,0.55,2026-02-26,821,n,3.55,D
26.86998,83.41603,321.17,285.95,0.45,0.55,2026-02-26,821,n,10.49,D
25.51525,80.26174,314.31,287.69,0.45,0.55,2026-02-26,801,n,5.76,D
26.84914,81.83117,318.38,287.3,0.45,0.55,2026-02-26,755,n,10.11,D
26.98887,84.29099,310.86,287.8,0.45,0.55,2026-02-26,808,n,3.85,D
26.1233,82.49008,312.16,287.76,0.45,0.55,2026-02-26,821,n,6.4,D
25.06506,82.16299,314.6,288.78,0.45,0.55,2026-02-26,811,n,9.63,D
26.23875,81.22659,315.74,290.42,0.45,0.55,2026-02-26,734,n,5.71,D
26.44117,84.12078,316.13,289.26,0.45,0.55,2026-02-26,825,n,8.23,D
26.45018,84.4602,309.9,289.82,0.45,0.55,2026-02-27,799,n,4.2,D
27.33612,83.00158,314.85,290.94,0.45,0.55,2026-02-27,743,n,4.8,D
27.25633,80.97679,310.28,289.2,0.45,0.55,2026-02-27,744,n,5.32,D
25.05769,83.89921,314.04,289.97,0.45,0.55,2026-02-27,786,n,7.01,D
26.39289,81.52032,316.56,286.04,0.45,0.55,2026-02-27,798,n,7.2,D
26.84834,81.83045,314.81,284.47,0.45,0.55,2026-02-27,817,n,11.95,D
27.02341,80.35946,314.91,287.1,0.45,0.55,2026-02-27,778,n,4.52,D
26.75444,81.86293,312.49,289.52,0.45,0.55,2026-02-27,743,n,5.1,D
26.98692,84.29341,314.7,289.06,0.45,0.55,2026-02-27,776,n,11.28,D
25.56186,82.10287,312.63,289.37,0.45,0.55,2026-02-27,768,n,4.81,D
27.03135,81.65199,316.31,289.5,0.45,0.55,2026-02-27,755,n,7.5,D
25.8039,82.011,311.73,291.55,0.45,0.55,2026-02-27,784,n,5.95,D
25.72967,84.06307,316.85,288.78,0.45,0.55,2026-02-27,786,n,7.64,D
26.06152,84.12949,312.81,290.78,0.45,0.55,2026-02-27,730,n,3.59,D
26.39489,82.09714,313.68,290.7,0.45,0.55,2026-02-27,828,n,11.94,D
25.58888,81.86954,315.92,287.54,0.45,0.55,2026-02-27,768,n,9.73,D
26.31328,81.92906,309.66,290.93,0.45,0.55,2026-02-27,820,n,8.83,D
27.41843,82.8176,309.15,290.98,0.45,0.55,2026-02-28,792,n,3.48,D
25.37455,84.37362,317.49,284.88,0.45,0.55,2026-02-28,766,n,7.01,D
27.25643,80.97486,315.42,286.58,0.45,0.55,2026-02-28,773,n,5.82,D
26.64333,83.95112,312.82,288.79,0.45,0.55,2026-02-28,790,n,10.12,D
25.44886,81.60548,313.91,290.06,0.45,0.55,2026-02-28,828,n,10.84,D
27.35835,84.2609,314.47,286.82,0.45,0.55,2026-02-28,785,n,10.41,D
25.51531,80.26104,316.21,286.0,0.45,0.55,2026-02-28,751,n,10.94,D
25.6192,81.27554,311.88,290.77,0.45,0.55,2026-02-28,803,n,3.12,D
26.12453,82.49089,310.62,286.38,0.45,0.55,2026-02-28,781,n,3.93,D
26.4997,80.12912,314.02,288.99,0.45,0.55,2026-02-28,770,n,6.49,D
26.16778,84.40193,313.07,289.67,0.45,0.55,2026-02-28,824,n,4.8,D
26.39405,82.09563,314.95,290.19,0.45,0.55,2026-02-28,825,n,5.52,D
25.07884,81.11161,316.91,290.84,0.45,0.55,2026-02-28,753,n,11.26,D
26.41425,80.81687,311.2,284.09,0.45,0.55,2026-02-28,822,n,10.49,D
26.31447,81.92947,312.07,289.23,0.45,0.55,2026-02-28,777,n,8.91,D
26.61435,82.86511,314.67,288.77,0.45,0.55,2026-02-28,821,n,6.14,D
26.65139,84.48709,319.92,288.85,0.45,0.55,2026-02-28,760,n,8.03,D
25.07041,83.4309,317.36,288.18,0.45,0.55,2026-02-28,826,n,8.42,D
25.08266,81.44473,312.8,290.53,0.45,0.55,2026-03-01,731,n,7.65,D
25.85047,82.47431,315.1,284.96,0.45,0.55,2026-03-01,816,n,11.45,D
26.98834,84.28957,313.5,286.54,0.45,0.55,2026-03-01,731,n,8.28,D
26.49943,80.13126,317.03,288.72,0.45,0.55,2026-03-01,773,n,7.39,D
25.73036,84.06474,313.11,288.66,0.45,0.55,2026-03-01,732,n,8.18,D
25.08302,81.44486,315.14,289.78,0.45,0.55,2026-03-02,731,n,4.93,D
25.55303,84.15624,312.37,285.97,0.45,0.55,2026-03-02,819,n,7.52,D
26.06526,81.76466,315.5,286.94,0.45,0.55,2026-03-02,778,n,7.23,D
27.02364,80.35862,314.54,285.23,0.45,0.55,2026-03-02,748,n,10.34,D
26.75369,81.85985,314.73,288.59,0.45,0.55,2026-03-02,761,n,7.49,D
25.06513,82.16532,309.19,286.53,0.45,0.55,2026-03-02,809,n,3.73,D
27.033,81.65237,312.19,288.65,0.45,0.55,2026-03-02,811,n,3.94,D
25.0811,81.11083,321.03,289.96,0.45,0.55,2026-03-02,815,n,10.85,D
26.44027,84.12065,312.05,287.97,0.45,0.55,2026-03-02,769,n,4.51,D
26.41475,80.81743,312.96,290.0,0.45,0.55,2026-03-02,800,n,9.51,D
26.31463,81.92959,313.06,288.79,0.45,0.55,2026-03-02,736,n,5.0,D
25.06732,83.43063,315.49,288.3,0.45,0.55,2026-03-02,800,n,6.58,D
25.85082,82.47532,316.99,287.83,0.45,0.55,2026-03-03,813,n,8.66,D
27.25903,80.97506,311.15,284.09,0.45,0.55,2026-03-03,820,n,3.99,D
26.64191,83.95097,310.29,290.98,0.45,0.55,2026-03-03,812,n,3.01,D
27.35778,84.26092,310.08,288.19,0.45,0.55,2026-03-03,789,n,3.23,D
25.0584,83.89916,313.28,286.11,0.45,0.55,2026-03-03,808,n,4.02,D
26.39453,81.5201,311.4,287.5,0.45,0.55,2026-03-03,772,n,4.98,D
26.84899,81.83186,314.46,286.78,0.45,0.55,2026-03-03,758,n,11.97,D
27.02337,80.35933,316.68,287.6,0.45,0.55,2026-03-03,793,n,6.29,D
26.84103,83.02873,311.74,290.54,0.45,0.55,2026-03-03,759,n,4.37,D
26.23811,81.22603,311.3,287.8,0.45,0.55,2026-03-03,765,n,4.39,D
25.38654,82.03859,314.86,285.42,0.45,0.55,2026-03-03,816,n,7.95,D
25.08012,81.11095,313.74,289.92,0.45,0.55,2026-03-03,774,n,8.69,D
26.31501,81.92759,314.54,285.84,0.45,0.55,2026-03-03,762,n,6.91,D
26.61519,82.865,314.5,287.31,0.45,0.55,2026-03-03,826,n,6.27,D
25.45047,81.60845,314.52,287.59,0.45,0.55,2026-03-04,789,n,7.63,D
26.06799,81.76513,313.83,287.63,0.45,0.55,2026-03-04,766,n,8.26,D
25.51433,80.2646,313.77,288.19,0.45,0.55,2026-03-04,819,n,8.68,D
26.84886,81.8317,317.98,288.06,0.45,0.55,2026-03-04,810,n,8.12,D
27.02398,80.35823,309.28,288.47,0.45,0.55,2026-03-04,819,n,3.79,D
25.61879,81.27668,316.05,289.36,0.45,0.55,2026-03-04,776,n,8.93,D
26.12457,82.49087,314.41,288.67,0.45,0.55,2026-03-04,759,n,10.1,D
25.72157,81.09728,314.7,286.44,0.45,0.55,2026-03-04,772,n,11.71,D
27.03183,81.65299,316.62,290.3,0.45,0.55,2026-03-04,771,n,8.94,D
25.72997,84.06405,318.14,290.08,0.45,0.55,2026-03-04,735,n,10.43,D
25.44918,82.3471,314.01,287.8,0.45,0.55,2026-03-04,815,n,6.03,D
26.31623,81.92755,314.54,289.02,0.45,0.55,2026-03-04,777,n,11.05,D
25.07006,83.43103,314.58,287.98,0.45,0.55,2026-03-04,812,n,7.41,D
25.37467,84.37187,312.63,288.24,0.45,0.55,2026-03-05,758,n,3.62,D
25.05797,83.89877,310.65,289.64,0.45,0.55,2026-03-05,820,n,3.82,D
25.51457,80.26259,319.14,284.74,0.45,0.55,2026-03-05,774,n,11.74,D
27.02214,80.36054,315.42,288.8,0.45,0.55,2026-03-05,775,n,10.84,D
26.75232,81.859,315.31,285.19,0.45,0.55,2026-03-05,828,n,8.25,D
26.98794,84.29192,312.24,288.21,0.45,0.55,2026-03-05,806,n,7.62,D
26.84259,83.0285,314.44,289.09,0.45,0.55,2026-03-05,777,n,9.66,D
26.12454,82.49194,316.65,285.44,0.45,0.55,2026-03-05,797,n,9.53,D
27.03097,81.65296,317.06,287.99,0.45,0.55,2026-03-05,731,n,8.79,D
25.80548,82.01078,315.76,283.45,0.45,0.55,2026-03-05,802,n,4.4,D
26.21668,82.9213,313.98,288.61,0.45,0.55,2026-03-05,786,n,10.09,D
26.39483,82.09493,315.43,288.23,0.45,0.55,2026-03-05,753,n,8.0,D
26.41438,80.81452,318.62,286.95,0.45,0.55,2026-03-05,735,n,7.93,D
26.64943,84.48752,314.66,286.44,0.45,0.55,2026-03-05,750,n,8.03,D
25.06706,83.42974,313.68,288.57,0.45,0.55,2026-03-05,829,n,11.21,D
26.45033,84.45949,313.24,286.52,0.45,0.55,2026-03-06,752,n,7.0,D
27.25455,80.97556,315.61,286.44,0.45,0.55,2026-03-06,826,n,8.06,D
25.54927,84.15664,313.63,287.78,0.45,0.55,2026-03-06,782,n,3.19,D
26.86925,83.41843,310.37,287.3,0.45,0.55,2026-03-06,747,n,7.33,D
26.39555,81.5201,314.74,281.9,0.45,0.55,2026-03-06,820,n,11.72,D
27.02294,80.35905,311.26,288.82,0.45,0.55,2026-03-06,783,n,3.45,D
25.61776,81.2741,309.95,288.01,0.45,0.55,2026-03-06,760,n,4.83,D
26.7551,81.86076,316.48,290.71,0.45,0.55,2026-03-06,802,n,11.63,D
27.03211,81.65202,318.49,289.79,0.45,0.55,2026-03-06,810,n,8.71,D
26.2146,82.92144,315.62,286.43,0.45,0.55,2026-03-06,748,n,7.42,D
26.6488,84.48823,317.63,287.41,0.45,0.55,2026-03-06,766,n,11.44,D
25.06958,83.42882,311.58,287.18,0.45,0.55,2026-03-06,751,n,3.95,D
25.08271,81.44542,321.22,287.46,0.45,0.55,2026-03-07,804,n,11.0,D
27.33335,83.00217,313.48,287.92,0.45,0.55,2026-03-07,758,n,8.26,D
25.44908,81.60753,312.14,285.61,0.45,0.55,2026-03-07,801,n,5.38,D
26.39494,81.52204,314.92,288.47,0.45,0.55,2026-03-07,805,n,11.15,D
25.61896,81.27472,315.71,287.73,0.45,0.55,2026-03-07,813,n,9.59,D
26.75286,81.86078,314.7,287.75,0.45,0.55,2026-03-07,758,n,8.25,D
26.98859,84.2907,312.28,288.33,0.45,0.55,2026-03-07,759,n,3.53,D
26.84304,83.02973,317.47,287.73,0.45,0.55,2026-03-07,739,n,11.05,D
26.12361,82.4917,316.0,287.27,0.45,0.55,2026-03-07,789,n,7.22,D
25.72115,81.09864,315.28,288.6,0.45,0.55,2026-03-07,807,n,9.53,D
25.72907,84.06313,312.57,287.51,0.45,0.55,2026-03-07,742,n,6.49,D
26.05923,84.12806,315.63,289.41,0.45,0.55,2026-03-07,793,n,11.73,D
26.39546,82.09376,316.55,286.85,0.45,0.55,2026-03-07,739,n,5.73,D
26.41456,80.81831,317.51,287.19,0.45,0.55,2026-03-07,738,n,9.06,D
26.45165,84.4601,315.74,290.4,0.45,0.55,2026-03-08,737,n,7.21,D
26.7338,83.9223,314.48,290.63,0.45,0.55,2026-03-08,818,n,6.23,D
26.86962,83.41681,316.97,290.51,0.45,0.55,2026-03-08,779,n,6.22,D
27.2524,82.65916,312.98,284.44,0.45,0.55,2026-03-08,751,n,10.17,D
26.84781,81.83233,317.83,291.3,0.45,0.55,2026-03-08,739,n,11.89,D
27.02337,80.35939,313.8,286.16,0.45,0.55,2026-03-08,824,n,6.52,D
25.0574,82.98623,314.02,289.7,0.45,0.55,2026-03-08,829,n,8.11,D
26.24042,81.22634,313.41,281.48,0.45,0.55,2026-03-08,740,n,8.6,D
26.16678,84.40234,314.64,286.76,0.45,0.55,2026-03-08,823,n,6.6,D
26.46731,83.20041,318.75,288.6,0.45,0.55,2026-03-08,750,n,11.65,D
26.31586,81.9277,315.94,288.34,0.45,0.55,2026-03-08,817,n,8.82,D
26.45036,84.45962,315.7,288.74,0.45,0.55,2026-03-09,789,n,7.01,D
27.33632,83.00226,318.04,284.95,0.45,0.55,2026-03-09,778,n,11.58,D
25.55107,84.15737,314.45,289.95,0.45,0.55,2026-03-09,746,n,4.71,D
25.05893,83.89873,315.59,284.67,0.45,0.55,2026-03-09,791,n,6.98,D
26.84965,81.83028,314.33,288.13,0.45,0.55,2026-03-09,805,n,6.89,D
25.05781,82.98498,317.8,288.35,0.45,0.55,2026-03-09,805,n,8.85,D
26.84048,83.03146,314.79,286.2,0.45,0.55,2026-03-09,788,n,9.35,D
25.06523,82.16125,317.0,287.69,0.45,0.55,2026-03-09,762,n,8.79,D
26.23868,81.22584,316.87,283.33,0.45,0.55,2026-03-09,739,n,8.28,D
25.59049,81.87085,320.27,286.93,0.45,0.55,2026-03-09,765,n,9.4,D
25.37182,84.37176,313.14,288.74,0.45,0.55,2026-03-10,756,n,6.23,D
27.35742,84.26011,316.12,288.01,0.45,0.55,2026-03-10,791,n,5.08,D
25.05753,83.89921,313.23,285.89,0.45,0.55,2026-03-10,792,n,5.37,D
26.7351,83.92227,313.08,285.8,0.45,0.55,2026-03-10,816,n,8.46,D
25.51432,80.26347,320.24,289.92,0.45,0.55,2026-03-10,786,n,10.81,D
26.8489,81.82956,309.79,286.81,0.45,0.55,2026-03-10,731,n,4.66,D
25.05711,82.98358,315.02,285.01,0.45,0.55,2026-03-10,797,n,8.03,D
26.12475,82.49303,313.65,286.58,0.45,0.55,2026-03-10,750,n,6.23,D
25.06535,82.16276,311.67,290.84,0.45,0.55,2026-03-10,821,n,9.67,D
25.80397,82.00981,319.18,286.88,0.45,0.55,2026-03-10,792,n,10.43,D
26.16747,84.4027,314.16,286.94,0.45,0.55,2026-03-10,822,n,7.21,D
25.38597,82.03837,312.12,290.64,0.45,0.55,2026-03-10,734,n,6.89,D
25.44885,82.34416,314.95,288.05,0.45,0.55,2026-03-10,774,n,11.16,D
26.46397,83.20187,313.55,289.58,0.45,0.55,2026-03-10,750,n,4.42,D
25.59072,81.87125,313.7,286.25,0.45,0.55,2026-03-10,733,n,3.09,D
26.31519,81.92951,314.06,288.23,0.45,0.55,2026-03-10,807,n,8.28,D
26.61333,82.86566,316.26,286.37,0.45,0.55,2026-03-10,812,n,6.99,D
27.25602,80.97625,315.91,288.52,0.45,0.55,2026-03-11,736,n,10.8,D
26.39395,81.52198,312.03,289.22,0.45,0.55,2026-03-11,802,n,4.16,D
25.61918,81.27377,318.65,288.68,0.45,0.55,2026-03-11,829,n,9.22,D
25.80561,82.01139,313.83,287.75,0.45,0.55,2026-03-11,811,n,11.6,D
25.72773,84.06387,318.26,285.68,0.45,0.55,2026-03-11,746,n,7.72,D
25.44911,82.34727,317.09,284.74,0.45,0.55,2026-03-11,755,n,11.73,D
26.06193,84.12673,311.78,287.73,0.45,0.55,2026-03-11,784,n,7.45,D
26.39398,82.0951,313.19,286.53,0.45,0.55,2026-03-11,738,n,8.8,D
25.07986,81.11001,314.03,289.6,0.45,0.55,2026-03-11,748,n,6.64,D
26.41501,80.81463,314.39,286.57,0.45,0.55,2026-03-11,733,n,9.73,D
26.31438,81.93006,316.52,284.77,0.45,0.55,2026-03-11,796,n,11.14,D
26.61456,82.86609,315.39,287.71,0.45,0.55,2026-03-11,732,n,6.29,D
25.06742,83.43223,314.98,286.44,0.45,0.55,2026-03-11,820,n,9.56,D
26.44742,84.45867,315.59,286.16,0.45,0.55,2026-03-12,819,n,11.35,D
25.45088,81.60558,314.64,283.66,0.45,0.55,2026-03-12,772,n,11.71,D
27.35813,84.25973,314.46,287.75,0.45,0.55,2026-03-12,740,n,10.99,D
26.73338,83.92317,312.48,288.01,0.45,0.55,2026-03-12,765,n,4.58,D
26.15541,84.4178,314.06,290.08,0.45,0.55,2026-03-12,810,n,11.5,D
26.39531,81.52227,312.98,289.37,0.45,0.55,2026-03-12,773,n,3.33,D
26.8491,81.83108,318.94,288.94,0.45,0.55,2026-03-12,775,n,10.75,D
25.61867,81.27666,313.37,285.38,0.45,0.55,2026-03-12,812,n,6.82,D
25.05872,82.98604,317.07,284.45,0.45,0.55,2026-03-12,759,n,6.66,D
25.56111,82.10341,314.64,288.34,0.45,0.55,2026-03-12,795,n,11.48,D
25.72916,84.0653,315.97,287.61,0.45,0.55,2026-03-12,758,n,5.91,D
26.39416,82.09661,315.21,285.4,0.45,0.55,2026-03-12,818,n,5.22,D
25.58699,81.87005,306.68,290.4,0.45,0.55,2026-03-12,760,n,6.2,D
26.41558,80.81627,318.35,285.31,0.45,0.55,2026-03-12,778,n,9.15,D
26.61359,82.86528,310.1,287.84,0.45,0.55,2026-03-12,785,n,5.78,D
25.06896,83.43101,313.17,288.77,0.45,0.55,2026-03-12,768,n,6.59,D
27.41962,82.81869,316.4,286.66,0.45,0.55,2026-03-13,746,n,11.92,D
25.85109,82.47747,311.64,283.0,0.45,0.55,2026-03-13,743,n,4.03,D
25.37348,84.37212,311.97,287.74,0.45,0.55,2026-03-13,747,n,7.07,D
27.35755,84.26013,309.9,287.12,0.45,0.55,2026-03-13,755,n,3.88,D
25.05912,83.90076,317.18,286.15,0.45,0.55,2026-03-13,730,n,7.72,D
26.1531,84.41628,316.17,283.75,0.45,0.55,2026-03-13,816,n,10.16,D
26.06619,81.76554,313.0,289.86,0.45,0.55,2026-03-13,756,n,4.38,D
27.02241,80.35924,312.1,289.5,0.45,0.55,2026-03-13,827,n,4.31,D
25.05861,82.98702,317.05,286.19,0.45,0.55,2026-03-13,752,n,11.12,D
26.84248,83.02965,314.02,288.54,0.45,0.55,2026-03-13,788,n,7.91,D
25.72073,81.09995,314.02,285.5,0.45,0.55,2026-03-13,810,n,8.77,D
25.06543,82.16465,320.83,284.85,0.45,0.55,2026-03-13,742,n,11.22,D
25.80316,82.01046,311.36,287.78,0.45,0.55,2026-03-13,732,n,3.1,D
26.50099,80.12809,312.74,290.52,0.45,0.55,2026-03-13,781,n,3.18,D
26.39503,82.09367,312.68,289.42,0.45,0.55,2026-03-13,735,n,4.8,D
26.44936,84.46018,315.89,286.53,0.45,0.55,2026-03-14,769,n,10.09,D
27.25591,80.97521,314.24,290.45,0.45,0.55,2026-03-14,801,n,8.94,D
27.35844,84.2607,311.39,286.71,0.45,0.55,2026-03-14,735,n,4.16,D
25.05727,83.89902,310.77,293.22,0.45,0.55,2026-03-14,738,n,4.16,D
26.15394,84.41693,314.27,288.38,0.45,0.55,2026-03-14,772,n,10.0,D
25.51455,80.26031,311.96,290.03,0.45,0.55,2026-03-14,753,n,9.43,D
26.39597,81.52266,317.83,286.86,0.45,0.55,2026-03-14,760,n,10.41,D
26.84827,81.83197,316.07,282.31,0.45,0.55,2026-03-14,734,n,7.75,D
25.72121,81.09852,315.24,290.01,0.45,0.55,2026-03-14,781,n,10.52,D
25.06578,82.16467,316.88,285.01,0.45,0.55,2026-03-14,797,n,9.78,D
26.21588,82.91879,319.53,289.19,0.45,0.55,2026-03-14,730,n,11.33,D
26.39313,82.09494,316.41,287.67,0.45,0.55,2026-03-14,816,n,10.59,D
27.41999,82.81902,314.56,288.58,0.45,0.55,2026-03-15,781,n,5.25,D
25.54964,84.15765,315.46,288.49,0.45,0.55,2026-03-15,809,n,7.11,D
25.05688,83.89836,312.27,289.61,0.45,0.55,2026-03-15,762,n,5.63,D
26.15398,84.41359,318.58,288.37,0.45,0.55,2026-03-15,742,n,11.85,D
25.61864,81.27503,313.2,291.05,0.45,0.55,2026-03-15,789,n,3.76,D
26.75459,81.86079,311.05,291.0,0.45,0.55,2026-03-15,764,n,3.54,D
26.98892,84.29159,310.8,287.21,0.45,0.55,2026-03-15,757,n,4.56,D
25.72137,81.09677,312.25,285.75,0.45,0.55,2026-03-15,735,n,7.85,D
25.80464,82.00933,315.47,287.73,0.45,0.55,2026-03-15,806,n,11.76,D
26.23825,81.22769,318.38,287.79,0.45,0.55,2026-03-15,829,n,10.91,D
25.72882,84.06396,313.87,288.64,0.45,0.55,2026-03-15,798,n,5.2,D
25.07872,81.10973,314.2,287.37,0.45,0.55,2026-03-15,780,n,7.44,D
25.58993,81.87264,312.77,288.84,0.45,0.55,2026-03-15,808,n,7.4,D
26.41426,80.8167,316.93,285.94,0.45,0.55,2026-03-15,762,n,7.21,D
26.65004,84.49021,313.41,284.03,0.45,0.55,2026-03-15,802,n,5.17,D
25.06779,83.42813,313.69,287.71,0.45,0.55,2026-03-15,736,n,4.76,D
25.05896,83.89992,318.82,293.89,0.45,0.55,2026-03-16,732,n,11.97,D
26.73355,83.92153,313.53,286.46,0.45,0.55,2026-03-16,734,n,9.8,D
26.87096,83.41702,316.62,288.54,0.45,0.55,2026-03-16,756,n,8.07,D
26.39582,81.52172,314.6,287.9,0.45,0.55,2026-03-16,739,n,6.92,D
27.02218,80.359,315.8,283.94,0.45,0.55,2026-03-16,731,n,5.52,D
26.23917,81.22746,314.13,287.82,0.45,0.55,2026-03-16,808,n,8.15,D
26.06044,84.12778,310.77,285.34,0.45,0.55,2026-03-16,758,n,4.66,D
26.46532,83.2023,314.02,288.37,0.45,0.55,2026-03-16,765,n,10.1,D
26.31533,81.9286,316.0,287.37,0.45,0.55,2026-03-16,731,n,10.77,D
25.84842,82.47597,314.46,288.23,0.45,0.55,2026-03-17,803,n,9.1,D
26.64072,83.95208,316.39,288.66,0.45,0.55,2026-03-17,827,n,7.76,D
25.05695,83.89904,314.93,288.48,0.45,0.55,2026-03-17,758,n,10.11,D
26.73455,83.92137,316.82,289.11,0.45,0.55,2026-03-17,816,n,11.92,D
26.15357,84.41393,315.65,286.43,0.45,0.55,2026-03-17,734,n,9.91,D
25.51453,80.26174,310.19,290.06,0.45,0.55,2026-03-17,747,n,7.38,D
26.99007,84.29178,318.03,285.36,0.45,0.55,2026-03-17,779,n,9.25,D
26.12369,82.49087,315.83,288.41,0.45,0.55,2026-03-17,821,n,8.36,D
26.23961,81.22845,317.67,287.31,0.45,0.55,2026-03-17,821,n,9.27,D
26.21503,82.92224,313.07,289.21,0.45,0.55,2026-03-17,743,n,5.08,D
26.16474,84.40407,311.95,289.78,0.45,0.55,2026-03-17,753,n,4.7,D
25.38712,82.03799,310.95,286.33,0.45,0.55,2026-03-17,823,n,4.82,D
26.44123,84.12268,310.92,288.09,0.45,0.55,2026-03-17,805,n,3.66,D
26.41669,80.81559,312.73,287.62,0.45,0.55,2026-03-17,738,n,7.58,D
26.61466,82.86645,312.71,285.55,0.45,0.55,2026-03-17,740,n,8.45,D
25.08283,81.445,312.24,287.08,0.45,0.55,2026-03-18,822,n,7.15,D
26.45004,84.45927,316.92,284.17,0.45,0.55,2026-03-18,750,n,11.89,D
27.25311,80.97552,313.51,288.4,0.45,0.55,2026-03-18,748,n,7.2,D
25.51305,80.26277,313.36,287.93,0.45,0.55,2026-03-18,730,n,6.38,D
26.39511,81.52239,315.33,286.83,0.45,0.55,2026-03-18,816,n,5.4,D
26.98863,84.29276,315.81,287.32,0.45,0.55,2026-03-18,821,n,6.93,D
25.7201,81.09673,316.48,287.03,0.45,0.55,2026-03-18,790,n,9.86,D
27.02974,81.65199,318.29,288.37,0.45,0.55,2026-03-18,744,n,11.4,D
26.16528,84.40157,311.86,284.4,0.45,0.55,2026-03-18,823,n,4.57,D
25.38798,82.03948,318.95,287.0,0.45,0.55,2026-03-18,793,n,9.91,D
25.44859,82.34571,312.78,290.75,0.45,0.55,2026-03-18,777,n,3.09,D
26.44041,84.12017,319.71,288.35,0.45,0.55,2026-03-18,744,n,7.16,D
26.41496,80.81694,313.71,286.8,0.45,0.55,2026-03-18,804,n,7.08,D
25.08263,81.44439,313.58,284.26,0.45,0.55,2026-03-19,812,n,5.6,D
25.84998,82.47569,318.25,289.68,0.45,0.55,2026-03-19,730,n,10.43,D
27.25467,80.97609,315.57,289.77,0.45,0.55,2026-03-19,788,n,3.29,D
25.45114,81.60886,312.91,285.22,0.45,0.55,2026-03-19,759,n,4.8,D
27.35755,84.26018,316.04,286.18,0.45,0.55,2026-03-19,795,n,10.45,D
25.05792,83.8986,311.39,289.36,0.45,0.55,2026-03-19,772,n,5.85,D
25.51516,80.262,316.15,289.08,0.45,0.55,2026-03-19,772,n,8.08,D
26.39664,81.52296,316.56,288.74,0.45,0.55,2026-03-19,806,n,8.49,D
27.02233,80.35952,314.0,283.88,0.45,0.55,2026-03-19,828,n,4.93,D
25.61928,81.27517,311.72,283.87,0.45,0.55,2026-03-19,823,n,6.57,D
26.12305,82.49315,313.11,287.32,0.45,0.55,2026-03-19,802,n,4.12,D
25.72028,81.09814,312.18,287.64,0.45,0.55,2026-03-19,788,n,4.57,D
27.03027,81.65218,313.71,287.06,0.45,0.55,2026-03-19,776,n,7.26,D
26.23959,81.22693,314.9,287.72,0.45,0.55,2026-03-19,826,n,10.32,D
25.08051,81.11038,315.53,289.83,0.45,0.55,2026-03-19,739,n,4.85,D
26.64236,83.95143,314.05,290.78,0.45,0.55,2026-03-20,776,n,11.09,D
25.45017,81.60786,311.64,286.82,0.45,0.55,2026-03-20,815,n,4.63,D
25.51372,80.26161,313.39,287.54,0.45,0.55,2026-03-20,786,n,4.85,D
27.25482,82.65988,310.84,290.18,0.45,0.55,2026-03-20,777,n,5.18,D
26.1251,82.49014,316.05,287.26,0.45,0.55,2026-03-20,770,n,7.65,D
26.23994,81.22772,314.68,286.54,0.45,0.55,2026-03-20,777,n,7.04,D
26.16581,84.40008,318.67,286.87,0.45,0.55,2026-03-20,780,n,11.33,D
25.38777,82.03881,311.69,285.21,0.45,0.55,2026-03-20,750,n,3.5,D
25.44754,82.3465,313.49,288.96,0.45,0.55,2026-03-20,774,n,8.17,D
25.07913,81.10925,316.99,287.37,0.45,0.55,2026-03-20,791,n,10.04,D
26.41338,80.81743,315.46,288.33,0.45,0.55,2026-03-20,786,n,11.19,D
26.31469,81.92942,318.53,285.59,0.45,0.55,2026-03-20,815,n,9.24,D
25.06957,83.42958,314.87,284.18,0.45,0.55,2026-03-20,778,n,5.38,D
26.45057,84.45863,320.89,287.32,0.45,0.55,2026-03-21,807,n,11.5,D
26.0679,81.76414,317.81,287.23,0.45,0.55,2026-03-21,803,n,8.06,D
25.51368,80.26267,319.44,289.37,0.45,0.55,2026-03-21,783,n,9.28,D
27.25397,82.6592,313.86,287.98,0.45,0.55,2026-03-21,790,n,4.53,D
26.84819,81.83246,315.89,285.5,0.45,0.55,2026-03-21,829,n,9.76,D
26.75216,81.85885,311.21,289.05,0.45,0.55,2026-03-21,749,n,3.81,D
25.7206,81.10127,316.15,285.93,0.45,0.55,2026-03-21,769,n,4.75,D
25.06462,82.16386,313.33,292.18,0.45,0.55,2026-03-21,790,n,7.33,D
26.23879,81.22775,308.56,282.22,0.45,0.55,2026-03-21,741,n,5.14,D
25.38635,82.03807,314.19,291.05,0.45,0.55,2026-03-21,740,n,8.57,D
25.72899,84.06521,317.83,287.86,0.45,0.55,2026-03-21,806,n,8.57,D
26.05965,84.12867,315.41,286.55,0.45,0.55,2026-03-21,788,n,6.51,D
26.41506,80.81735,312.06,286.23,0.45,0.55,2026-03-21,814,n,5.98,D
25.08051,81.44673,312.26,289.07,0.45,0.55,2026-03-22,748,n,4.46,D
26.44954,84.4615,314.68,287.13,0.45,0.55,2026-03-22,778,n,7.24,D
25.05841,83.89824,307.46,289.81,0.45,0.55,2026-03-22,784,n,5.37,D
26.73444,83.92211,315.16,285.85,0.45,0.55,2026-03-22,790,n,7.69,D
27.2534,82.65543,315.09,290.26,0.45,0.55,2026-03-22,750,n,6.48,D
25.71981,81.09769,314.88,286.78,0.45,0.55,2026-03-22,826,n,11.68,D
26.24021,81.22785,311.92,286.77,0.45,0.55,2026-03-22,796,n,4.85,D
26.39466,82.09557,311.78,286.28,0.45,0.55,2026-03-22,731,n,4.49,D
25.0807,81.10992,309.84,290.2,0.45,0.55,2026-03-22,799,n,5.22,D
25.59032,81.87065,315.17,287.97,0.45,0.55,2026-03-22,796,n,9.26,D
26.31356,81.93126,314.26,286.3,0.45,0.55,2026-03-22,741,n,8.29,D
26.61323,82.86551,316.65,286.92,0.45,0.55,2026-03-22,757,n,9.59,D
25.06884,83.43046,316.62,284.62,0.45,0.55,2026-03-22,812,n,10.22,D
26.44891,84.45951,313.22,286.67,0.45,0.55,2026-03-23,760,n,7.0,D
27.41842,82.81691,316.43,290.73,0.45,0.55,2026-03-23,812,n,7.4,D
27.33492,83.00383,308.94,289.92,0.45,0.55,2026-03-23,795,n,3.47,D
27.35851,84.25936,311.36,285.23,0.45,0.55,2026-03-23,755,n,3.8,D
26.15443,84.41732,316.76,288.24,0.45,0.55,2026-03-23,808,n,10.42,D
26.86925,83.41803,312.51,289.16,0.45,0.55,2026-03-23,746,n,4.87,D
26.39464,81.52046,311.35,287.83,0.45,0.55,2026-03-23,731,n,5.84,D
27.02256,80.3584,310.1,287.04,0.45,0.55,2026-03-23,751,n,3.68,D
26.75502,81.86044,316.94,285.21,0.45,0.55,2026-03-23,792,n,12.0,D
25.56253,82.10246,310.27,291.98,0.45,0.55,2026-03-23,769,n,3.39,D
26.49986,80.12871,313.87,287.19,0.45,0.55,2026-03-23,803,n,11.68,D
26.16833,84.40144,314.24,289.15,0.45,0.55,2026-03-23,750,n,6.45,D
25.44929,82.34634,317.36,288.02,0.45,0.55,2026-03-23,762,n,10.9,D
25.58863,81.87225,315.98,285.59,0.45,0.55,2026-03-23,816,n,6.92,D
26.44888,84.45946,310.94,288.19,0.45,0.55,2026-03-24,803,n,6.82,D
25.85057,82.47415,314.43,287.86,0.45,0.55,2026-03-24,776,n,7.69,D
25.45102,81.60643,312.68,290.75,0.45,0.55,2026-03-24,737,n,10.28,D
25.05836,83.89886,315.22,288.77,0.45,0.55,2026-03-24,762,n,6.8,D
26.87113,83.41754,312.53,286.69,0.45,0.55,2026-03-24,751,n,4.11,D
26.06858,81.76612,312.44,284.56,0.45,0.55,2026-03-24,743,n,6.6,D
27.25571,82.65775,313.62,286.86,0.45,0.55,2026-03-24,785,n,8.86,D
27.02234,80.35952,316.13,284.43,0.45,0.55,2026-03-24,739,n,7.84,D
25.05711,82.98595,314.86,290.59,0.45,0.55,2026-03-24,823,n,6.47,D
26.1231,82.48967,314.4,291.55,0.45,0.55,2026-03-24,805,n,11.79,D
25.72014,81.09813,317.53,288.72,0.45,0.55,2026-03-24,794,n,11.05,D
25.06563,82.16386,308.49,288.51,0.45,0.55,2026-03-24,823,n,3.14,D
26.46542,83.20277,315.0,288.15,0.45,0.55,2026-03-24,794,n,7.9,D
25.08036,81.11083,313.3,287.33,0.45,0.55,2026-03-24,809,n,10.49,D
26.31519,81.92793,313.26,285.8,0.45,0.55,2026-03-24,756,n,6.32,D
25.37335,84.37075,315.76,285.65,0.45,0.55,2026-03-25,777,n,9.72,D
27.25532,80.97624,310.61,286.46,0.45,0.55,2026-03-25,809,n,3.46,D
26.6424,83.94989,313.74,286.55,0.45,0.55,2026-03-25,736,n,6.3,D
26.15462,84.4159,310.04,283.41,0.45,0.55,2026-03-25,772,n,4.62,D
26.87113,83.41624,315.89,288.83,0.45,0.55,2026-03-25,827,n,4.35,D
26.06617,81.76645,314.03,291.21,0.45,0.55,2026-03-25,796,n,5.07,D
26.39449,81.52042,311.24,289.67,0.45,0.55,2026-03-25,794,n,3.25,D
25.61812,81.2743,314.0,289.18,0.45,0.55,2026-03-25,764,n,3.15,D
26.98789,84.29072,312.76,287.99,0.45,0.55,2026-03-25,744,n,4.8,D
25.56433,82.10353,314.12,290.72,0.45,0.55,2026-03-25,740,n,8.77,D
25.80405,82.01042,314.42,287.74,0.45,0.55,2026-03-25,743,n,4.06,D
26.50018,80.12999,307.98,287.84,0.45,0.55,2026-03-25,772,n,3.59,D
26.21483,82.92249,314.68,285.76,0.45,0.55,2026-03-25,823,n,11.52,D
25.72839,84.06719,320.38,288.78,0.45,0.55,2026-03-25,732,n,8.37,D
25.44987,82.3477,313.07,289.37,0.45,0.55,2026-03-25,731,n,3.23,D
26.0599,84.12721,311.85,285.91,0.45,0.55,2026-03-25,811,n,3.24,D
26.46659,83.20139,311.87,286.2,0.45,0.55,2026-03-25,738,n,7.01,D
25.07902,81.1107,315.74,284.94,0.45,0.55,2026-03-25,736,n,7.68,D
25.59113,81.86975,316.67,291.17,0.45,0.55,2026-03-25,817,n,7.05,D
26.44129,84.12173,312.56,286.82,0.45,0.55,2026-03-25,807,n,8.61,D
26.41638,80.8153,313.59,289.24,0.45,0.55,2026-03-25,739,n,6.71,D
26.45095,84.45941,314.07,288.28,0.45,0.55,2026-03-26,772,n,4.67,D
27.33587,83.00176,314.87,288.63,0.45,0.55,2026-03-26,738,n,8.45,D
27.25628,80.97488,314.04,288.52,0.45,0.55,2026-03-26,811,n,6.79,D
26.6431,83.95045,310.96,290.53,0.45,0.55,2026-03-26,736,n,3.33,D
25.5497,84.15424,312.62,291.0,0.45,0.55,2026-03-26,821,n,4.55,D
27.35768,84.25876,316.05,288.68,0.45,0.55,2026-03-26,813,n,7.25,D
26.87176,83.41703,317.2,288.85,0.45,0.55,2026-03-26,774,n,9.76,D
25.51269,80.26132,317.42,286.66,0.45,0.55,2026-03-26,739,n,4.51,D
27.02413,80.3597,314.37,289.24,0.45,0.55,2026-03-26,779,n,4.23,D
26.75274,81.86,309.8,289.12,0.45,0.55,2026-03-26,738,n,3.08,D
26.12586,82.49173,320.52,291.08,0.45,0.55,2026-03-26,798,n,11.93,D
27.03167,81.65238,312.99,286.93,0.45,0.55,2026-03-26,774,n,7.0,D
26.21606,82.91982,311.85,286.22,0.45,0.55,2026-03-26,754,n,3.81,D
26.46699,83.20081,311.68,287.48,0.45,0.55,2026-03-26,810,n,6.13,D
25.08327,81.44473,313.06,290.02,0.45,0.55,2026-03-27,786,n,7.92,D
25.85016,82.47325,314.3,284.97,0.45,0.55,2026-03-27,799,n,10.86,D
27.33491,83.0015,312.16,287.61,0.45,0.55,2026-03-27,741,n,3.56,D
25.05959,83.8996,315.32,286.12,0.45,0.55,2026-03-27,795,n,8.02,D
26.06771,81.76543,316.36,287.49,0.45,0.55,2026-03-27,811,n,5.12,D
26.39564,81.5202,317.98,286.6,0.45,0.55,2026-03-27,732,n,10.09,D
27.0254,80.3579,315.47,285.19,0.45,0.55,2026-03-27,765,n,7.81,D
25.61717,81.27696,311.42,288.14,0.45,0.55,2026-03-27,815,n,9.56,D
26.12399,82.49075,314.66,289.04,0.45,0.55,2026-03-27,751,n,8.83,D
25.80369,82.01202,311.43,289.73,0.45,0.55,2026-03-27,758,n,3.06,D
26.16592,84.40151,317.72,287.41,0.45,0.55,2026-03-27,826,n,9.14,D
26.46715,83.20135,313.13,290.3,0.45,0.55,2026-03-27,771,n,4.38,D
26.3154,81.92899,315.52,286.69,0.45,0.55,2026-03-27,747,n,7.78,D
26.65083,84.4883,316.8,287.25,0.45,0.55,2026-03-27,787,n,10.3,D
25.06884,83.43132,314.23,289.87,0.45,0.55,2026-03-27,824,n,8.9,D
25.08247,81.44466,313.68,289.42,0.45,0.55,2026-03-28,777,n,9.05,D
27.33637,83.00211,315.06,289.18,0.45,0.55,2026-03-28,771,n,7.23,D
25.37245,84.37162,315.2,288.45,0.45,0.55,2026-03-28,755,n,7.33,D
27.25636,80.97533,313.99,286.62,0.45,0.55,2026-03-28,756,n,5.16,D
25.55227,84.15539,315.67,284.25,0.45,0.55,2026-03-28,744,n,3.2,D
25.05801,83.89891,314.22,284.17,0.45,0.55,2026-03-28,731,n,11.53,D
26.06843,81.76457,317.0,285.42,0.45,0.55,2026-03-28,808,n,10.39,D
26.3941,81.52099,311.81,290.13,0.45,0.55,2026-03-28,804,n,4.78,D
25.61812,81.2762,315.48,288.09,0.45,0.55,2026-03-28,784,n,11.25,D
25.71914,81.09916,310.8,288.65,0.45,0.55,2026-03-28,754,n,3.73,D
25.06495,82.16331,316.42,289.84,0.45,0.55,2026-03-28,787,n,10.95,D
25.80479,82.01132,315.1,287.01,0.45,0.55,2026-03-28,737,n,6.14,D
26.16452,84.40255,317.31,290.55,0.45,0.55,2026-03-28,737,n,10.18,D
26.39484,82.09604,313.85,291.71,0.45,0.55,2026-03-28,763,n,6.93,D
26.44007,84.12264,314.6,291.78,0.45,0.55,2026-03-28,822,n,4.32,D
25.85099,82.47519,313.63,290.74,0.45,0.55,2026-03-29,743,n,10.0,D
26.06617,81.76418,315.05,286.43,0.45,0.55,2026-03-29,738,n,4.43,D
27.25351,82.65723,315.26,285.41,0.45,0.55,2026-03-29,763,n,8.44,D
26.84985,81.83136,313.02,287.29,0.45,0.55,2026-03-29,805,n,3.31,D
25.05738,82.98652,318.62,285.86,0.45,0.55,2026-03-29,805,n,8.39,D
25.56179,82.1036,316.12,286.92,0.45,0.55,2026-03-29,731,n,8.8,D
26.44084,84.11956,312.38,288.71,0.45,0.55,2026-03-29,750,n,8.7,D
25.37253,84.37258,314.52,287.49,0.45,0.55,2026-03-30,748,n,7.16,D
25.551,84.15668,310.69,288.2,0.45,0.55,2026-03-30,821,n,5.69,D
27.35773,84.26017,319.62,288.86,0.45,0.55,2026-03-30,829,n,9.56,D
26.87061,83.41775,317.36,286.77,0.45,0.55,2026-03-30,749,n,10.75,D
27.25219,82.65818,315.35,287.14,0.45,0.55,2026-03-30,755,n,6.53,D
26.84946,81.83182,313.68,287.91,0.45,0.55,2026-03-30,812,n,6.55,D
26.75325,81.86027,312.2,288.74,0.45,0.55,2026-03-30,777,n,9.45,D
26.99013,84.29021,317.39,287.03,0.45,0.55,2026-03-30,731,n,4.07,D
26.23882,81.22753,318.15,287.87,0.45,0.55,2026-03-30,785,n,11.29,D
26.49927,80.13246,315.92,289.58,0.45,0.55,2026-03-30,819,n,11.0,D
26.16533,84.40266,315.45,287.57,0.45,0.55,2026-03-30,747,n,7.71,D
25.3872,82.03754,317.43,287.5,0.45,0.55,2026-03-30,771,n,11.5,D
25.72939,84.06314,318.31,284.39,0.45,0.55,2026-03-30,791,n,5.35,D
26.46685,83.20285,316.23,285.39,0.45,0.55,2026-03-30,796,n,10.85,D
26.41293,80.81682,307.57,286.56,0.45,0.55,2026-03-30,749,n,4.29,D
25.07028,83.42919,310.74,285.01,0.45,0.55,2026-03-30,813,n,9.97,D
25.08218,81.44646,310.18,287.99,0.45,0.55,2026-03-31,770,n,3.74,D
27.41934,82.81825,314.78,285.13,0.45,0.55,2026-03-31,755,n,4.86,D
27.3367,83.00181,311.28,285.54,0.45,0.55,2026-03-31,821,n,4.51,D
27.25586,80.97622,316.01,287.49,0.45,0.55,2026-03-31,769,n,9.12,D
26.64177,83.95269,317.94,288.77,0.45,0.55,2026-03-31,819,n,10.78,D
25.45018,81.60615,315.13,284.96,0.45,0.55,2026-03-31,743,n,7.47,D
27.35773,84.26077,312.6,285.71,0.45,0.55,2026-03-31,760,n,4.14,D
25.05825,83.89856,317.62,285.87,0.45,0.55,2026-03-31,736,n,11.0,D
26.73453,83.92364,316.14,289.51,0.45,0.55,2026-03-31,742,n,6.17,D
26.15365,84.4181,311.26,286.46,0.45,0.55,2026-03-31,743,n,3.17,D
26.06608,81.76634,314.95,287.38,0.45,0.55,2026-03-31,776,n,5.81,D
27.25158,82.65731,315.67,286.98,0.45,0.55,2026-03-31,812,n,11.58,D
26.39554,81.52054,321.03,294.17,0.45,0.55,2026-03-31,789,n,10.86,D
26.85087,81.83003,316.67,282.46,0.45,0.55,2026-03-31,816,n,3.31,D
26.8428,83.02882,307.95,287.56,0.45,0.55,2026-03-31,820,n,3.42,D
25.56433,82.10334,315.77,289.64,0.45,0.55,2026-03-31,790,n,9.1,D
27.03145,81.65168,313.0,288.21,0.45,0.55,2026-03-31,802,n,6.07,D
26.23834,81.22686,318.11,283.59,0.45,0.55,2026-03-31,756,n,10.59,D
26.06443,84.12774,315.71,286.44,0.45,0.55,2026-03-31,731,n,5.82,D
26.46772,83.20163,317.24,288.65,0.45,0.55,2026-03-31,758,n,11.39,D
26.41332,80.81537,314.89,290.55,0.45,0.55,2026-03-31,739,n,5.27,D
26.64919,84.48707,315.45,286.31,0.45,0.55,2026-03-31,761,n,6.53,D
27.41908,82.8181,316.6,284.9,0.45,0.55,2026-04-01,827,n,9.88,D
25.37279,84.37323,317.06,289.48,0.45,0.55,2026-04-01,734,n,10.67,D
25.45208,81.60745,316.82,286.39,0.45,0.55,2026-04-01,786,n,11.49,D
27.35871,84.25977,318.68,286.84,0.45,0.55,2026-04-01,826,n,10.31,D
26.0667,81.76556,313.91,287.61,0.45,0.55,2026-04-01,801,n,7.86,D
25.6171,81.27642,315.69,290.82,0.45,0.55,2026-04-01,730,n,11.31,D
25.05755,82.98545,319.16,293.02,0.45,0.55,2026-04-01,768,n,9.0,D
26.12482,82.49079,311.85,287.63,0.45,0.55,2026-04-01,826,n,4.57,D
26.23782,81.22735,315.06,290.55,0.45,0.55,2026-04-01,736,n,8.03,D
25.44916,82.34513,316.26,287.26,0.45,0.55,2026-04-01,754,n,8.49,D
26.39415,82.09552,316.44,285.33,0.45,0.55,2026-04-01,782,n,7.73,D
25.0799,81.11164,312.85,286.89,0.45,0.55,2026-04-01,752,n,6.08,D
26.64894,84.48695,312.51,290.27,0.45,0.55,2026-04-01,829,n,4.91,D
25.08338,81.44505,313.49,288.69,0.45,0.55,2026-04-02,780,n,3.87,D
27.25594,80.97531,309.54,290.12,0.45,0.55,2026-04-02,731,n,4.42,D
25.55189,84.15507,309.43,289.08,0.45,0.55,2026-04-02,806,n,4.2,D
25.4516,81.60829,322.3,287.76,0.45,0.55,2026-04-02,793,n,9.53,D
26.73567,83.92212,317.29,287.4,0.45,0.55,2026-04-02,748,n,11.69,D
25.51368,80.261,312.12,286.9,0.45,0.55,2026-04-02,811,n,8.56,D
26.39359,81.52164,314.86,288.73,0.45,0.55,2026-04-02,781,n,7.93,D
26.12395,82.49149,312.01,285.86,0.45,0.55,2026-04-02,784,n,4.71,D
26.21643,82.92329,312.72,286.5,0.45,0.55,2026-04-02,753,n,4.77,D
26.16598,84.40166,315.56,286.46,0.45,0.55,2026-04-02,736,n,5.73,D
26.46634,83.20373,311.93,289.37,0.45,0.55,2026-04-02,735,n,7.34,D
26.43949,84.12045,316.54,285.95,0.45,0.55,2026-04-02,804,n,11.21,D
26.65089,84.48615,314.75,292.04,0.45,0.55,2026-04-02,805,n,9.93,D
25.08348,81.44485,310.84,287.07,0.45,0.55,2026-04-03,804,n,8.7,D
27.41926,82.81727,315.84,284.84,0.45,0.55,2026-04-03,770,n,10.91,D
27.02365,80.3596,314.92,287.57,0.45,0.55,2026-04-03,793,n,10.27,D
25.05812,82.98552,314.99,288.37,0.45,0.55,2026-04-03,797,n,8.48,D
25.72167,81.10027,311.5,282.93,0.45,0.55,2026-04-03,800,n,3.54,D
26.1653,84.40363,315.01,286.64,0.45,0.55,2026-04-03,738,n,6.09,D
26.46713,83.20185,317.69,286.8,0.45,0.55,2026-04-03,752,n,11.48,D
25.07966,81.11091,313.29,288.22,0.45,0.55,2026-04-03,821,n,4.54,D
26.65068,84.48745,315.44,283.63,0.45,0.55,2026-04-03,808,n,3.79,D
27.42023,82.8182,313.03,288.72,0.45,0.55,2026-04-04,772,n,7.11,D
27.33453,83.00178,313.1,288.48,0.45,0.55,2026-04-04,760,n,6.93,D
25.55007,84.1547,312.88,289.44,0.45,0.55,2026-04-04,802,n,5.3,D
27.35556,84.26162,314.78,288.26,0.45,0.55,2026-04-04,829,n,9.64,D
26.15579,84.4166,312.96,291.4,0.45,0.55,2026-04-04,775,n,5.57,D
26.39489,81.5215,314.66,285.98,0.45,0.55,2026-04-04,783,n,8.65,D
26.39385,82.0958,316.17,284.84,0.45,0.55,2026-04-04,812,n,9.15,D
25.07988,81.11117,311.59,289.94,0.45,0.55,2026-04-04,786,n,3.48,D
25.59189,81.87105,317.05,287.34,0.45,0.55,2026-04-04,795,n,9.44,D
25.06855,83.43188,317.99,294.23,0.45,0.55,2026-04-04,763,n,9.67,D
25.0822,81.44343,313.97,289.81,0.45,0.55,2026-04-05,770,n,6.64,D
26.45187,84.45864,310.35,288.81,0.45,0.55,2026-04-05,760,n,4.79,D
27.41877,82.81738,317.66,288.01,0.45,0.55,2026-04-05,732,n,9.61,D
25.51409,80.26273,314.84,286.9,0.45,0.55,2026-04-05,756,n,7.7,D
27.25394,82.65843,313.24,291.87,0.45,0.55,2026-04-05,774,n,5.28,D
25.61728,81.27411,316.73,291.73,0.45,0.55,2026-04-05,829,n,11.85,D
25.56299,82.103,314.92,288.11,0.45,0.55,2026-04-05,757,n,7.38,D
26.23841,81.22556,314.78,284.2,0.45,0.55,2026-04-05,767,n,6.06,D
26.21465,82.91891,316.64,290.46,0.45,0.55,2026-04-05,811,n,8.54,D
26.16462,84.4044,314.9,287.62,0.45,0.55,2026-04-05,790,n,4.25,D
25.38868,82.03844,316.67,290.23,0.45,0.55,2026-04-05,804,n,9.53,D
26.39356,82.09509,311.01,291.42,0.45,0.55,2026-04-05,809,n,4.14,D
26.4658,83.20006,310.95,287.49,0.45,0.55,2026-04-05,796,n,6.07,D
27.41967,82.81904,314.57,290.74,0.45,0.55,2026-04-06,800,n,8.2,D
26.64236,83.95349,313.15,289.45,0.45,0.55,2026-04-06,824,n,6.46,D
26.73449,83.92353,317.31,289.33,0.45,0.55,2026-04-06,815,n,7.47,D
26.06687,81.76637,315.12,286.66,0.45,0.55,2026-04-06,752,n,7.73,D
27.25337,82.65833,314.57,286.48,0.45,0.55,2026-04-06,751,n,8.53,D
26.39484,81.52043,321.93,286.38,0.45,0.55,2026-04-06,828,n,9.41,D
26.99041,84.29104,314.18,287.5,0.45,0.55,2026-04-06,784,n,3.48,D
26.84143,83.02871,315.98,284.57,0.45,0.55,2026-04-06,819,n,7.55,D
27.03204,81.65239,312.48,291.21,0.45,0.55,2026-04-06,811,n,7.54,D
25.80533,82.01095,318.2,287.99,0.45,0.55,2026-04-06,814,n,11.39,D
26.16527,84.40245,315.74,285.11,0.45,0.55,2026-04-06,730,n,9.15,D
26.3938,82.09568,313.59,288.53,0.45,0.55,2026-04-06,798,n,7.61,D
25.58927,81.87023,313.28,288.52,0.45,0.55,2026-04-06,818,n,10.67,D
26.3155,81.92929,313.41,286.23,0.45,0.55,2026-04-06,794,n,5.95,D
26.45077,84.4587,318.65,292.53,0.45,0.55,2026-04-07,744,n,10.97,D
27.33545,83.00239,310.77,287.75,0.45,0.55,2026-04-07,797,n,4.24,D
25.55246,84.15628,317.81,293.72,0.45,0.55,2026-04-07,802,n,11.93,D
25.05767,83.89873,310.95,287.42,0.45,0.55,2026-04-07,819,n,8.65,D
27.25314,82.65803,317.0,289.58,0.45,0.55,2026-04-07,762,n,8.33,D
26.39551,81.52194,320.06,289.3,0.45,0.55,2026-04-07,816,n,11.79,D
25.61718,81.27469,317.75,292.02,0.45,0.55,2026-04-07,788,n,7.96,D
26.75393,81.86073,316.06,290.47,0.45,0.55,2026-04-07,797,n,9.48,D
26.84287,83.02968,318.62,288.09,0.45,0.55,2026-04-07,776,n,10.75,D
25.72146,81.09853,316.43,288.83,0.45,0.55,2026-04-07,769,n,9.84,D
25.06488,82.16407,313.39,289.15,0.45,0.55,2026-04-07,783,n,7.89,D
25.56251,82.1036,317.05,288.45,0.45,0.55,2026-04-07,750,n,8.65,D
26.50018,80.13186,309.71,287.41,0.45,0.55,2026-04-07,804,n,7.49,D
26.16783,84.40119,313.69,286.67,0.45,0.55,2026-04-07,745,n,5.88,D
25.38637,82.03839,317.39,287.6,0.45,0.55,2026-04-07,783,n,10.95,D
26.06065,84.12685,313.95,285.89,0.45,0.55,2026-04-07,750,n,4.2,D
25.08142,81.11031,315.79,288.73,0.45,0.55,2026-04-07,751,n,8.38,D
26.41516,80.81641,313.97,286.95,0.45,0.55,2026-04-07,783,n,7.65,D
26.61588,82.86645,311.8,285.17,0.45,0.55,2026-04-07,772,n,4.06,D
26.65064,84.48763,315.84,286.67,0.45,0.55,2026-04-07,822,n,6.94,D
25.84893,82.47451,311.52,286.9,0.45,0.55,2026-04-08,816,n,6.8,D
25.05884,83.90006,313.78,287.72,0.45,0.55,2026-04-08,788,n,7.86,D
26.73517,83.92279,309.98,290.45,0.45,0.55,2026-04-08,734,n,3.53,D
26.84944,81.83122,313.96,285.93,0.45,0.55,2026-04-08,768,n,7.5,D
25.72092,81.09924,313.54,287.68,0.45,0.55,2026-04-08,767,n,6.21,D
25.06574,82.16452,315.83,288.67,0.45,0.55,2026-04-08,811,n,6.24,D
27.03149,81.65331,313.92,288.78,0.45,0.55,2026-04-08,801,n,11.45,D
25.80402,82.01146,318.35,286.98,0.45,0.55,2026-04-08,766,n,10.3,D
26.23962,81.22699,316.08,290.75,0.45,0.55,2026-04-08,783,n,11.45,D
25.72831,84.06426,314.53,286.21,0.45,0.55,2026-04-08,786,n,6.17,D
26.06124,84.12799,313.42,287.29,0.45,0.55,2026-04-08,797,n,8.49,D
26.41564,80.81712,314.83,285.56,0.45,0.55,2026-04-08,778,n,3.96,D
25.08039,81.4453,310.43,287.52,0.45,0.55,2026-04-09,800,n,3.2,D
27.33497,83.00266,312.22,292.48,0.45,0.55,2026-04-09,774,n,3.61,D
25.45042,81.60727,311.85,285.33,0.45,0.55,2026-04-09,795,n,5.5,D
25.0583,83.89953,312.02,287.61,0.45,0.55,2026-04-09,796,n,3.53,D
26.87113,83.41763,313.59,285.76,0.45,0.55,2026-04-09,734,n,7.12,D
25.51351,80.26149,313.1,288.94,0.45,0.55,2026-04-09,792,n,7.62,D
26.39748,81.52089,315.92,289.62,0.45,0.55,2026-04-09,755,n,9.97,D
26.85075,81.83016,311.8,286.97,0.45,0.55,2026-04-09,735,n,8.69,D
25.05739,82.9853,317.32,284.92,0.45,0.55,2026-04-09,788,n,10.04,D
25.56327,82.10574,310.52,286.9,0.45,0.55,2026-04-09,751,n,6.27,D
26.50024,80.13089,311.61,288.75,0.45,0.55,2026-04-09,791,n,7.36,D
25.07972,81.11125,312.66,290.14,0.45,0.55,2026-04-09,794,n,4.94,D
25.08282,81.44672,315.04,286.13,0.45,0.55,2026-04-10,734,n,9.42,D
25.37273,84.37167,317.06,287.12,0.45,0.55,2026-04-10,759,n,11.75,D
26.87079,83.41706,312.03,288.01,0.45,0.55,2026-04-10,785,n,8.85,D
26.39506,81.51909,314.49,285.94,0.45,0.55,2026-04-10,737,n,9.66,D
27.03206,81.65176,313.34,287.85,0.45,0.55,2026-04-10,755,n,9.8,D
26.50038,80.13008,318.25,288.42,0.45,0.55,2026-04-10,731,n,10.22,D
26.16496,84.40239,311.39,292.79,0.45,0.55,2026-04-10,780,n,7.53,D
25.38764,82.03656,318.66,291.42,0.45,0.55,2026-04-10,802,n,12.0,D
25.44954,82.34641,314.79,287.63,0.45,0.55,2026-04-10,764,n,9.69,D
27.33563,83.00195,309.82,290.09,0.45,0.55,2026-04-11,799,n,4.57,D
25.44995,81.60806,316.82,290.85,0.45,0.55,2026-04-11,805,n,10.48,D
25.0579,83.89907,311.51,288.66,0.45,0.55,2026-04-11,746,n,8.68,D
26.15381,84.41635,317.87,285.17,0.45,0.55,2026-04-11,768,n,11.42,D
27.25457,82.65573,320.45,288.08,0.45,0.55,2026-04-11,742,n,7.23,D
26.39486,81.52111,314.58,287.47,0.45,0.55,2026-04-11,784,n,5.05,D
26.98835,84.2935,313.91,284.52,0.45,0.55,2026-04-11,769,n,4.96,D
26.21715,82.92197,318.53,285.98,0.45,0.55,2026-04-11,744,n,10.76,D
25.44895,82.34691,313.25,285.52,0.45,0.55,2026-04-11,790,n,6.82,D
26.31722,81.92898,317.27,283.31,0.45,0.55,2026-04-11,740,n,10.03,D
26.65067,84.48933,318.55,286.05,0.45,0.55,2026-04-11,777,n,10.59,D
25.85317,82.47464,313.2,291.6,0.45,0.55,2026-04-12,794,n,9.14,D
26.06803,81.76436,316.69,287.24,0.45,0.55,2026-04-12,755,n,11.6,D
26.12569,82.49147,313.34,290.64,0.45,0.55,2026-04-12,811,n,6.15,D
25.72108,81.09697,315.18,285.7,0.45,0.55,2026-04-12,761,n,9.36,D
27.03011,81.65191,311.37,291.92,0.45,0.55,2026-04-12,782,n,3.69,D
26.16477,84.40238,314.04,288.42,0.45,0.55,2026-04-12,817,n,5.37,D
26.39344,82.09615,314.98,286.27,0.45,0.55,2026-04-12,741,n,9.8,D
25.58826,81.87072,313.83,287.41,0.45,0.55,2026-04-12,788,n,7.26,D
26.44186,84.12176,316.66,287.46,0.45,0.55,2026-04-12,815,n,9.3,D
26.61453,82.86574,316.37,287.51,0.45,0.55,2026-04-12,784,n,11.53,D
25.37579,84.3712,315.61,286.91,0.45,0.55,2026-04-13,800,n,8.95,D
27.25568,80.97469,314.65,287.96,0.45,0.55,2026-04-13,817,n,4.09,D
27.3589,84.25771,318.74,288.53,0.45,0.55,2026-04-13,739,n,10.93,D
26.87153,83.41627,310.04,288.13,0.45,0.55,2026-04-13,803,n,10.43,D
27.25243,82.65703,318.91,290.43,0.45,0.55,2026-04-13,730,n,9.15,D
26.12293,82.49021,312.41,289.34,0.45,0.55,2026-04-13,805,n,5.92,D
27.0313,81.65042,313.4,290.21,0.45,0.55,2026-04-13,824,n,7.6,D
26.23914,81.22641,316.01,286.69,0.45,0.55,2026-04-13,775,n,6.36,D
25.44934,82.34567,318.7,288.25,0.45,0.55,2026-04-13,815,n,10.5,D
26.41281,80.81614,313.67,289.34,0.45,0.55,2026-04-13,809,n,5.5,D
27.25467,80.97592,314.66,287.94,0.45,0.55,2026-04-14,805,n,9.58,D
25.45038,81.60781,314.02,288.04,0.45,0.55,2026-04-14,826,n,8.9,D
26.73466,83.92364,313.17,286.23,0.45,0.55,2026-04-14,764,n,6.05,D
26.06565,81.76572,315.0,285.19,0.45,0.55,2026-04-14,736,n,3.27,D
27.25245,82.65644,313.84,289.47,0.45,0.55,2026-04-14,758,n,3.05,D
27.02322,80.36002,316.91,286.11,0.45,0.55,2026-04-14,760,n,6.95,D
25.6184,81.27493,315.23,286.23,0.45,0.55,2026-04-14,767,n,11.14,D
26.75473,81.85943,318.66,289.18,0.45,0.55,2026-04-14,824,n,11.89,D
26.98835,84.29298,315.01,285.7,0.45,0.55,2026-04-14,814,n,6.45,D
26.12409,82.49131,317.51,292.17,0.45,0.55,2026-04-14,822,n,11.46,D
25.71896,81.09761,309.12,289.97,0.45,0.55,2026-04-14,756,n,3.43,D
26.49814,80.13097,312.14,292.65,0.45,0.55,2026-04-14,743,n,5.36,D
25.44936,82.3475,310.67,286.27,0.45,0.55,2026-04-14,780,n,3.12,D
26.64939,84.48872,316.48,290.36,0.45,0.55,2026-04-14,821,n,7.51,D
25.08308,81.44671,312.04,287.85,0.45,0.55,2026-04-15,769,n,3.3,D
25.84998,82.47523,314.76,290.19,0.45,0.55,2026-04-15,796,n,5.94,D
27.33449,83.00122,313.42,289.19,0.45,0.55,2026-04-15,783,n,9.85,D
25.37257,84.37185,314.85,287.03,0.45,0.55,2026-04-15,766,n,4.57,D
25.05628,83.90065,312.73,284.72,0.45,0.55,2026-04-15,740,n,11.32,D
26.73483,83.92196,317.96,286.45,0.45,0.55,2026-04-15,788,n,5.14,D
26.84961,81.83112,314.32,283.83,0.45,0.55,2026-04-15,785,n,9.46,D
25.61991,81.2756,316.38,287.69,0.45,0.55,2026-04-15,781,n,10.6,D
26.84104,83.02849,314.28,287.53,0.45,0.55,2026-04-15,820,n,3.56,D
25.72041,81.09905,318.87,286.91,0.45,0.55,2026-04-15,735,n,9.26,D
25.56183,82.10298,314.78,292.78,0.45,0.55,2026-04-15,803,n,4.21,D
26.21707,82.92052,312.26,291.01,0.45,0.55,2026-04-15,816,n,5.13,D
26.16514,84.40167,318.11,286.38,0.45,0.55,2026-04-15,807,n,7.96,D
25.38647,82.0399,310.73,287.77,0.45,0.55,2026-04-15,763,n,3.35,D
25.44809,82.34738,314.22,285.84,0.45,0.55,2026-04-15,766,n,10.13,D
26.39409,82.09494,311.29,289.53,0.45,0.55,2026-04-15,827,n,6.23,D
26.46786,83.20225,317.33,286.41,0.45,0.55,2026-04-15,794,n,8.42,D
25.08044,81.11082,314.27,289.89,0.45,0.55,2026-04-15,770,n,5.51,D
26.4423,84.12267,317.02,287.27,0.45,0.55,2026-04-15,758,n,10.59,D
25.05863,83.89853,311.76,291.59,0.45,0.55,2026-04-16,787,n,4.91,D
26.73406,83.92307,314.71,287.21,0.45,0.55,2026-04-16,731,n,3.71,D
27.25348,82.65824,315.47,287.85,0.45,0.55,2026-04-16,817,n,8.78,D
26.39474,81.51922,311.78,288.91,0.45,0.55,2026-04-16,749,n,5.26,D
25.61839,81.27476,310.98,287.01,0.45,0.55,2026-04-16,809,n,3.72,D
25.80509,82.01226,314.21,285.82,0.45,0.55,2026-04-16,813,n,7.12,D
26.21398,82.91984,314.24,286.45,0.45,0.55,2026-04-16,810,n,5.48,D
25.38663,82.03833,314.05,291.48,0.45,0.55,2026-04-16,779,n,11.99,D
26.05947,84.12755,314.68,289.89,0.45,0.55,2026-04-16,828,n,9.92,D
26.39349,82.09444,316.7,289.9,0.45,0.55,2026-04-16,751,n,10.74,D
25.08043,81.11249,315.87,285.41,0.45,0.55,2026-04-16,812,n,9.47,D
25.58839,81.87159,311.09,286.44,0.45,0.55,2026-04-16,790,n,4.15,D
25.06957,83.43074,313.82,287.38,0.45,0.55,2026-04-16,810,n,6.49,D
26.45088,84.45926,317.99,288.49,0.45,0.55,2026-04-17,761,n,8.89,D
25.85085,82.47321,313.42,290.64,0.45,0.55,2026-04-17,817,n,8.27,D
26.64134,83.94975,318.47,287.32,0.45,0.55,2026-04-17,767,n,11.06,D
26.87228,83.41714,314.61,289.83,0.45,0.55,2026-04-17,746,n,11.01,D
26.39462,81.52193,312.24,286.4,0.45,0.55,2026-04-17,795,n,6.56,D
25.6182,81.27712,312.86,289.89,0.45,0.55,2026-04-17,732,n,8.78,D
25.06609,82.16507,321.3,287.71,0.45,0.55,2026-04-17,798,n,10.19,D
26.4998,80.13007,314.34,285.59,0.45,0.55,2026-04-17,826,n,8.11,D
25.44796,82.34613,314.81,288.0,0.45,0.55,2026-04-17,821,n,7.88,D
26.45172,84.45946,313.37,289.05,0.45,0.55,2026-04-18,765,n,7.13,D
26.64174,83.95239,315.94,285.45,0.45,0.55,2026-04-18,733,n,11.69,D
27.35875,84.26114,310.61,289.91,0.45,0.55,2026-04-18,765,n,6.6,D
26.73514,83.92403,312.04,288.4,0.45,0.55,2026-04-18,789,n,7.16,D
27.02382,80.36007,314.42,290.12,0.45,0.55,2026-04-18,824,n,6.42,D
25.05633,82.98527,314.28,286.93,0.45,0.55,2026-04-18,785,n,7.43,D
26.12526,82.48927,318.66,287.03,0.45,0.55,2026-04-18,760,n,6.03,D
25.56256,82.10295,312.3,287.26,0.45,0.55,2026-04-18,785,n,4.45,D
27.03281,81.65198,314.85,287.2,0.45,0.55,2026-04-18,794,n,11.07,D
25.80471,82.00975,313.19,282.83,0.45,0.55,2026-04-18,792,n,5.89,D
26.06119,84.12682,313.87,287.6,0.45,0.55,2026-04-18,738,n,7.91,D
26.39397,82.09683,313.14,285.81,0.45,0.55,2026-04-18,810,n,8.49,D
26.41413,80.81793,314.41,287.27,0.45,0.55,2026-04-18,735,n,6.46,D
26.6496,84.48839,313.2,286.42,0.45,0.55,2026-04-18,806,n,5.73,D
25.07035,83.42919,311.84,288.35,0.45,0.55,2026-04-18,788,n,7.86,D
25.37366,84.37147,316.79,286.52,0.45,0.55,2026-04-19,782,n,3.7,D
26.64235,83.95323,316.12,288.84,0.45,0.55,2026-04-19,778,n,9.91,D
26.84783,81.83118,315.79,286.54,0.45,0.55,2026-04-19,765,n,11.83,D
26.98877,84.29022,318.71,287.84,0.45,0.55,2026-04-19,828,n,9.93,D
26.84193,83.03059,316.68,286.86,0.45,0.55,2026-04-19,811,n,7.93,D
25.80536,82.00958,317.23,290.08,0.45,0.55,2026-04-19,769,n,8.86,D
26.16631,84.40264,313.3,286.53,0.45,0.55,2026-04-19,815,n,6.11,D
25.38629,82.03932,313.9,289.69,0.45,0.55,2026-04-19,825,n,9.7,D
26.05961,84.12631,309.62,290.6,0.45,0.55,2026-04-19,823,n,3.19,D
26.31314,81.92968,317.46,290.71,0.45,0.55,2026-04-19,739,n,11.3,D
25.06908,83.42955,309.62,286.37,0.45,0.55,2026-04-19,784,n,3.5,D
25.08261,81.44419,320.02,282.92,0.45,0.55,2026-04-20,737,n,10.71,D
26.45036,84.45894,315.35,286.1,0.45,0.55,2026-04-20,762,n,11.79,D
25.8487,82.47329,311.63,288.11,0.45,0.55,2026-04-20,784,n,3.71,D
25.55128,84.15677,314.5,288.14,0.45,0.55,2026-04-20,748,n,9.21,D
26.15427,84.41629,309.92,287.44,0.45,0.55,2026-04-20,751,n,3.13,D
26.06669,81.76679,314.49,284.93,0.45,0.55,2026-04-20,773,n,3.83,D
25.61774,81.27456,312.01,286.69,0.45,0.55,2026-04-20,814,n,5.21,D
26.754,81.86067,309.8,285.05,0.45,0.55,2026-04-20,761,n,6.89,D
26.84094,83.02954,320.18,289.82,0.45,0.55,2026-04-20,749,n,11.92,D
26.12268,82.48983,311.87,287.41,0.45,0.55,2026-04-20,828,n,4.92,D
25.06507,82.16345,317.28,286.3,0.45,0.55,2026-04-20,746,n,9.66,D
26.23952,81.22691,316.26,291.6,0.45,0.55,2026-04-20,746,n,9.03,D
25.38719,82.03843,309.71,289.32,0.45,0.55,2026-04-20,742,n,3.64,D
26.46722,83.20094,310.3,287.23,0.45,0.55,2026-04-20,753,n,6.25,D
26.41516,80.81635,315.34,289.3,0.45,0.55,2026-04-20,769,n,4.22,D
26.61566,82.86605,316.54,286.7,0.45,0.55,2026-04-20,741,n,11.39,D
27.33283,83.00109,308.89,284.83,0.45,0.55,2026-04-21,828,n,6.26,D
25.37469,84.37147,318.49,287.48,0.45,0.55,2026-04-21,813,n,11.14,D
27.25617,80.97583,311.64,284.23,0.45,0.55,2026-04-21,793,n,8.02,D
25.5147,80.26242,312.09,287.56,0.45,0.55,2026-04-21,823,n,8.59,D
26.39595,81.52138,319.23,285.19,0.45,0.55,2026-04-21,732,n,10.65,D
27.02309,80.36194,314.29,287.4,0.45,0.55,2026-04-21,796,n,7.96,D
25.05766,82.98454,310.73,288.96,0.45,0.55,2026-04-21,806,n,4.52,D
25.06626,82.16242,315.19,289.79,0.45,0.55,2026-04-21,797,n,4.76,D
26.50101,80.13066,314.73,290.66,0.45,0.55,2026-04-21,791,n,7.99,D
25.38825,82.03752,313.63,288.42,0.45,0.55,2026-04-21,753,n,6.56,D
26.46732,83.20132,314.99,288.3,0.45,0.55,2026-04-21,774,n,6.87,D
27.41874,82.81764,318.58,288.63,0.45,0.55,2026-04-22,801,n,9.88,D
27.33511,83.0023,315.64,289.25,0.45,0.55,2026-04-22,797,n,10.88,D
25.058,83.89879,313.95,291.65,0.45,0.55,2026-04-22,823,n,5.28,D
26.73235,83.92205,313.23,285.85,0.45,0.55,2026-04-22,818,n,7.64,D
26.15553,84.41777,318.13,288.45,0.45,0.55,2026-04-22,809,n,10.11,D
26.39539,81.52126,313.86,290.29,0.45,0.55,2026-04-22,777,n,6.34,D
26.12412,82.49041,316.88,288.11,0.45,0.55,2026-04-22,810,n,5.24,D
25.0647,82.16335,314.46,290.07,0.45,0.55,2026-04-22,757,n,7.28,D
26.49828,80.12994,315.76,287.79,0.45,0.55,2026-04-22,801,n,9.47,D
25.7289,84.06526,314.73,288.77,0.45,0.55,2026-04-22,777,n,4.58,D
26.39497,82.09448,314.86,290.35,0.45,0.55,2026-04-22,739,n,9.13,D
25.58948,81.87048,311.67,292.22,0.45,0.55,2026-04-22,791,n,6.17,D
26.64209,83.94947,316.3,289.03,0.45,0.55,2026-04-23,803,n,6.54,D
26.73348,83.92362,318.09,287.87,0.45,0.55,2026-04-23,824,n,10.69,D
26.39557,81.5185,311.84,290.11,0.45,0.55,2026-04-23,739,n,7.1,D
27.0234,80.35848,311.61,285.42,0.45,0.55,2026-04-23,811,n,6.09,D
25.61885,81.27521,314.9,291.35,0.45,0.55,2026-04-23,742,n,9.91,D
26.98926,84.29031,320.06,286.9,0.45,0.55,2026-04-23,823,n,11.17,D
25.06618,82.16302,314.99,287.19,0.45,0.55,2026-04-23,783,n,8.11,D
25.80321,82.00902,308.95,287.86,0.45,0.55,2026-04-23,769,n,4.73,D
26.50233,80.13016,310.18,288.14,0.45,0.55,2026-04-23,745,n,3.21,D
26.16548,84.40094,314.57,288.07,0.45,0.55,2026-04-23,740,n,8.77,D
25.73141,84.06531,310.62,287.96,0.45,0.55,2026-04-23,786,n,7.86,D
25.45004,82.34592,313.94,288.84,0.45,0.55,2026-04-23,770,n,7.56,D
26.06088,84.12791,311.06,288.32,0.45,0.55,2026-04-23,775,n,5.47,D
26.39204,82.09522,317.94,289.47,0.45,0.55,2026-04-23,778,n,6.29,D
26.4677,83.20246,319.72,286.27,0.45,0.55,2026-04-23,755,n,10.23,D
26.44123,84.12071,316.2,288.95,0.45,0.55,2026-04-23,824,n,6.12,D
26.61543,82.86421,313.71,286.59,0.45,0.55,2026-04-23,774,n,7.14,D
25.85107,82.47466,316.94,287.06,0.45,0.55,2026-04-24,803,n,10.44,D
27.33492,83.00419,311.8,286.13,0.45,0.55,2026-04-24,746,n,7.86,D
27.02348,80.36094,314.77,287.61,0.45,0.55,2026-04-24,824,n,8.21,D
26.9886,84.29251,311.41,287.05,0.45,0.55,2026-04-24,775,n,4.75,D
25.72105,81.09844,311.14,282.99,0.45,0.55,2026-04-24,823,n,8.86,D
26.50184,80.13028,312.07,284.79,0.45,0.55,2026-04-24,812,n,4.52,D
26.21574,82.92118,312.79,288.62,0.45,0.55,2026-04-24,738,n,5.96,D
26.16544,84.40095,315.38,286.68,0.45,0.55,2026-04-24,788,n,7.15,D
25.44715,82.34615,317.8,285.37,0.45,0.55,2026-04-24,739,n,8.1,D
25.08006,81.11155,310.71,286.86,0.45,0.55,2026-04-24,816,n,3.79,D
25.58995,81.86989,314.0,287.97,0.45,0.55,2026-04-24,757,n,3.87,D
26.41398,80.81623,312.61,285.41,0.45,0.55,2026-04-24,810,n,4.98,D
25.0688,83.42914,315.14,288.55,0.45,0.55,2026-04-24,754,n,4.46,D
26.45116,84.45968,320.0,286.22,0.45,0.55,2026-04-25,735,n,9.2,D
27.41721,82.81775,315.3,287.0,0.45,0.55,2026-04-25,810,n,4.1,D
25.37429,84.37203,312.05,287.58,0.45,0.55,2026-04-25,780,n,5.33,D
25.45039,81.60782,316.6,290.37,0.45,0.55,2026-04-25,751,n,7.56,D
26.1545,84.41722,313.29,287.46,0.45,0.55,2026-04-25,768,n,7.59,D
26.39592,81.52374,316.74,290.45,0.45,0.55,2026-04-25,810,n,7.93,D
25.61777,81.27468,310.57,287.32,0.45,0.55,2026-04-25,730,n,4.35,D
26.98773,84.29398,316.14,286.29,0.45,0.55,2026-04-25,784,n,7.87,D
26.12301,82.49123,315.68,287.86,0.45,0.55,2026-04-25,772,n,3.98,D
27.03033,81.65314,320.52,286.56,0.45,0.55,2026-04-25,756,n,11.5,D
25.3873,82.03836,314.3,288.77,0.45,0.55,2026-04-25,767,n,5.79,D
26.06153,84.12667,315.35,289.03,0.45,0.55,2026-04-25,736,n,10.79,D
26.39483,82.09548,311.35,289.75,0.45,0.55,2026-04-25,811,n,6.26,D
25.07929,81.11124,312.4,289.25,0.45,0.55,2026-04-25,777,n,7.85,D
26.44107,84.12143,312.54,287.3,0.45,0.55,2026-04-25,794,n,3.55,D
26.41378,80.81698,310.88,290.98,0.45,0.55,2026-04-25,824,n,8.76,D
26.45037,84.45984,315.64,287.96,0.45,0.55,2026-04-26,754,n,11.06,D
25.85141,82.47568,315.74,287.46,0.45,0.55,2026-04-26,758,n,10.91,D
25.45096,81.60648,313.55,290.14,0.45,0.55,2026-04-26,825,n,3.81,D
25.05975,83.89818,317.1,288.38,0.45,0.55,2026-04-26,797,n,11.29,D
26.73218,83.92347,316.18,288.47,0.45,0.55,2026-04-26,806,n,9.37,D
26.15595,84.41698,313.22,290.09,0.45,0.55,2026-04-26,765,n,4.59,D
26.06664,81.76342,310.69,289.33,0.45,0.55,2026-04-26,804,n,4.51,D
26.39446,81.51912,317.01,288.36,0.45,0.55,2026-04-26,752,n,8.5,D
27.02291,80.35768,317.6,288.19,0.45,0.55,2026-04-26,821,n,10.44,D
26.12391,82.49172,313.35,287.02,0.45,0.55,2026-04-26,763,n,4.84,D
25.71998,81.0982,314.64,285.38,0.45,0.55,2026-04-26,796,n,10.18,D
25.06343,82.16266,313.63,290.64,0.45,0.55,2026-04-26,776,n,5.84,D
26.23742,81.2279,312.35,292.17,0.45,0.55,2026-04-26,769,n,9.62,D
26.46584,83.20156,317.46,284.82,0.45,0.55,2026-04-26,809,n,10.92,D
26.44217,84.1223,312.18,287.59,0.45,0.55,2026-04-26,808,n,4.86,D
26.31236,81.92871,317.48,290.89,0.45,0.55,2026-04-26,741,n,10.26,D
26.61559,82.86607,317.49,289.47,0.45,0.55,2026-04-26,741,n,11.18,D
26.6514,84.48855,314.82,290.49,0.45,0.55,2026-04-26,778,n,4.29,D
25.06926,83.43032,316.29,290.27,0.45,0.55,2026-04-26,795,n,7.04,D
26.73569,83.92327,312.9,289.13,0.45,0.55,2026-04-27,790,n,7.7,D
26.15539,84.41887,315.84,290.4,0.45,0.55,2026-04-27,744,n,7.57,D
26.87202,83.41508,316.86,290.56,0.45,0.55,2026-04-27,775,n,10.16,D
26.06431,81.7675,316.54,287.83,0.45,0.55,2026-04-27,782,n,9.01,D
26.3943,81.52162,312.85,285.22,0.45,0.55,2026-04-27,749,n,3.17,D
27.02449,80.36012,313.25,291.27,0.45,0.55,2026-04-27,748,n,10.88,D
25.61779,81.27531,315.39,290.65,0.45,0.55,2026-04-27,747,n,11.78,D
25.05801,82.98528,312.07,287.1,0.45,0.55,2026-04-27,757,n,4.24,D
25.80467,82.01087,315.91,287.02,0.45,0.55,2026-04-27,761,n,7.38,D
25.38678,82.03806,310.84,286.46,0.45,0.55,2026-04-27,747,n,4.41,D
25.72944,84.06424,316.78,286.77,0.45,0.55,2026-04-27,753,n,7.88,D
25.44841,82.34771,320.45,290.92,0.45,0.55,2026-04-27,806,n,8.67,D
25.58868,81.87166,314.02,288.04,0.45,0.55,2026-04-27,759,n,6.36,D
26.43808,84.12186,313.76,286.12,0.45,0.55,2026-04-27,756,n,10.9,D
26.4159,80.81636,313.07,287.77,0.45,0.55,2026-04-27,743,n,4.53,D
26.61411,82.86693,313.98,286.79,0.45,0.55,2026-04-27,736,n,10.49,D
26.44898,84.45907,315.11,286.42,0.45,0.55,2026-04-28,785,n,4.46,D
27.33366,83.00222,313.12,288.93,0.45,0.55,2026-04-28,810,n,5.65,D
25.37149,84.37263,315.04,287.79,0.45,0.55,2026-04-28,752,n,9.1,D
27.25589,80.97645,314.78,285.55,0.45,0.55,2026-04-28,797,n,5.7,D
26.64295,83.9511,315.13,288.92,0.45,0.55,2026-04-28,778,n,7.29,D
25.45035,81.60686,315.29,287.75,0.45,0.55,2026-04-28,760,n,9.42,D
26.06774,81.76385,317.25,286.63,0.45,0.55,2026-04-28,789,n,10.98,D
25.7209,81.10014,314.6,286.41,0.45,0.55,2026-04-28,781,n,9.68,D
25.38765,82.03867,318.08,286.1,0.45,0.55,2026-04-28,818,n,11.6,D
25.44694,82.34803,313.35,290.53,0.45,0.55,2026-04-28,829,n,3.65,D
26.06062,84.12698,318.63,289.93,0.45,0.55,2026-04-28,749,n,7.93,D
25.59118,81.86984,316.9,284.23,0.45,0.55,2026-04-28,810,n,9.07,D
27.25352,82.65757,312.08,291.71,0.45,0.55,2026-04-29,735,n,4.17,D
26.8475,81.82897,314.86,289.18,0.45,0.55,2026-04-29,764,n,7.56,D
26.75267,81.86016,312.96,289.62,0.45,0.55,2026-04-29,740,n,5.97,D
26.05988,84.12711,315.58,285.43,0.45,0.55,2026-04-29,752,n,9.45,D
26.61375,82.86637,310.97,290.62,0.45,0.55,2026-04-29,828,n,5.67,D
25.06731,83.43036,314.85,287.52,0.45,0.55,2026-04-29,806,n,6.7,D
27.33318,83.00244,314.42,287.44,0.45,0.55,2026-04-30,769,n,11.55,D
25.37257,84.37166,313.3,287.54,0.45,0.55,2026-04-30,756,n,4.38,D
26.64267,83.9525,316.48,288.76,0.45,0.55,2026-04-30,791,n,10.14,D
26.39416,81.51945,309.06,288.77,0.45,0.55,2026-04-30,752,n,3.4,D
25.058,82.98431,311.75,286.91,0.45,0.55,2026-04-30,749,n,5.0,D
26.75374,81.86073,310.57,286.78,0.45,0.55,2026-04-30,740,n,6.07,D
26.98649,84.29239,314.41,289.31,0.45,0.55,2026-04-30,810,n,8.37,D
27.03104,81.65367,313.3,290.03,0.45,0.55,2026-04-30,730,n,5.79,D
25.38688,82.03731,317.49,290.49,0.45,0.55,2026-04-30,794,n,11.52,D
26.39545,82.09538,313.18,286.44,0.45,0.55,2026-04-30,785,n,6.48,D
26.46606,83.20324,312.59,291.66,0.45,0.55,2026-04-30,782,n,6.88,D
25.5906,81.87013,315.19,291.33,0.45,0.55,2026-04-30,747,n,9.28,D
26.31475,81.92903,315.44,285.44,0.45,0.55,2026-04-30,813,n,6.93,D
25.08251,81.4457,312.58,287.23,0.45,0.55,2026-05-01,745,n,7.14,D
27.41828,82.81645,314.32,290.21,0.45,0.55,2026-05-01,809,n,6.66,D
27.33522,83.0026,311.42,284.71,0.45,0.55,2026-05-01,758,n,6.84,D
27.25542,80.97402,314.47,285.5,0.45,0.55,2026-05-01,808,n,7.7,D
26.73299,83.92332,313.36,289.46,0.45,0.55,2026-05-01,821,n,6.35,D
27.25414,82.6601,317.81,286.79,0.45,0.55,2026-05-01,801,n,5.63,D
26.75478,81.85928,314.4,286.31,0.45,0.55,2026-05-01,784,n,5.22,D
26.98758,84.29192,309.33,285.43,0.45,0.55,2026-05-01,763,n,3.12,D
25.80469,82.00914,312.99,290.45,0.45,0.55,2026-05-01,734,n,6.37,D
26.2378,81.22733,311.15,288.27,0.45,0.55,2026-05-01,766,n,4.08,D
26.21516,82.92064,314.66,287.65,0.45,0.55,2026-05-01,788,n,7.27,D
25.72948,84.06366,319.16,284.47,0.45,0.55,2026-05-01,756,n,7.2,D
25.85049,82.47539,310.46,287.03,0.45,0.55,2026-05-02,762,n,3.87,D
27.33388,83.00085,316.71,289.16,0.45,0.55,2026-05-02,819,n,10.74,D
27.25702,80.97551,313.18,284.86,0.45,0.55,2026-05-02,730,n,6.12,D
26.64334,83.9512,312.7,287.45,0.45,0.55,2026-05-02,829,n,5.11,D
27.35852,84.2592,313.43,285.2,0.45,0.55,2026-05-02,773,n,5.22,D
27.25211,82.66045,312.87,290.82,0.45,0.55,2026-05-02,747,n,7.94,D
26.8424,83.02904,313.44,287.16,0.45,0.55,2026-05-02,782,n,4.19,D
26.12352,82.49089,315.1,286.85,0.45,0.55,2026-05-02,748,n,3.75,D
25.56037,82.10378,315.51,287.07,0.45,0.55,2026-05-02,743,n,6.23,D
27.03044,81.65138,312.6,287.29,0.45,0.55,2026-05-02,758,n,5.89,D
25.80601,82.01087,312.67,288.3,0.45,0.55,2026-05-02,748,n,6.82,D
26.23925,81.22714,312.77,289.42,0.45,0.55,2026-05-02,743,n,3.01,D
25.38743,82.03789,320.2,291.28,0.45,0.55,2026-05-02,754,n,11.88,D
26.06257,84.12721,314.73,287.67,0.45,0.55,2026-05-02,814,n,8.43,D
26.41501,80.81795,313.1,287.07,0.45,0.55,2026-05-02,809,n,8.49,D
26.31419,81.9284,315.46,286.25,0.45,0.55,2026-05-02,809,n,7.94,D
25.06924,83.42949,315.62,286.08,0.45,0.55,2026-05-02,771,n,11.04,D
25.85104,82.47506,312.91,286.99,0.45,0.55,2026-05-03,824,n,4.28,D
27.35746,84.26115,317.66,288.57,0.45,0.55,2026-05-03,773,n,8.8,D
27.25379,82.65719,312.1,288.61,0.45,0.55,2026-05-03,746,n,3.13,D
26.39563,81.51969,315.72,290.23,0.45,0.55,2026-05-03,790,n,10.12,D
27.02334,80.35945,312.98,287.92,0.45,0.55,2026-05-03,773,n,6.7,D
25.61935,81.27609,317.35,289.74,0.45,0.55,2026-05-03,820,n,10.27,D
26.75452,81.86146,312.56,286.4,0.45,0.55,2026-05-03,751,n,3.59,D
26.12377,82.49118,314.27,288.63,0.45,0.55,2026-05-03,817,n,6.73,D
25.80484,82.00952,311.42,288.62,0.45,0.55,2026-05-03,762,n,3.52,D
25.72946,84.06571,310.89,289.72,0.45,0.55,2026-05-03,781,n,3.29,D
26.46851,83.20225,320.61,287.05,0.45,0.55,2026-05-03,811,n,10.15,D
25.59086,81.87026,313.76,286.93,0.45,0.55,2026-05-03,788,n,7.6,D
26.4415,84.12413,314.65,292.31,0.45,0.55,2026-05-03,778,n,7.6,D
25.08315,81.44471,318.16,286.74,0.45,0.55,2026-05-04,759,n,8.71,D
27.41694,82.81654,315.97,286.5,0.45,0.55,2026-05-04,760,n,11.06,D
27.25596,80.97584,318.65,289.14,0.45,0.55,2026-05-04,759,n,11.56,D
26.15318,84.41714,313.01,286.08,0.45,0.55,2026-05-04,764,n,9.02,D
25.61723,81.27306,314.27,292.59,0.45,0.55,2026-05-04,825,n,9.68,D
26.98818,84.29109,312.91,284.52,0.45,0.55,2026-05-04,819,n,7.11,D
26.84231,83.03003,313.72,288.76,0.45,0.55,2026-05-04,777,n,7.77,D
26.23852,81.22597,317.65,285.24,0.45,0.55,2026-05-04,761,n,4.38,D
26.16622,84.40302,312.43,290.54,0.45,0.55,2026-05-04,738,n,4.16,D
25.44906,82.345,315.71,288.15,0.45,0.55,2026-05-04,812,n,11.69,D
26.44041,84.123,317.06,287.12,0.45,0.55,2026-05-04,746,n,7.3,D
26.61249,82.86648,312.15,289.19,0.45,0.55,2026-05-04,754,n,4.53,D
26.4512,84.46357,315.05,287.64,0.45,0.55,2026-05-05,802,n,6.65,D
27.33464,83.00256,317.06,289.21,0.45,0.55,2026-05-05,732,n,10.53,D
25.45046,81.60656,315.13,288.09,0.45,0.55,2026-05-05,802,n,5.32,D
25.0579,83.89876,311.44,291.74,0.45,0.55,2026-05-05,751,n,6.68,D
27.02228,80.35848,313.47,288.35,0.45,0.55,2026-05-05,739,n,10.22,D
25.05736,82.9837,316.38,287.99,0.45,0.55,2026-05-05,744,n,9.4,D
26.75473,81.86197,315.06,286.56,0.45,0.55,2026-05-05,814,n,9.77,D
26.23917,81.22838,316.02,286.18,0.45,0.55,2026-05-05,747,n,8.72,D
26.50005,80.13045,316.43,286.52,0.45,0.55,2026-05-05,737,n,5.71,D
26.16521,84.40099,311.04,287.73,0.45,0.55,2026-05-05,801,n,5.82,D
25.44744,82.34823,313.79,286.54,0.45,0.55,2026-05-05,829,n,7.07,D
26.06157,84.12838,318.0,283.9,0.45,0.55,2026-05-05,777,n,10.84,D
25.08054,81.11028,314.69,287.07,0.45,0.55,2026-05-05,736,n,8.34,D
25.58733,81.87049,313.94,289.77,0.45,0.55,2026-05-05,761,n,4.43,D
26.44159,84.12168,312.17,287.53,0.45,0.55,2026-05-05,786,n,3.21,D
26.41387,80.81578,314.27,288.03,0.45,0.55,2026-05-05,756,n,3.56,D
26.61654,82.86292,309.59,286.17,0.45,0.55,2026-05-05,740,n,8.52,D
26.64921,84.48764,313.36,286.5,0.45,0.55,2026-05-05,819,n,8.91,D
27.41863,82.8182,316.79,287.48,0.45,0.55,2026-05-06,756,n,10.35,D
25.37323,84.37099,308.7,285.14,0.45,0.55,2026-05-06,825,n,3.74,D
27.25572,80.97652,316.66,283.77,0.45,0.55,2026-05-06,795,n,11.69,D
25.06109,83.89892,315.16,289.84,0.45,0.55,2026-05-06,808,n,9.29,D
26.7342,83.92564,318.44,288.19,0.45,0.55,2026-05-06,745,n,8.96,D
25.51227,80.26214,318.79,286.93,0.45,0.55,2026-05-06,824,n,7.22,D
25.61986,81.27588,316.66,287.86,0.45,0.55,2026-05-06,772,n,11.09,D
26.84289,83.02962,311.82,288.61,0.45,0.55,2026-05-06,735,n,7.17,D
26.49924,80.12922,312.28,287.74,0.45,0.55,2026-05-06,772,n,3.88,D
25.38774,82.03978,318.26,285.8,0.45,0.55,2026-05-06,805,n,7.91,D
26.4668,83.20063,317.17,287.48,0.45,0.55,2026-05-06,764,n,11.17,D
26.61322,82.86602,318.52,284.41,0.45,0.55,2026-05-06,783,n,6.96,D
25.5519,84.1575,310.24,290.89,0.45,0.55,2026-05-07,801,n,8.27,D
27.25449,82.65863,315.76,286.99,0.45,0.55,2026-05-07,789,n,11.58,D
26.75424,81.85991,310.8,286.68,0.45,0.55,2026-05-07,810,n,4.96,D
26.98788,84.29014,311.26,288.31,0.45,0.55,2026-05-07,822,n,9.9,D
25.80383,82.00967,314.1,287.94,0.45,0.55,2026-05-07,807,n,7.36,D
25.38845,82.04008,314.27,287.61,0.45,0.55,2026-05-07,757,n,6.6,D
25.44741,82.34673,313.67,287.21,0.45,0.55,2026-05-07,793,n,10.95,D
26.39283,82.09685,310.48,287.89,0.45,0.55,2026-05-07,820,n,5.43,D
25.08151,81.10937,315.47,288.89,0.45,0.55,2026-05-07,750,n,10.01,D
26.31315,81.92936,317.2,290.44,0.45,0.55,2026-05-07,809,n,10.03,D
26.61412,82.86715,315.69,287.7,0.45,0.55,2026-05-07,790,n,9.08,D
25.06797,83.42919,312.3,289.51,0.45,0.55,2026-05-07,828,n,5.02,D
25.55187,84.15522,313.43,290.87,0.45,0.55,2026-05-08,819,n,5.15,D
27.35747,84.25922,312.07,288.36,0.45,0.55,2026-05-08,786,n,6.97,D
25.058,83.89902,312.71,285.63,0.45,0.55,2026-05-08,800,n,6.14,D
26.0684,81.76576,316.04,287.11,0.45,0.55,2026-05-08,749,n,8.16,D
26.84944,81.83028,320.76,291.5,0.45,0.55,2026-05-08,763,n,11.7,D
25.61822,81.27518,319.04,287.4,0.45,0.55,2026-05-08,750,n,6.25,D
26.98976,84.29168,320.24,285.84,0.45,0.55,2026-05-08,775,n,11.35,D
26.12379,82.49222,315.93,292.54,0.45,0.55,2026-05-08,784,n,8.97,D
25.72027,81.09821,317.47,288.28,0.45,0.55,2026-05-08,782,n,8.61,D
27.0323,81.65231,315.55,288.99,0.45,0.55,2026-05-08,773,n,9.7,D
26.23811,81.22753,314.25,289.89,0.45,0.55,2026-05-08,778,n,7.47,D
25.38613,82.03962,319.17,284.38,0.45,0.55,2026-05-08,773,n,10.04,D
25.0805,81.10853,317.92,284.06,0.45,0.55,2026-05-08,745,n,11.05,D
26.41311,80.81651,314.59,286.69,0.45,0.55,2026-05-08,760,n,7.46,D
26.31469,81.9295,314.98,290.8,0.45,0.55,2026-05-08,801,n,9.74,D
26.65163,84.48739,315.13,285.01,0.45,0.55,2026-05-08,797,n,10.81,D
25.06907,83.43121,316.9,287.98,0.45,0.55,2026-05-08,788,n,9.41,D
25.8518,82.47543,314.67,288.23,0.45,0.55,2026-05-09,799,n,10.21,D
25.37526,84.3716,314.9,286.59,0.45,0.55,2026-05-09,807,n,5.51,D
26.87165,83.41788,315.31,290.78,0.45,0.55,2026-05-09,774,n,10.52,D
26.06563,81.76516,314.07,288.17,0.45,0.55,2026-05-09,762,n,6.95,D
25.51304,80.26178,313.31,286.42,0.45,0.55,2026-05-09,813,n,8.13,D
26.84165,83.03116,314.76,286.04,0.45,0.55,2026-05-09,751,n,3.89,D
26.16442,84.40201,317.53,286.87,0.45,0.55,2026-05-09,811,n,10.63,D
25.44926,82.34786,310.82,286.04,0.45,0.55,2026-05-09,747,n,9.5,D
25.59174,81.86904,313.23,290.41,0.45,0.55,2026-05-09,742,n,6.75,D
26.6148,82.86458,314.0,286.92,0.45,0.55,2026-05-09,773,n,8.56,D
25.08127,81.44461,312.0,288.65,0.45,0.55,2026-05-10,780,n,4.84,D
27.33654,83.00135,314.11,292.61,0.45,0.55,2026-05-10,752,n,4.41,D
25.37324,84.37218,313.01,290.01,0.45,0.55,2026-05-10,752,n,7.06,D
26.64117,83.95378,314.38,291.47,0.45,0.55,2026-05-10,791,n,4.86,D
25.45116,81.60702,317.07,289.39,0.45,0.55,2026-05-10,804,n,10.94,D
26.15637,84.41549,314.81,290.61,0.45,0.55,2026-05-10,817,n,7.49,D
27.02178,80.35864,313.43,286.65,0.45,0.55,2026-05-10,745,n,8.61,D
26.75397,81.8605,312.52,284.29,0.45,0.55,2026-05-10,813,n,4.5,D
26.12253,82.49024,309.32,287.99,0.45,0.55,2026-05-10,789,n,4.65,D
25.06651,82.1628,315.26,288.36,0.45,0.55,2026-05-10,761,n,3.69,D
27.02853,81.65203,312.68,287.87,0.45,0.55,2026-05-10,760,n,4.49,D
26.21542,82.9208,315.43,286.88,0.45,0.55,2026-05-10,822,n,7.02,D
25.44636,82.34801,313.08,283.22,0.45,0.55,2026-05-10,731,n,4.67,D
26.31286,81.9285,311.95,288.21,0.45,0.55,2026-05-10,769,n,3.46,D
26.61301,82.86572,316.85,287.47,0.45,0.55,2026-05-10,772,n,6.46,D
27.33495,83.00202,313.73,288.18,0.45,0.55,2026-05-11,739,n,5.97,D
25.3717,84.37359,315.02,284.27,0.45,0.55,2026-05-11,764,n,10.48,D
25.55204,84.1558,316.62,290.63,0.45,0.55,2026-05-11,795,n,4.39,D
25.45083,81.60734,314.64,287.18,0.45,0.55,2026-05-11,814,n,7.67,D
27.35802,84.25973,311.81,290.05,0.45,0.55,2026-05-11,817,n,7.54,D
26.73475,83.921,311.12,288.6,0.45,0.55,2026-05-11,807,n,4.1,D
26.15666,84.41856,319.71,285.1,0.45,0.55,2026-05-11,793,n,8.64,D
26.87078,83.41634,315.81,287.11,0.45,0.55,2026-05-11,801,n,10.63,D
25.51341,80.26312,315.06,290.25,0.45,0.55,2026-05-11,797,n,5.97,D
26.8487,81.83062,311.42,285.27,0.45,0.55,2026-05-11,755,n,9.59,D
27.02336,80.3597,315.43,288.67,0.45,0.55,2026-05-11,805,n,5.21,D
25.06005,82.98492,309.28,287.53,0.45,0.55,2026-05-11,827,n,6.14,D
26.84172,83.02776,313.77,288.83,0.45,0.55,2026-05-11,799,n,7.97,D
26.23841,81.22776,312.91,287.99,0.45,0.55,2026-05-11,827,n,4.8,D
26.3944,82.09638,312.06,286.71,0.45,0.55,2026-05-11,734,n,10.06,D
25.06946,83.43118,312.16,286.29,0.45,0.55,2026-05-11,748,n,5.57,D
25.5128,80.26206,319.47,285.76,0.45,0.55,2026-05-12,790,n,10.11,D
26.39452,81.52061,314.95,290.07,0.45,0.55,2026-05-12,798,n,9.1,D
26.84797,81.8319,314.8,290.21,0.45,0.55,2026-05-12,813,n,5.01,D
25.80372,82.01186,319.5,289.27,0.45,0.55,2026-05-12,755,n,11.16,D
26.50171,80.13029,315.99,292.4,0.45,0.55,2026-05-12,763,n,7.92,D
26.21621,82.92133,316.46,288.57,0.45,0.55,2026-05-12,736,n,10.28,D
25.44948,82.34537,318.95,282.98,0.45,0.55,2026-05-12,821,n,11.35,D
26.44081,84.12105,315.21,289.48,0.45,0.55,2026-05-12,747,n,5.48,D
26.64955,84.48785,317.08,286.1,0.45,0.55,2026-05-12,763,n,10.1,D
25.06913,83.4297,315.55,293.31,0.45,0.55,2026-05-12,816,n,9.63,D
25.08347,81.44492,313.9,284.86,0.45,0.55,2026-05-13,807,n,8.75,D
27.41871,82.81834,312.46,287.55,0.45,0.55,2026-05-13,803,n,8.99,D
27.2548,80.97488,318.29,287.73,0.45,0.55,2026-05-13,784,n,7.38,D
25.55219,84.15631,312.71,285.92,0.45,0.55,2026-05-13,808,n,8.21,D
25.05912,83.89894,315.18,288.53,0.45,0.55,2026-05-13,775,n,11.54,D
26.86944,83.41577,317.48,290.09,0.45,0.55,2026-05-13,743,n,11.02,D
26.39367,81.52164,316.57,289.11,0.45,0.55,2026-05-13,767,n,9.42,D
26.84199,83.02921,315.03,289.69,0.45,0.55,2026-05-13,778,n,3.5,D
27.03112,81.65199,312.07,288.7,0.45,0.55,2026-05-13,754,n,8.24,D
25.80225,82.0129,312.15,290.13,0.45,0.55,2026-05-13,760,n,3.38,D
26.23833,81.22716,314.89,288.56,0.45,0.55,2026-05-13,810,n,8.02,D
26.0623,84.12683,316.01,286.41,0.45,0.55,2026-05-13,783,n,9.13,D
26.31554,81.9293,315.41,287.07,0.45,0.55,2026-05-13,774,n,11.85,D
26.65229,84.48736,313.77,286.64,0.45,0.55,2026-05-13,820,n,5.28,D
27.41901,82.81909,317.03,290.5,0.45,0.55,2026-05-14,781,n,6.35,D
25.85131,82.47309,318.02,289.09,0.45,0.55,2026-05-14,755,n,11.04,D
27.2564,80.97625,315.82,290.62,0.45,0.55,2026-05-14,730,n,6.59,D
25.55231,84.15739,310.97,288.32,0.45,0.55,2026-05-14,756,n,5.13,D
25.45093,81.60666,308.63,289.66,0.45,0.55,2026-05-14,816,n,5.45,D
25.05712,83.90026,313.33,286.28,0.45,0.55,2026-05-14,824,n,7.71,D
26.84906,81.83171,311.31,288.73,0.45,0.55,2026-05-14,766,n,3.14,D
26.84248,83.0276,315.75,289.03,0.45,0.55,2026-05-14,758,n,9.95,D
25.0656,82.16295,315.52,290.88,0.45,0.55,2026-05-14,768,n,9.38,D
26.50163,80.13032,307.98,287.79,0.45,0.55,2026-05-14,819,n,5.11,D
25.4494,82.34613,312.36,285.75,0.45,0.55,2026-05-14,775,n,5.9,D
26.39416,82.09537,317.74,285.92,0.45,0.55,2026-05-14,779,n,6.62,D
27.42043,82.81928,316.33,285.03,0.45,0.55,2026-05-15,758,n,7.09,D
27.33497,83.00165,315.16,288.17,0.45,0.55,2026-05-15,806,n,11.25,D
26.64276,83.9506,310.06,287.81,0.45,0.55,2026-05-15,808,n,5.23,D
25.54982,84.15716,313.87,286.76,0.45,0.55,2026-05-15,803,n,6.67,D
25.44976,81.60773,312.63,289.67,0.45,0.55,2026-05-15,737,n,3.16,D
25.05731,83.89938,311.69,292.12,0.45,0.55,2026-05-15,769,n,4.44,D
26.73539,83.92248,313.96,287.11,0.45,0.55,2026-05-15,807,n,8.29,D
25.51401,80.26315,316.12,289.63,0.45,0.55,2026-05-15,757,n,9.47,D
25.06456,82.16449,311.66,287.39,0.45,0.55,2026-05-15,758,n,6.2,D
25.38621,82.03874,312.06,290.84,0.45,0.55,2026-05-15,748,n,7.83,D
25.73054,84.06339,315.51,290.74,0.45,0.55,2026-05-15,789,n,6.35,D
26.06148,84.12577,319.17,287.13,0.45,0.55,2026-05-15,819,n,9.75,D
26.39354,82.09533,313.77,286.38,0.45,0.55,2026-05-15,818,n,4.23,D
26.46391,83.20106,316.95,289.3,0.45,0.55,2026-05-15,799,n,7.93,D
25.58782,81.86899,318.05,289.2,0.45,0.55,2026-05-15,822,n,10.13,D
26.44257,84.12164,316.97,283.84,0.45,0.55,2026-05-15,800,n,10.3,D
26.41343,80.81684,313.88,284.15,0.45,0.55,2026-05-15,783,n,10.66,D
26.61456,82.86375,315.19,288.7,0.45,0.55,2026-05-15,802,n,7.71,D
25.06863,83.42874,316.79,289.77,0.45,0.55,2026-05-15,770,n,7.67,D
26.4492,84.45959,316.32,288.3,0.45,0.55,2026-05-16,828,n,6.57,D
25.85183,82.47406,312.09,287.08,0.45,0.55,2026-05-16,741,n,7.85,D
25.37298,84.37144,313.03,289.19,0.45,0.55,2026-05-16,763,n,7.86,D
26.15456,84.41651,312.19,290.15,0.45,0.55,2026-05-16,802,n,4.7,D
26.8712,83.41735,311.71,285.26,0.45,0.55,2026-05-16,760,n,3.98,D
26.0652,81.76552,309.45,286.01,0.45,0.55,2026-05-16,754,n,4.93,D
25.51402,80.26118,310.25,286.93,0.45,0.55,2026-05-16,814,n,7.69,D
27.02466,80.35879,317.9,284.98,0.45,0.55,2026-05-16,767,n,11.49,D
26.75418,81.85951,313.55,289.22,0.45,0.55,2026-05-16,809,n,9.67,D
26.23841,81.22699,309.9,283.02,0.45,0.55,2026-05-16,733,n,3.16,D
25.45007,82.34657,318.09,289.7,0.45,0.55,2026-05-16,798,n,8.56,D
26.46637,83.20075,311.42,284.82,0.45,0.55,2026-05-16,746,n,3.48,D
26.44074,84.12308,314.02,284.86,0.45,0.55,2026-05-16,754,n,7.51,D
25.06849,83.4291,318.98,287.22,0.45,0.55,2026-05-16,817,n,11.66,D
25.45062,81.60636,314.54,287.11,0.45,0.55,2026-05-17,809,n,7.13,D
27.02305,80.35832,316.89,290.73,0.45,0.55,2026-05-17,738,n,10.22,D
26.12338,82.49149,311.6,285.63,0.45,0.55,2026-05-17,764,n,4.63,D
25.38842,82.03576,312.13,283.99,0.45,0.55,2026-05-17,791,n,5.28,D
26.39583,82.09639,312.36,286.27,0.45,0.55,2026-05-17,797,n,9.38,D
26.46502,83.20279,315.57,288.54,0.45,0.55,2026-05-17,808,n,6.57,D
25.08032,81.11085,313.52,290.37,0.45,0.55,2026-05-17,769,n,4.79,D
27.42051,82.81864,315.58,287.65,0.45,0.55,2026-05-18,767,n,5.77,D
25.85113,82.47365,311.04,290.77,0.45,0.55,2026-05-18,736,n,3.51,D
26.06679,81.76547,317.61,285.87,0.45,0.55,2026-05-18,811,n,10.58,D
26.49875,80.13164,311.57,290.03,0.45,0.55,2026-05-18,803,n,3.62,D
25.38785,82.03966,314.3,288.79,0.45,0.55,2026-05-18,767,n,6.04,D
26.06125,84.12785,316.46,287.21,0.45,0.55,2026-05-18,827,n,10.13,D
26.39486,82.09368,311.21,291.44,0.45,0.55,2026-05-18,828,n,4.78,D
26.44168,84.12145,315.15,288.04,0.45,0.55,2026-05-18,794,n,7.43,D
26.31555,81.92736,317.63,285.83,0.45,0.55,2026-05-18,779,n,8.63,D
25.06928,83.42774,314.9,287.79,0.45,0.55,2026-05-18,773,n,9.55,D
26.45134,84.45947,313.71,285.56,0.45,0.55,2026-05-19,746,n,5.37,D
25.84987,82.4764,313.92,289.32,0.45,0.55,2026-05-19,770,n,6.26,D
27.25515,80.97494,315.23,285.24,0.45,0.55,2026-05-19,749,n,9.03,D
26.15198,84.41572,317.89,289.64,0.45,0.55,2026-05-19,765,n,11.6,D
26.87025,83.41642,312.68,290.15,0.45,0.55,2026-05-19,825,n,3.82,D
25.51391,80.26284,312.37,284.85,0.45,0.55,2026-05-19,734,n,7.21,D
27.2523,82.65799,311.66,291.61,0.45,0.55,2026-05-19,732,n,8.17,D
26.12317,82.49164,316.06,289.92,0.45,0.55,2026-05-19,826,n,4.18,D
25.06626,82.16179,312.31,289.3,0.45,0.55,2026-05-19,805,n,4.05,D
25.38637,82.038,317.08,285.23,0.45,0.55,2026-05-19,801,n,9.78,D
26.0606,84.12818,310.9,286.65,0.45,0.55,2026-05-19,792,n,3.41,D
25.59019,81.87201,311.48,291.65,0.45,0.55,2026-05-19,805,n,3.59,D
26.4128,80.81744,308.89,290.6,0.45,0.55,2026-05-19,778,n,3.28,D
27.33542,83.00262,316.97,287.47,0.45,0.55,2026-05-20,805,n,6.78,D
25.55198,84.15497,318.44,287.93,0.45,0.55,2026-05-20,775,n,11.5,D
26.06856,81.76553,310.55,287.65,0.45,0.55,2026-05-20,746,n,3.71,D
27.02325,80.35946,316.61,287.67,0.45,0.55,2026-05-20,796,n,6.58,D
26.9882,84.29322,311.45,291.05,0.45,0.55,2026-05-20,792,n,6.13,D
25.72171,81.09821,315.14,288.56,0.45,0.55,2026-05-20,791,n,11.77,D
25.56241,82.10242,317.61,289.92,0.45,0.55,2026-05-20,753,n,10.06,D
25.80458,82.00947,315.4,288.7,0.45,0.55,2026-05-20,754,n,8.03,D
26.49863,80.13043,311.01,285.91,0.45,0.55,2026-05-20,811,n,3.67,D
26.21555,82.9185,313.75,285.6,0.45,0.55,2026-05-20,827,n,4.96,D
26.16492,84.40147,313.11,288.88,0.45,0.55,2026-05-20,772,n,3.65,D
26.45074,84.46206,313.55,290.92,0.45,0.55,2026-05-21,793,n,6.62,D
25.84965,82.47653,314.91,286.24,0.45,0.55,2026-05-21,794,n,7.84,D
26.64314,83.95349,313.94,288.63,0.45,0.55,2026-05-21,786,n,6.9,D
25.55177,84.1576,315.88,288.37,0.45,0.55,2026-05-21,807,n,7.36,D
25.05786,83.89813,314.76,288.66,0.45,0.55,2026-05-21,732,n,7.19,D
26.15325,84.41726,318.7,287.49,0.45,0.55,2026-05-21,828,n,8.42,D
25.51313,80.26284,311.7,289.06,0.45,0.55,2026-05-21,829,n,5.71,D
26.84869,81.833,313.21,289.09,0.45,0.55,2026-05-21,783,n,3.46,D
26.84303,83.02923,318.77,287.28,0.45,0.55,2026-05-21,779,n,6.57,D
26.12576,82.49114,316.85,283.64,0.45,0.55,2026-05-21,743,n,8.99,D
27.02887,81.65147,315.35,290.26,0.45,0.55,2026-05-21,819,n,9.09,D
25.729,84.06529,315.29,285.64,0.45,0.55,2026-05-21,796,n,8.94,D
26.0597,84.12708,314.79,288.26,0.45,0.55,2026-05-21,756,n,10.13,D
26.39514,82.09421,311.71,286.24,0.45,0.55,2026-05-21,807,n,8.56,D
26.6506,84.48811,316.97,288.77,0.45,0.55,2026-05-21,768,n,5.43,D
26.45103,84.45753,318.4,288.47,0.45,0.55,2026-05-22,754,n,10.75,D
27.42189,82.81673,314.86,284.73,0.45,0.55,2026-05-22,792,n,4.52,D
27.25455,80.97553,315.87,287.15,0.45,0.55,2026-05-22,784,n,9.19,D
26.15557,84.41768,312.51,288.91,0.45,0.55,2026-05-22,805,n,3.67,D
26.87202,83.41624,313.35,287.28,0.45,0.55,2026-05-22,744,n,8.9,D
26.39674,81.52167,315.47,291.94,0.45,0.55,2026-05-22,816,n,3.06,D
27.02389,80.35917,317.47,288.78,0.45,0.55,2026-05-22,748,n,8.79,D
25.72069,81.09933,313.88,284.98,0.45,0.55,2026-05-22,766,n,6.41,D
25.56278,82.10433,313.02,285.62,0.45,0.55,2026-05-22,811,n,10.77,D
27.03189,81.65274,313.39,285.25,0.45,0.55,2026-05-22,731,n,6.04,D
25.72927,84.06445,314.1,287.81,0.45,0.55,2026-05-22,770,n,9.09,D
26.06077,84.12759,311.87,287.92,0.45,0.55,2026-05-22,739,n,6.96,D
26.3931,82.09578,311.13,287.26,0.45,0.55,2026-05-22,808,n,7.42,D
26.4673,83.20181,314.42,288.64,0.45,0.55,2026-05-22,817,n,11.41,D
25.08087,81.11079,313.51,287.49,0.45,0.55,2026-05-22,741,n,7.48,D
26.44085,84.12031,310.6,287.3,0.45,0.55,2026-05-22,794,n,4.63,D
27.41968,82.81763,314.06,290.04,0.45,0.55,2026-05-23,798,n,7.04,D
25.84967,82.47317,309.9,289.47,0.45,0.55,2026-05-23,736,n,5.06,D
26.64301,83.9527,314.46,287.79,0.45,0.55,2026-05-23,733,n,8.94,D
27.35875,84.25916,316.27,284.97,0.45,0.55,2026-05-23,756,n,8.82,D
26.06696,81.76202,316.91,290.19,0.45,0.55,2026-05-23,825,n,7.11,D
27.25366,82.65641,317.18,285.99,0.45,0.55,2026-05-23,815,n,10.37,D
26.98854,84.29207,315.78,285.65,0.45,0.55,2026-05-23,790,n,6.71,D
26.23986,81.22596,312.21,287.99,0.45,0.55,2026-05-23,741,n,4.74,D
25.58888,81.86934,310.25,290.33,0.45,0.55,2026-05-23,799,n,3.42,D
26.61381,82.86647,316.86,290.43,0.45,0.55,2026-05-23,793,n,8.73,D
25.08334,81.44554,315.13,286.58,0.45,0.55,2026-05-24,735,n,7.46,D
25.3725,84.37187,315.06,282.53,0.45,0.55,2026-05-24,764,n,10.52,D
25.55167,84.15727,316.86,288.36,0.45,0.55,2026-05-24,794,n,8.88,D
25.45056,81.60851,310.6,289.8,0.45,0.55,2026-05-24,760,n,7.33,D
25.05737,83.89806,310.6,287.67,0.45,0.55,2026-05-24,805,n,4.54,D
26.15453,84.41756,315.85,288.69,0.45,0.55,2026-05-24,759,n,10.17,D
26.87019,83.41723,314.76,286.31,0.45,0.55,2026-05-24,799,n,10.14,D
27.02507,80.3601,318.87,288.72,0.45,0.55,2026-05-24,821,n,11.29,D
25.61708,81.27388,314.76,289.24,0.45,0.55,2026-05-24,764,n,6.8,D
26.98921,84.29187,317.8,289.39,0.45,0.55,2026-05-24,805,n,11.75,D
26.12492,82.49076,316.71,290.26,0.45,0.55,2026-05-24,776,n,7.44,D
25.06501,82.1626,314.03,288.75,0.45,0.55,2026-05-24,781,n,6.04,D
27.03009,81.65422,315.3,291.22,0.45,0.55,2026-05-24,755,n,8.23,D
26.23881,81.22675,311.8,288.5,0.45,0.55,2026-05-24,758,n,8.65,D
26.49919,80.13201,313.66,289.07,0.45,0.55,2026-05-24,785,n,9.06,D
26.16532,84.40191,313.25,287.64,0.45,0.55,2026-05-24,785,n,3.65,D
25.44926,82.34582,314.58,289.16,0.45,0.55,2026-05-24,826,n,11.26,D
26.61468,82.86629,315.46,285.73,0.45,0.55,2026-05-24,732,n,9.77,D
26.64986,84.48764,314.55,288.77,0.45,0.55,2026-05-24,730,n,5.81,D
27.41889,82.81754,314.22,288.48,0.45,0.55,2026-05-25,740,n,5.29,D
25.85002,82.47403,313.01,288.78,0.45,0.55,2026-05-25,804,n,6.0,D
27.33387,83.00317,312.92,290.0,0.45,0.55,2026-05-25,815,n,3.53,D
25.45143,81.60718,313.57,284.01,0.45,0.55,2026-05-25,797,n,10.67,D
26.39519,81.5225,315.2,289.9,0.45,0.55,2026-05-25,815,n,9.03,D
26.75353,81.8597,313.03,288.4,0.45,0.55,2026-05-25,768,n,5.88,D
26.84142,83.031,314.24,288.41,0.45,0.55,2026-05-25,736,n,3.52,D
25.72023,81.09859,313.7,289.55,0.45,0.55,2026-05-25,732,n,8.26,D
25.80606,82.01144,314.32,288.86,0.45,0.55,2026-05-25,780,n,5.66,D
26.23977,81.22701,313.95,289.32,0.45,0.55,2026-05-25,778,n,3.47,D
25.44969,82.34602,318.25,285.63,0.45,0.55,2026-05-25,744,n,8.74,D
26.46579,83.20188,313.09,285.48,0.45,0.55,2026-05-25,817,n,9.57,D
26.61433,82.86626,314.8,290.62,0.45,0.55,2026-05-25,732,n,7.55,D
25.37394,84.3719,311.92,290.08,0.45,0.55,2026-05-26,734,n,3.88,D
27.35858,84.2594,316.57,289.23,0.45,0.55,2026-05-26,807,n,8.79,D
26.75458,81.8601,313.08,285.79,0.45,0.55,2026-05-26,804,n,3.93,D
26.84107,83.03137,314.01,287.88,0.45,0.55,2026-05-26,755,n,9.27,D
26.23791,81.22722,310.12,287.14,0.45,0.55,2026-05-26,828,n,7.62,D
26.50032,80.13132,311.11,287.15,0.45,0.55,2026-05-26,784,n,3.71,D
26.21515,82.91899,311.65,287.51,0.45,0.55,2026-05-26,818,n,8.52,D
25.58969,81.87056,312.26,287.76,0.45,0.55,2026-05-26,821,n,4.46,D
26.41492,80.8154,318.03,292.71,0.45,0.55,2026-05-26,773,n,11.36,D
26.64985,84.48729,316.18,291.37,0.45,0.55,2026-05-26,797,n,10.96,D
25.08255,81.44565,315.41,286.29,0.45,0.55,2026-05-27,813,n,8.76,D
27.42187,82.81887,313.26,288.54,0.45,0.55,2026-05-27,792,n,3.1,D
26.73522,83.92418,312.9,290.58,0.45,0.55,2026-05-27,759,n,4.57,D
26.1548,84.41804,313.08,289.84,0.45,0.55,2026-05-27,797,n,10.52,D
26.06778,81.76686,317.49,288.16,0.45,0.55,2026-05-27,743,n,9.28,D
27.25314,82.65773,310.57,288.41,0.45,0.55,2026-05-27,784,n,3.22,D
27.02365,80.3587,314.92,288.63,0.45,0.55,2026-05-27,780,n,8.96,D
25.05867,82.98615,317.8,289.82,0.45,0.55,2026-05-27,809,n,9.55,D
26.12382,82.49227,310.76,292.39,0.45,0.55,2026-05-27,795,n,3.9,D
25.80561,82.01265,310.68,286.72,0.45,0.55,2026-05-27,820,n,3.39,D
26.23852,81.22666,311.79,287.87,0.45,0.55,2026-05-27,765,n,3.47,D
26.46578,83.20155,314.2,287.9,0.45,0.55,2026-05-27,740,n,4.22,D
26.31567,81.92848,312.74,286.41,0.45,0.55,2026-05-27,793,n,4.04,D
26.61345,82.86644,316.83,287.69,0.45,0.55,2026-05-27,783,n,9.99,D
25.08233,81.44397,314.64,287.1,0.45,0.55,2026-05-28,811,n,9.36,D
25.45164,81.60852,316.8,289.92,0.45,0.55,2026-05-28,759,n,11.98,D
27.35759,84.26082,311.66,285.72,0.45,0.55,2026-05-28,798,n,4.33,D
25.05757,83.90009,312.5,287.45,0.45,0.55,2026-05-28,748,n,7.73,D
26.73317,83.92149,317.36,286.45,0.45,0.55,2026-05-28,745,n,9.79,D
26.75456,81.86113,314.04,286.22,0.45,0.55,2026-05-28,737,n,4.27,D
25.72141,81.09837,312.32,290.22,0.45,0.55,2026-05-28,815,n,8.69,D
25.56179,82.10309,311.15,283.49,0.45,0.55,2026-05-28,810,n,7.92,D
25.80645,82.01062,313.72,288.44,0.45,0.55,2026-05-28,770,n,6.18,D
26.06172,84.12496,317.09,288.31,0.45,0.55,2026-05-28,796,n,7.8,D
25.08075,81.10983,316.34,286.99,0.45,0.55,2026-05-28,759,n,7.78,D
25.07131,83.43021,313.08,291.1,0.45,0.55,2026-05-28,780,n,4.22,D
27.41784,82.81699,313.21,287.15,0.45,0.55,2026-05-29,763,n,7.18,D
25.85026,82.47413,318.69,288.24,0.45,0.55,2026-05-29,764,n,7.64,D
26.87065,83.41886,316.02,289.64,0.45,0.55,2026-05-29,796,n,5.37,D
26.39517,81.52056,307.95,284.31,0.45,0.55,2026-05-29,732,n,3.31,D
25.7205,81.09726,317.64,289.38,0.45,0.55,2026-05-29,815,n,10.68,D
26.23995,81.22911,313.83,288.4,0.45,0.55,2026-05-29,816,n,11.05,D
26.21556,82.91933,320.73,286.15,0.45,0.55,2026-05-29,762,n,11.8,D
26.16375,84.40304,312.97,283.01,0.45,0.55,2026-05-29,785,n,5.86,D
26.06071,84.12777,311.03,286.14,0.45,0.55,2026-05-29,788,n,3.95,D
25.08005,81.10991,310.63,286.64,0.45,0.55,2026-05-29,735,n,7.26,D
26.64978,84.48781,314.17,287.2,0.45,0.55,2026-05-29,826,n,3.12,D
27.25372,80.97504,316.37,287.17,0.45,0.55,2026-05-30,828,n,5.34,D
26.73376,83.92378,313.3,287.94,0.45,0.55,2026-05-30,741,n,6.67,D
25.61853,81.27363,310.61,284.52,0.45,0.55,2026-05-30,768,n,3.71,D
25.05635,82.9873,310.87,289.39,0.45,0.55,2026-05-30,781,n,8.99,D
25.71945,81.09738,316.09,287.67,0.45,0.55,2026-05-30,819,n,9.9,D
25.44892,82.3453,318.13,291.23,0.45,0.55,2026-05-30,825,n,11.15,D
26.0609,84.12782,315.76,287.86,0.45,0.55,2026-05-30,814,n,9.41,D
26.4399,84.12002,313.96,287.68,0.45,0.55,2026-05-30,740,n,8.89,D
26.61348,82.86651,316.11,288.05,0.45,0.55,2026-05-30,819,n,9.5,D
25.08144,81.44643,316.87,291.09,0.45,0.55,2026-05-31,788,n,9.7,D
27.25465,80.97463,318.15,284.93,0.45,0.55,2026-05-31,767,n,5.52,D
26.64148,83.95193,310.61,286.19,0.45,0.55,2026-05-31,790,n,4.74,D
25.55222,84.15593,312.0,290.87,0.45,0.55,2026-05-31,794,n,3.67,D
25.45039,81.60609,318.03,291.07,0.45,0.55,2026-05-31,741,n,10.44,D
26.73482,83.92172,311.74,285.57,0.45,0.55,2026-05-31,737,n,4.88,D
26.15608,84.41774,312.13,290.83,0.45,0.55,2026-05-31,761,n,9.89,D
27.25269,82.65753,313.94,290.96,0.45,0.55,2026-05-31,827,n,9.09,D
26.39576,81.52024,315.36,285.15,0.45,0.55,2026-05-31,804,n,5.48,D
26.84778,81.83106,312.06,288.43,0.45,0.55,2026-05-31,790,n,5.36,D
26.21457,82.92133,313.27,285.53,0.45,0.55,2026-05-31,787,n,3.44,D
25.44987,82.34605,311.6,288.36,0.45,0.55,2026-05-31,780,n,3.2,D
26.46523,83.20149,317.19,288.44,0.45,0.55,2026-05-31,784,n,8.1,D
26.3146,81.92886,317.05,291.82,0.45,0.55,2026-05-31,769,n,10.06,D
25.0829,81.44394,316.05,292.44,0.45,0.55,2026-06-01,795,n,7.61,D
25.84962,82.47602,319.67,285.58,0.45,0.55,2026-06-01,828,n,7.12,D
27.25461,80.97549,317.4,286.69,0.45,0.55,2026-06-01,786,n,11.98,D
25.44832,81.6055,315.22,286.36,0.45,0.55,2026-06-01,804,n,8.28,D
27.35701,84.26037,313.37,285.27,0.45,0.55,2026-06-01,791,n,8.62,D
25.05868,83.89781,311.74,286.72,0.45,0.55,2026-06-01,791,n,4.16,D
26.15519,84.41656,315.75,290.43,0.45,0.55,2026-06-01,750,n,10.24,D
26.86961,83.41821,316.85,287.37,0.45,0.55,2026-06-01,773,n,10.39,D
27.02325,80.35828,311.21,285.88,0.45,0.55,2026-06-01,800,n,4.43,D
26.75319,81.86101,316.85,289.02,0.45,0.55,2026-06-01,787,n,11.77,D
26.84264,83.031,313.37,293.52,0.45,0.55,2026-06-01,787,n,4.74,D
25.80653,82.00923,317.09,287.25,0.45,0.55,2026-06-01,747,n,11.41,D
26.16697,84.40297,315.22,290.96,0.45,0.55,2026-06-01,785,n,11.64,D
25.38749,82.03726,312.66,286.91,0.45,0.55,2026-06-01,823,n,6.7,D
25.73027,84.06346,312.92,284.85,0.45,0.55,2026-06-01,786,n,6.54,D
26.46732,83.2019,312.77,288.32,0.45,0.55,2026-06-01,752,n,4.88,D
25.07952,81.11142,319.76,289.88,0.45,0.55,2026-06-01,804,n,9.3,D
27.4198,82.81808,312.75,287.52,0.45,0.55,2026-06-02,827,n,7.58,D
25.37333,84.3698,313.24,287.61,0.45,0.55,2026-06-02,788,n,4.09,D
26.6433,83.9522,311.59,288.84,0.45,0.55,2026-06-02,826,n,3.71,D
25.45005,81.60722,320.39,288.71,0.45,0.55,2026-06-02,794,n,11.15,D
27.35651,84.26011,313.15,287.82,0.45,0.55,2026-06-02,783,n,6.06,D
26.8708,83.4149,315.4,290.45,0.45,0.55,2026-06-02,769,n,8.05,D
26.06625,81.76665,317.26,288.53,0.45,0.55,2026-06-02,755,n,11.04,D
26.3971,81.52225,315.67,286.04,0.45,0.55,2026-06-02,732,n,5.23,D
26.84988,81.83051,314.07,283.0,0.45,0.55,2026-06-02,752,n,10.44,D
26.98785,84.2916,314.36,287.46,0.45,0.55,2026-06-02,826,n,4.02,D
27.03143,81.65257,315.03,286.77,0.45,0.55,2026-06-02,795,n,8.98,D
26.46689,83.2008,322.08,286.96,0.45,0.55,2026-06-02,810,n,10.84,D
25.58856,81.87118,313.24,288.27,0.45,0.55,2026-06-02,787,n,7.58,D
26.44055,84.12162,315.22,287.97,0.45,0.55,2026-06-02,819,n,9.28,D
26.45176,84.46079,315.67,286.21,0.45,0.55,2026-06-03,790,n,10.65,D
27.42084,82.81692,312.11,284.71,0.45,0.55,2026-06-03,805,n,5.84,D
27.33428,83.00167,312.58,286.64,0.45,0.55,2026-06-03,753,n,4.73,D
27.25716,80.97608,315.05,284.35,0.45,0.55,2026-06-03,769,n,9.11,D
25.05953,83.90004,317.97,287.69,0.45,0.55,2026-06-03,801,n,8.05,D
26.15388,84.4183,315.78,287.75,0.45,0.55,2026-06-03,786,n,7.02,D
26.87135,83.41713,310.78,287.41,0.45,0.55,2026-06-03,769,n,6.48,D
26.06724,81.76547,314.18,284.73,0.45,0.55,2026-06-03,818,n,3.38,D
26.39665,81.52157,313.38,285.31,0.45,0.55,2026-06-03,827,n,10.99,D
25.5631,82.10428,315.87,288.14,0.45,0.55,2026-06-03,774,n,7.06,D
26.2167,82.92054,318.87,284.82,0.45,0.55,2026-06-03,784,n,11.29,D
26.16638,84.40286,315.91,285.26,0.45,0.55,2026-06-03,759,n,6.08,D
25.38771,82.0382,318.22,286.29,0.45,0.55,2026-06-03,829,n,9.93,D
26.39508,82.09571,312.58,286.53,0.45,0.55,2026-06-03,789,n,3.07,D
26.4153,80.81544,314.62,288.73,0.45,0.55,2026-06-03,742,n,7.13,D
26.61486,82.8652,318.0,287.01,0.45,0.55,2026-06-03,783,n,10.31,D
25.08219,81.44445,314.93,288.35,0.45,0.55,2026-06-04,770,n,9.54,D
27.33497,83.00225,311.67,288.85,0.45,0.55,2026-06-04,789,n,6.75,D
27.25311,80.97528,319.17,289.37,0.45,0.55,2026-06-04,807,n,10.49,D
25.55194,84.15427,318.38,286.55,0.45,0.55,2026-06-04,779,n,9.74,D
25.44751,81.60664,313.25,287.14,0.45,0.55,2026-06-04,733,n,9.85,D
26.87042,83.41898,314.75,288.18,0.45,0.55,2026-06-04,739,n,8.91,D
26.39508,81.52138,315.34,289.04,0.45,0.55,2026-06-04,734,n,9.72,D
25.6194,81.27555,314.02,288.16,0.45,0.55,2026-06-04,741,n,9.37,D
26.75321,81.86013,315.47,285.84,0.45,0.55,2026-06-04,747,n,8.93,D
25.72069,81.09651,314.71,287.23,0.45,0.55,2026-06-04,745,n,7.92,D
25.06678,82.16523,315.99,288.32,0.45,0.55,2026-06-04,783,n,8.89,D
27.0298,81.65306,314.91,288.08,0.45,0.55,2026-06-04,763,n,5.49,D
26.23779,81.22729,314.09,287.55,0.45,0.55,2026-06-04,748,n,5.37,D
26.49937,80.13007,312.57,285.88,0.45,0.55,2026-06-04,760,n,4.15,D
25.45221,82.34508,309.99,287.22,0.45,0.55,2026-06-04,755,n,4.43,D
26.39374,82.0936,316.67,291.17,0.45,0.55,2026-06-04,821,n,5.83,D
26.31272,81.92962,316.66,290.6,0.45,0.55,2026-06-04,822,n,9.39,D
27.25595,80.97456,312.8,290.22,0.45,0.55,2026-06-05,811,n,7.15,D
25.51377,80.26172,319.66,291.17,0.45,0.55,2026-06-05,761,n,11.55,D
26.39567,81.52292,314.37,287.36,0.45,0.55,2026-06-05,802,n,8.78,D
25.62119,81.2771,315.33,289.86,0.45,0.55,2026-06-05,759,n,9.47,D
25.05677,82.98775,311.57,288.25,0.45,0.55,2026-06-05,781,n,5.74,D
26.98838,84.29219,314.5,288.99,0.45,0.55,2026-06-05,761,n,4.09,D
26.8422,83.02893,313.23,288.29,0.45,0.55,2026-06-05,750,n,7.53,D
25.06526,82.16474,315.46,288.51,0.45,0.55,2026-06-05,819,n,10.69,D
25.80731,82.01279,317.97,287.27,0.45,0.55,2026-06-05,823,n,7.45,D
26.23871,81.22987,317.36,284.92,0.45,0.55,2026-06-05,762,n,11.58,D
26.06316,84.12582,316.81,287.42,0.45,0.55,2026-06-05,804,n,6.95,D
26.39269,82.09505,316.55,286.27,0.45,0.55,2026-06-05,825,n,10.02,D
26.31595,81.92695,311.31,286.37,0.45,0.55,2026-06-05,761,n,3.02,D
27.4195,82.81901,315.34,290.45,0.45,0.55,2026-06-06,758,n,9.93,D
25.85056,82.47512,316.76,285.96,0.45,0.55,2026-06-06,793,n,5.87,D
25.37541,84.37271,320.98,288.95,0.45,0.55,2026-06-06,740,n,8.87,D
27.25659,80.97578,316.93,283.64,0.45,0.55,2026-06-06,764,n,9.89,D
26.64098,83.95358,315.29,288.24,0.45,0.55,2026-06-06,745,n,8.15,D
25.55105,84.15605,315.9,288.1,0.45,0.55,2026-06-06,792,n,7.76,D
27.35721,84.26044,311.49,285.83,0.45,0.55,2026-06-06,777,n,3.67,D
25.05959,83.89997,318.78,285.43,0.45,0.55,2026-06-06,778,n,9.02,D
26.87009,83.41631,316.62,289.15,0.45,0.55,2026-06-06,747,n,7.27,D
26.06863,81.76767,314.66,288.5,0.45,0.55,2026-06-06,744,n,8.38,D
26.84959,81.83164,315.02,288.0,0.45,0.55,2026-06-06,765,n,9.65,D
25.56324,82.1047,319.61,288.66,0.45,0.55,2026-06-06,827,n,8.67,D
25.44866,82.34572,310.26,286.42,0.45,0.55,2026-06-06,779,n,5.68,D
26.39437,82.09692,317.01,289.99,0.45,0.55,2026-06-06,817,n,7.27,D
25.58895,81.86897,313.82,290.81,0.45,0.55,2026-06-06,761,n,9.17,D
26.41357,80.81572,312.12,287.8,0.45,0.55,2026-06-06,764,n,3.76,D
26.61351,82.86649,318.55,291.05,0.45,0.55,2026-06-06,755,n,11.36,D
27.25612,80.97611,318.18,282.83,0.45,0.55,2026-06-07,731,n,7.24,D
25.05819,83.8982,314.63,285.97,0.45,0.55,2026-06-07,805,n,5.89,D
26.75331,81.86022,316.33,288.07,0.45,0.55,2026-06-07,771,n,8.71,D
25.7199,81.09999,311.08,286.18,0.45,0.55,2026-06-07,824,n,3.73,D
25.06551,82.16531,309.48,289.32,0.45,0.55,2026-06-07,823,n,4.73,D
26.21494,82.92143,313.31,290.14,0.45,0.55,2026-06-07,800,n,7.57,D
26.16416,84.40271,318.59,289.1,0.45,0.55,2026-06-07,758,n,11.32,D
25.44877,82.34749,312.08,286.99,0.45,0.55,2026-06-07,772,n,6.04,D
25.08036,81.11057,313.85,289.09,0.45,0.55,2026-06-07,812,n,8.21,D
26.31484,81.92901,317.22,285.94,0.45,0.55,2026-06-07,739,n,9.51,D
26.6147,82.86598,313.27,286.89,0.45,0.55,2026-06-07,789,n,5.39,D
25.85084,82.47537,311.62,284.25,0.45,0.55,2026-06-08,762,n,8.5,D
25.55137,84.15793,318.13,292.16,0.45,0.55,2026-06-08,744,n,8.08,D
27.35704,84.25882,310.61,285.6,0.45,0.55,2026-06-08,812,n,6.58,D
25.05684,83.89745,314.33,286.79,0.45,0.55,2026-06-08,731,n,8.15,D
26.06772,81.76456,318.36,287.48,0.45,0.55,2026-06-08,749,n,6.84,D
26.85019,81.83182,314.53,288.16,0.45,0.55,2026-06-08,815,n,8.95,D
27.02229,80.36039,307.87,288.01,0.45,0.55,2026-06-08,753,n,5.37,D
26.12408,82.48988,311.58,290.89,0.45,0.55,2026-06-08,753,n,5.38,D
25.56374,82.10392,311.54,286.63,0.45,0.55,2026-06-08,741,n,3.73,D
26.21636,82.92118,313.64,287.2,0.45,0.55,2026-06-08,752,n,11.58,D
25.44998,82.34625,315.46,287.52,0.45,0.55,2026-06-08,797,n,9.48,D
26.06132,84.12721,311.37,292.31,0.45,0.55,2026-06-08,810,n,11.03,D
26.46615,83.19991,313.8,286.68,0.45,0.55,2026-06-08,826,n,6.99,D
25.58994,81.87129,313.06,287.0,0.45,0.55,2026-06-08,753,n,4.95,D
26.41445,80.81827,315.73,283.09,0.45,0.55,2026-06-08,738,n,8.73,D
26.31574,81.93122,312.42,286.6,0.45,0.55,2026-06-08,804,n,6.25,D
25.37194,84.3724,311.95,286.95,0.45,0.55,2026-06-09,818,n,4.96,D
27.35934,84.26101,314.84,288.76,0.45,0.55,2026-06-09,806,n,8.88,D
25.05967,83.89787,318.41,287.1,0.45,0.55,2026-06-09,809,n,11.5,D
25.05564,82.98496,314.17,288.78,0.45,0.55,2026-06-09,766,n,9.3,D
26.98696,84.29043,317.52,286.38,0.45,0.55,2026-06-09,733,n,9.94,D
26.12514,82.49044,314.33,286.2,0.45,0.55,2026-06-09,822,n,8.68,D
25.06584,82.16487,313.19,288.31,0.45,0.55,2026-06-09,733,n,5.09,D
25.56286,82.10273,316.64,285.91,0.45,0.55,2026-06-09,755,n,11.98,D
27.03073,81.65059,319.69,284.11,0.45,0.55,2026-06-09,758,n,7.78,D
26.23724,81.22564,310.36,290.13,0.45,0.55,2026-06-09,807,n,3.07,D
25.38775,82.03878,314.58,287.93,0.45,0.55,2026-06-09,737,n,8.51,D
26.39342,82.094,317.42,287.67,0.45,0.55,2026-06-09,755,n,9.62,D
25.07938,81.1089,315.31,286.98,0.45,0.55,2026-06-09,756,n,10.29,D
26.61582,82.8658,313.84,289.46,0.45,0.55,2026-06-09,818,n,10.57,D
25.06888,83.42892,317.11,286.72,0.45,0.55,2026-06-09,770,n,8.68,D
27.41916,82.81906,315.16,289.31,0.45,0.55,2026-06-10,741,n,9.44,D
25.3754,84.37162,317.31,285.68,0.45,0.55,2026-06-10,790,n,7.29,D
25.54984,84.15799,312.25,285.42,0.45,0.55,2026-06-10,806,n,6.56,D
26.85045,81.83091,316.15,292.85,0.45,0.55,2026-06-10,769,n,11.56,D
27.02542,80.35941,315.08,289.2,0.45,0.55,2026-06-10,759,n,7.38,D
25.06565,82.1644,314.62,283.9,0.45,0.55,2026-06-10,764,n,3.87,D
25.80507,82.0107,312.7,286.22,0.45,0.55,2026-06-10,768,n,4.02,D
26.39251,82.09651,311.58,282.72,0.45,0.55,2026-06-10,829,n,4.1,D
26.45029,84.45976,312.65,286.24,0.45,0.55,2026-06-11,752,n,7.51,D
27.25548,80.97601,313.56,287.85,0.45,0.55,2026-06-11,822,n,7.44,D
26.64306,83.95228,314.78,289.86,0.45,0.55,2026-06-11,781,n,11.24,D
25.55145,84.15557,311.63,290.49,0.45,0.55,2026-06-11,795,n,3.7,D
25.05779,83.9001,311.85,285.75,0.45,0.55,2026-06-11,820,n,7.78,D
26.73408,83.92338,317.77,287.95,0.45,0.55,2026-06-11,803,n,9.73,D
26.15497,84.41688,314.5,290.42,0.45,0.55,2026-06-11,771,n,6.89,D
26.06844,81.76476,316.29,289.69,0.45,0.55,2026-06-11,748,n,11.1,D
25.51387,80.26197,314.63,286.52,0.45,0.55,2026-06-11,787,n,6.77,D
26.39517,81.52179,315.07,286.69,0.45,0.55,2026-06-11,790,n,7.15,D
26.84897,81.8324,312.13,291.37,0.45,0.55,2026-06-11,766,n,8.3,D
27.0223,80.35987,310.91,288.23,0.45,0.55,2026-06-11,743,n,3.8,D
25.72135,81.09946,310.74,285.81,0.45,0.55,2026-06-11,792,n,4.69,D
25.06444,82.16268,316.09,290.47,0.45,0.55,2026-06-11,758,n,9.25,D
27.02923,81.65261,319.28,288.32,0.45,0.55,2026-06-11,804,n,11.43,D
26.16628,84.40266,314.7,291.92,0.45,0.55,2026-06-11,815,n,11.36,D
26.06115,84.12585,318.42,288.7,0.45,0.55,2026-06-11,745,n,9.48,D
26.39427,82.09461,316.98,287.15,0.45,0.55,2026-06-11,813,n,11.49,D
26.313,81.92773,313.23,287.26,0.45,0.55,2026-06-11,808,n,4.46,D
26.61564,82.86635,314.79,287.31,0.45,0.55,2026-06-11,814,n,6.95,D
25.06772,83.42961,317.11,288.94,0.45,0.55,2026-06-11,795,n,8.72,D
25.08232,81.4455,314.72,286.66,0.45,0.55,2026-06-12,752,n,7.64,D
26.44936,84.46067,314.85,285.49,0.45,0.55,2026-06-12,827,n,8.59,D
27.41498,82.82012,311.05,290.44,0.45,0.55,2026-06-12,827,n,3.32,D
25.84802,82.47434,322.07,283.19,0.45,0.55,2026-06-12,807,n,11.92,D
27.33436,83.00372,313.72,287.38,0.45,0.55,2026-06-12,745,n,8.89,D
27.35742,84.26005,316.56,291.11,0.45,0.55,2026-06-12,822,n,8.83,D
25.05995,83.89821,317.16,287.91,0.45,0.55,2026-06-12,817,n,3.13,D
26.7344,83.9232,316.87,289.43,0.45,0.55,2026-06-12,770,n,9.41,D
26.0675,81.76542,312.62,290.16,0.45,0.55,2026-06-12,734,n,8.96,D
26.84807,81.83144,317.91,289.79,0.45,0.55,2026-06-12,787,n,9.81,D
27.02107,80.35935,309.41,289.58,0.45,0.55,2026-06-12,820,n,5.3,D
26.8409,83.02945,310.58,288.84,0.45,0.55,2026-06-12,795,n,3.61,D
26.49899,80.13016,314.15,288.4,0.45,0.55,2026-06-12,800,n,9.18,D
26.16764,84.40133,308.8,288.88,0.45,0.55,2026-06-12,774,n,6.81,D
25.72919,84.06351,315.31,288.23,0.45,0.55,2026-06-12,798,n,11.12,D
25.07941,81.11128,316.49,289.17,0.45,0.55,2026-06-12,823,n,11.07,D
26.65063,84.48941,315.7,289.54,0.45,0.55,2026-06-12,800,n,4.87,D
27.41859,82.82013,316.89,290.52,0.45,0.55,2026-06-13,790,n,8.45,D
27.33433,83.0034,313.92,289.59,0.45,0.55,2026-06-13,800,n,3.38,D
25.37252,84.37119,319.3,283.97,0.45,0.55,2026-06-13,803,n,11.91,D
27.25517,80.97631,317.02,282.25,0.45,0.55,2026-06-13,791,n,8.3,D
26.64234,83.95378,317.81,286.2,0.45,0.55,2026-06-13,824,n,11.67,D
25.5517,84.15786,314.23,284.71,0.45,0.55,2026-06-13,757,n,9.41,D
25.05849,83.89815,318.09,289.27,0.45,0.55,2026-06-13,828,n,9.44,D
26.87151,83.41658,315.2,290.97,0.45,0.55,2026-06-13,731,n,7.34,D
25.61798,81.27719,312.04,286.94,0.45,0.55,2026-06-13,816,n,6.2,D
26.75558,81.85909,316.15,288.45,0.45,0.55,2026-06-13,798,n,9.39,D
26.99104,84.29063,314.75,287.37,0.45,0.55,2026-06-13,817,n,6.7,D
26.84337,83.02937,311.33,287.44,0.45,0.55,2026-06-13,806,n,4.35,D
26.23919,81.22733,311.89,288.1,0.45,0.55,2026-06-13,788,n,3.52,D
25.73069,84.06292,314.86,291.61,0.45,0.55,2026-06-13,807,n,10.2,D
25.44772,82.34574,311.07,288.12,0.45,0.55,2026-06-13,819,n,8.62,D
26.06102,84.12611,317.12,288.26,0.45,0.55,2026-06-13,771,n,11.52,D
26.39467,82.09606,311.05,288.14,0.45,0.55,2026-06-13,787,n,5.59,D
26.44143,84.12148,312.05,287.01,0.45,0.55,2026-06-13,826,n,4.54,D
26.31486,81.92905,317.68,286.92,0.45,0.55,2026-06-13,737,n,10.79,D
25.85059,82.47516,314.64,291.04,0.45,0.55,2026-06-14,787,n,7.85,D
25.55052,84.15658,315.25,289.27,0.45,0.55,2026-06-14,811,n,7.72,D
25.0594,83.89781,314.89,285.39,0.45,0.55,2026-06-14,745,n,10.72,D
26.06874,81.7634,313.23,287.65,0.45,0.55,2026-06-14,764,n,6.88,D
25.51703,80.26273,314.75,285.02,0.45,0.55,2026-06-14,811,n,3.99,D
26.84959,81.83117,312.44,289.01,0.45,0.55,2026-06-14,799,n,3.81,D
25.61711,81.27677,313.3,286.96,0.45,0.55,2026-06-14,810,n,6.38,D
26.75441,81.85949,311.99,287.86,0.45,0.55,2026-06-14,765,n,4.99,D
26.12493,82.49073,312.65,283.18,0.45,0.55,2026-06-14,799,n,6.68,D
25.56171,82.10218,311.73,285.61,0.45,0.55,2026-06-14,823,n,5.33,D
26.23925,81.22534,314.33,289.4,0.45,0.55,2026-06-14,806,n,6.74,D
25.44983,82.34448,311.32,288.49,0.45,0.55,2026-06-14,802,n,5.07,D
26.41359,80.81705,313.26,286.32,0.45,0.55,2026-06-14,790,n,3.43,D
27.33247,83.00101,312.06,289.66,0.45,0.55,2026-06-15,762,n,3.13,D
25.37457,84.37153,312.74,289.19,0.45,0.55,2026-06-15,764,n,4.35,D
26.06595,81.76518,315.96,288.38,0.45,0.55,2026-06-15,785,n,10.16,D
27.2527,82.65938,316.94,284.98,0.45,0.55,2026-06-15,823,n,7.86,D
26.7552,81.86076,313.7,286.35,0.45,0.55,2026-06-15,800,n,6.4,D
25.06638,82.16439,312.38,289.12,0.45,0.55,2026-06-15,777,n,6.86,D
26.21607,82.92048,311.83,287.35,0.45,0.55,2026-06-15,800,n,4.58,D
25.38816,82.03821,314.16,290.52,0.45,0.55,2026-06-15,758,n,9.68,D
26.41514,80.81719,315.46,287.93,0.45,0.55,2026-06-15,799,n,9.43,D
26.61625,82.86638,316.12,288.76,0.45,0.55,2026-06-15,809,n,8.79,D
26.65038,84.48767,313.81,286.45,0.45,0.55,2026-06-15,775,n,9.6,D
25.08321,81.44534,315.55,290.16,0.45,0.55,2026-06-16,818,n,8.99,D
25.84926,82.47478,315.18,287.55,0.45,0.55,2026-06-16,772,n,6.41,D
25.44952,81.60794,313.44,284.67,0.45,0.55,2026-06-16,810,n,9.91,D
25.05787,83.89698,313.37,289.51,0.45,0.55,2026-06-16,776,n,4.89,D
27.02422,80.35951,315.3,289.91,0.45,0.55,2026-06-16,826,n,8.0,D
25.61718,81.27439,313.74,287.4,0.45,0.55,2026-06-16,760,n,9.68,D
26.12406,82.48957,313.65,291.6,0.45,0.55,2026-06-16,818,n,5.28,D
27.03029,81.65161,314.78,284.93,0.45,0.55,2026-06-16,781,n,9.65,D
25.44895,82.3463,313.56,289.6,0.45,0.55,2026-06-16,787,n,11.16,D
25.08094,81.10985,314.78,287.52,0.45,0.55,2026-06-16,755,n,8.18,D
27.25496,80.97453,316.65,285.45,0.45,0.55,2026-06-17,737,n,11.78,D
25.55141,84.15618,315.93,287.43,0.45,0.55,2026-06-17,814,n,8.17,D
26.73376,83.92249,315.52,289.47,0.45,0.55,2026-06-17,736,n,11.54,D
25.51361,80.26263,314.71,288.63,0.45,0.55,2026-06-17,774,n,10.06,D
27.02184,80.36027,312.4,289.89,0.45,0.55,2026-06-17,827,n,3.16,D
27.0328,81.65168,314.05,288.36,0.45,0.55,2026-06-17,784,n,7.06,D
26.23824,81.22697,317.39,290.71,0.45,0.55,2026-06-17,808,n,9.42,D
26.21397,82.91899,319.73,285.53,0.45,0.55,2026-06-17,735,n,11.39,D
26.16602,84.40136,311.78,287.19,0.45,0.55,2026-06-17,736,n,6.18,D
25.07987,81.11131,312.63,289.0,0.45,0.55,2026-06-17,821,n,3.37,D
26.65065,84.48702,315.89,288.46,0.45,0.55,2026-06-17,732,n,9.39,D
25.06958,83.43136,313.83,285.7,0.45,0.55,2026-06-17,759,n,4.4,D
27.41809,82.81584,316.05,286.15,0.45,0.55,2026-06-18,784,n,9.59,D
27.33455,83.00267,312.97,285.92,0.45,0.55,2026-06-18,793,n,6.21,D
25.45137,81.60711,313.62,286.33,0.45,0.55,2026-06-18,826,n,5.84,D
25.05876,83.90039,312.96,285.05,0.45,0.55,2026-06-18,756,n,5.17,D
27.25344,82.65917,313.31,287.6,0.45,0.55,2026-06-18,823,n,6.59,D
26.84814,81.83193,314.59,287.56,0.45,0.55,2026-06-18,754,n,5.26,D
26.12348,82.48999,315.33,288.65,0.45,0.55,2026-06-18,796,n,4.17,D
27.02965,81.65174,308.9,288.17,0.45,0.55,2026-06-18,759,n,6.58,D
26.49814,80.1292,316.01,285.05,0.45,0.55,2026-06-18,773,n,8.97,D
26.16524,84.4021,312.05,290.77,0.45,0.55,2026-06-18,783,n,6.83,D
26.46566,83.20319,314.82,288.99,0.45,0.55,2026-06-18,818,n,9.88,D
26.41532,80.81492,314.42,291.94,0.45,0.55,2026-06-18,752,n,7.37,D
26.64873,84.48769,317.3,286.34,0.45,0.55,2026-06-18,757,n,11.8,D
25.08171,81.44541,316.46,288.02,0.45,0.55,2026-06-19,824,n,9.01,D
27.41927,82.81652,310.95,284.29,0.45,0.55,2026-06-19,815,n,4.28,D
26.64196,83.94988,313.93,288.14,0.45,0.55,2026-06-19,827,n,11.23,D
25.45046,81.60864,320.34,288.53,0.45,0.55,2026-06-19,786,n,10.18,D
26.15473,84.41614,313.95,292.34,0.45,0.55,2026-06-19,764,n,6.97,D
27.022,80.36018,314.36,290.25,0.45,0.55,2026-06-19,744,n,10.1,D
25.61736,81.27587,314.08,288.93,0.45,0.55,2026-06-19,819,n,9.21,D
25.06448,82.16295,315.87,284.49,0.45,0.55,2026-06-19,768,n,11.72,D
25.56457,82.10145,310.83,287.18,0.45,0.55,2026-06-19,776,n,5.63,D
27.03091,81.65204,317.62,288.04,0.45,0.55,2026-06-19,774,n,11.79,D
26.23847,81.22697,316.84,287.58,0.45,0.55,2026-06-19,826,n,8.6,D
26.16518,84.40166,314.06,286.03,0.45,0.55,2026-06-19,743,n,6.93,D
25.45045,82.34598,316.34,285.71,0.45,0.55,2026-06-19,758,n,8.2,D
26.39431,82.09533,317.97,293.94,0.45,0.55,2026-06-19,783,n,10.63,D
26.65061,84.48853,319.19,290.63,0.45,0.55,2026-06-19,762,n,10.67,D
25.083,81.44507,311.63,286.86,0.45,0.55,2026-06-20,811,n,3.66,D
25.84996,82.47366,309.41,289.28,0.45,0.55,2026-06-20,770,n,3.36,D
27.33519,83.00277,314.83,286.53,0.45,0.55,2026-06-20,778,n,5.71,D
26.64256,83.95214,320.23,287.84,0.45,0.55,2026-06-20,829,n,10.42,D
26.73399,83.92169,313.92,288.88,0.45,0.55,2026-06-20,821,n,8.98,D
27.25206,82.65815,315.88,289.78,0.45,0.55,2026-06-20,752,n,7.21,D
26.84864,81.83081,310.44,289.57,0.45,0.55,2026-06-20,787,n,4.56,D
25.61682,81.27572,314.46,286.43,0.45,0.55,2026-06-20,795,n,6.75,D
26.84281,83.03017,313.82,289.94,0.45,0.55,2026-06-20,733,n,6.79,D
26.12312,82.48971,312.13,289.99,0.45,0.55,2026-06-20,742,n,3.38,D
26.23913,81.22752,317.23,289.46,0.45,0.55,2026-06-20,733,n,11.08,D
26.49947,80.1297,314.35,289.82,0.45,0.55,2026-06-20,811,n,4.38,D
25.73078,84.06529,317.21,285.58,0.45,0.55,2026-06-20,756,n,10.71,D
26.46602,83.20012,312.3,289.84,0.45,0.55,2026-06-20,796,n,6.12,D
26.44105,84.12165,316.94,289.3,0.45,0.55,2026-06-20,810,n,11.57,D
26.41378,80.8158,320.29,289.32,0.45,0.55,2026-06-20,763,n,11.83,D
26.61393,82.86628,313.28,284.24,0.45,0.55,2026-06-20,776,n,4.71,D
25.08346,81.44574,318.96,288.66,0.45,0.55,2026-06-21,785,n,10.26,D
25.85031,82.47563,316.05,291.6,0.45,0.55,2026-06-21,785,n,3.92,D
27.33361,83.00167,312.7,290.35,0.45,0.55,2026-06-21,781,n,4.18,D
27.25691,80.97641,316.71,287.67,0.45,0.55,2026-06-21,798,n,9.87,D
26.73489,83.92185,314.65,287.13,0.45,0.55,2026-06-21,751,n,6.47,D
27.02311,80.3596,313.94,290.43,0.45,0.55,2026-06-21,809,n,7.63,D
26.12342,82.49044,316.69,288.67,0.45,0.55,2026-06-21,805,n,11.21,D
27.03053,81.65351,315.68,288.14,0.45,0.55,2026-06-21,762,n,10.08,D
25.80513,82.01166,315.1,282.93,0.45,0.55,2026-06-21,789,n,5.29,D
26.49986,80.13076,310.21,289.91,0.45,0.55,2026-06-21,808,n,4.53,D
26.21482,82.92122,314.16,289.99,0.45,0.55,2026-06-21,825,n,5.92,D
26.16533,84.40168,316.88,285.15,0.45,0.55,2026-06-21,740,n,10.75,D
25.72877,84.06417,313.48,286.02,0.45,0.55,2026-06-21,786,n,3.86,D
25.08058,81.11121,308.84,288.98,0.45,0.55,2026-06-21,794,n,3.05,D
25.58927,81.86955,315.93,287.21,0.45,0.55,2026-06-21,768,n,8.21,D
26.44198,84.12055,316.06,291.75,0.45,0.55,2026-06-21,761,n,7.75,D
25.06918,83.43092,310.38,290.4,0.45,0.55,2026-06-21,828,n,3.69,D
27.41794,82.81783,320.14,283.5,0.45,0.55,2026-06-22,797,n,11.46,D
25.45017,81.60785,312.11,285.4,0.45,0.55,2026-06-22,827,n,8.91,D
26.15429,84.41767,309.2,289.62,0.45,0.55,2026-06-22,773,n,3.03,D
27.25323,82.65876,313.52,285.56,0.45,0.55,2026-06-22,768,n,4.87,D
26.12343,82.49055,316.02,289.0,0.45,0.55,2026-06-22,734,n,11.43,D
25.06633,82.16378,311.49,286.42,0.45,0.55,2026-06-22,770,n,3.17,D
27.03076,81.65307,313.01,285.41,0.45,0.55,2026-06-22,750,n,3.31,D
26.21544,82.92078,315.65,288.85,0.45,0.55,2026-06-22,738,n,6.05,D
26.39261,82.09653,316.21,288.83,0.45,0.55,2026-06-22,789,n,7.77,D
26.46668,83.20274,315.01,287.48,0.45,0.55,2026-06-22,736,n,10.93,D
25.08073,81.1095,312.7,286.31,0.45,0.55,2026-06-22,784,n,8.6,D
25.06866,83.43068,313.67,289.04,0.45,0.55,2026-06-22,828,n,9.97,D
25.55102,84.15624,317.8,283.37,0.45,0.55,2026-06-23,789,n,11.08,D
25.45071,81.60746,316.2,291.64,0.45,0.55,2026-06-23,777,n,5.57,D
26.06756,81.76719,315.93,290.61,0.45,0.55,2026-06-23,823,n,7.39,D
25.51438,80.2624,316.66,287.58,0.45,0.55,2026-06-23,763,n,10.24,D
27.25278,82.65888,314.69,285.13,0.45,0.55,2026-06-23,820,n,9.36,D
26.85065,81.83045,318.88,288.19,0.45,0.55,2026-06-23,731,n,11.33,D
25.05941,82.98505,316.84,285.05,0.45,0.55,2026-06-23,750,n,11.24,D
26.75344,81.86132,315.06,293.32,0.45,0.55,2026-06-23,749,n,11.79,D
27.03195,81.65074,317.34,292.04,0.45,0.55,2026-06-23,759,n,8.16,D
25.44943,82.34731,315.66,287.62,0.45,0.55,2026-06-23,820,n,10.37,D
26.06102,84.1272,313.83,288.86,0.45,0.55,2026-06-23,780,n,7.22,D
25.58877,81.86785,313.74,284.46,0.45,0.55,2026-06-23,804,n,8.48,D
26.441,84.122,312.76,288.11,0.45,0.55,2026-06-23,804,n,9.64,D
26.41449,80.81705,314.36,289.81,0.45,0.55,2026-06-23,817,n,5.37,D
25.55386,84.15711,313.14,287.11,0.45,0.55,2026-06-24,827,n,6.51,D
25.05781,83.89799,315.11,292.21,0.45,0.55,2026-06-24,750,n,7.38,D
26.73398,83.92289,313.85,289.03,0.45,0.55,2026-06-24,740,n,8.58,D
26.39708,81.5214,315.08,292.85,0.45,0.55,2026-06-24,752,n,9.33,D
26.85118,81.83111,314.65,287.99,0.45,0.55,2026-06-24,753,n,9.13,D
27.02289,80.35785,316.23,289.34,0.45,0.55,2026-06-24,732,n,9.06,D
25.61918,81.27595,317.59,288.7,0.45,0.55,2026-06-24,789,n,6.59,D
25.72036,81.0985,315.28,286.89,0.45,0.55,2026-06-24,817,n,7.93,D
25.06527,82.16317,316.78,291.04,0.45,0.55,2026-06-24,794,n,7.43,D
27.0321,81.652,313.65,289.37,0.45,0.55,2026-06-24,792,n,6.94,D
25.44902,82.34509,313.32,289.51,0.45,0.55,2026-06-24,824,n,11.23,D
26.46617,83.20125,315.63,287.49,0.45,0.55,2026-06-24,753,n,9.46,D
25.58974,81.87109,313.94,290.24,0.45,0.55,2026-06-24,756,n,9.79,D
26.64886,84.48713,317.53,288.7,0.45,0.55,2026-06-24,798,n,6.81,D
27.25439,80.97502,313.74,286.57,0.45,0.55,2026-06-25,829,n,7.53,D
25.05729,83.89959,315.37,286.73,0.45,0.55,2026-06-25,810,n,11.78,D
26.86947,83.41549,317.3,285.91,0.45,0.55,2026-06-25,790,n,11.05,D
25.5148,80.26218,314.77,286.41,0.45,0.55,2026-06-25,820,n,10.61,D
26.39721,81.52161,314.5,290.1,0.45,0.55,2026-06-25,790,n,10.54,D
26.98808,84.2928,316.89,289.48,0.45,0.55,2026-06-25,787,n,8.75,D
25.38721,82.03897,316.41,287.65,0.45,0.55,2026-06-25,765,n,5.02,D
25.72928,84.06434,317.29,287.88,0.45,0.55,2026-06-25,828,n,11.98,D
26.06067,84.12724,313.68,289.66,0.45,0.55,2026-06-25,799,n,6.85,D
26.31526,81.92909,314.44,289.09,0.45,0.55,2026-06-25,819,n,5.69,D
25.37462,84.37106,312.77,287.98,0.45,0.55,2026-06-26,760,n,7.34,D
25.45016,81.60585,312.74,289.62,0.45,0.55,2026-06-26,799,n,6.0,D
25.05767,83.89815,313.73,287.45,0.45,0.55,2026-06-26,766,n,8.35,D
26.73452,83.9234,310.08,290.61,0.45,0.55,2026-06-26,741,n,5.76,D
26.15323,84.41698,310.6,289.7,0.45,0.55,2026-06-26,792,n,4.61,D
26.86925,83.41708,316.87,284.03,0.45,0.55,2026-06-26,825,n,7.35,D
26.06748,81.76662,316.43,287.21,0.45,0.55,2026-06-26,810,n,7.99,D
27.25491,82.65861,315.85,285.84,0.45,0.55,2026-06-26,740,n,10.29,D
26.3967,81.51975,315.67,289.11,0.45,0.55,2026-06-26,792,n,6.2,D
26.84888,81.83097,316.45,286.86,0.45,0.55,2026-06-26,799,n,11.8,D
26.23998,81.22751,316.32,289.04,0.45,0.55,2026-06-26,827,n,11.94,D
26.21482,82.91983,313.78,284.98,0.45,0.55,2026-06-26,824,n,6.29,D
26.39416,82.09496,314.39,289.01,0.45,0.55,2026-06-26,776,n,10.8,D
26.44045,84.12122,313.93,288.96,0.45,0.55,2026-06-26,804,n,9.67,D
26.65173,84.48817,318.14,290.54,0.45,0.55,2026-06-26,742,n,10.91,D
25.0685,83.42884,311.19,288.54,0.45,0.55,2026-06-26,757,n,5.36,D
25.08141,81.44482,312.57,286.5,0.45,0.55,2026-06-27,792,n,6.56,D
26.45167,84.45876,315.35,287.02,0.45,0.55,2026-06-27,759,n,6.46,D
25.85012,82.47467,314.49,290.48,0.45,0.55,2026-06-27,815,n,4.87,D
25.54996,84.15707,314.35,284.29,0.45,0.55,2026-06-27,773,n,7.7,D
26.06863,81.76488,316.0,287.33,0.45,0.55,2026-06-27,752,n,10.29,D
26.39455,81.52065,312.85,285.62,0.45,0.55,2026-06-27,818,n,5.08,D
27.02338,80.36152,314.74,286.93,0.45,0.55,2026-06-27,790,n,3.7,D
26.84131,83.02935,318.08,282.53,0.45,0.55,2026-06-27,828,n,10.8,D
25.56289,82.10266,316.21,288.29,0.45,0.55,2026-06-27,772,n,9.03,D
25.72981,84.06571,311.11,290.18,0.45,0.55,2026-06-27,809,n,7.07,D
25.0675,83.43116,314.61,286.21,0.45,0.55,2026-06-27,805,n,4.7,D
25.08342,81.44505,315.16,288.05,0.45,0.55,2026-06-28,821,n,11.4,D
25.05734,83.89716,317.37,286.66,0.45,0.55,2026-06-28,779,n,11.01,D
26.86984,83.41714,319.17,289.87,0.45,0.55,2026-06-28,804,n,11.3,D
26.06712,81.76528,315.96,286.31,0.45,0.55,2026-06-28,794,n,10.78,D
26.84927,81.83199,309.27,289.86,0.45,0.55,2026-06-28,750,n,4.68,D
26.75535,81.8618,318.71,290.77,0.45,0.55,2026-06-28,757,n,11.33,D
26.98791,84.29141,312.42,288.2,0.45,0.55,2026-06-28,795,n,3.74,D
26.12313,82.49065,319.69,288.02,0.45,0.55,2026-06-28,814,n,11.71,D
26.23685,81.2254,312.17,287.43,0.45,0.55,2026-06-28,796,n,5.25,D
26.501,80.1302,314.28,285.89,0.45,0.55,2026-06-28,828,n,8.82,D
25.72982,84.06456,315.07,287.42,0.45,0.55,2026-06-28,803,n,9.95,D
26.41632,80.81662,311.11,288.58,0.45,0.55,2026-06-28,797,n,4.16,D
26.64969,84.48826,315.63,287.87,0.45,0.55,2026-06-28,801,n,10.3,D
27.33381,83.00177,310.35,288.48,0.45,0.55,2026-06-29,794,n,3.89,D
26.15525,84.41818,312.94,284.38,0.45,0.55,2026-06-29,763,n,5.44,D
27.25299,82.65828,318.42,288.44,0.45,0.55,2026-06-29,829,n,7.38,D
26.84878,81.83109,318.28,289.11,0.45,0.55,2026-06-29,815,n,11.64,D
26.75172,81.85986,310.47,288.31,0.45,0.55,2026-06-29,797,n,4.83,D
26.12247,82.49115,315.77,285.92,0.45,0.55,2026-06-29,814,n,9.16,D
25.72085,81.10019,312.89,288.41,0.45,0.55,2026-06-29,736,n,3.07,D
25.06539,82.16524,313.59,284.2,0.45,0.55,2026-06-29,759,n,5.63,D
27.03106,81.65108,318.44,287.02,0.45,0.55,2026-06-29,810,n,11.77,D
26.21186,82.91991,312.87,286.54,0.45,0.55,2026-06-29,754,n,4.12,D
26.16604,84.40244,317.33,288.58,0.45,0.55,2026-06-29,806,n,9.24,D
25.44871,82.34598,315.06,286.29,0.45,0.55,2026-06-29,774,n,6.22,D
26.06074,84.12768,312.52,288.67,0.45,0.55,2026-06-29,743,n,10.21,D
25.58861,81.87008,314.82,287.96,0.45,0.55,2026-06-29,751,n,8.18,D
26.44254,84.1203,315.02,288.4,0.45,0.55,2026-06-29,815,n,8.84,D
25.08045,81.44567,314.4,284.01,0.45,0.55,2026-06-30,777,n,11.52,D
26.4515,84.45775,314.04,288.07,0.45,0.55,2026-06-30,800,n,6.96,D
27.33551,83.00218,315.4,289.24,0.45,0.55,2026-06-30,732,n,7.13,D
27.25748,80.97634,311.55,287.75,0.45,0.55,2026-06-30,745,n,3.06,D
25.54957,84.15595,316.1,287.06,0.45,0.55,2026-06-30,796,n,9.79,D
25.44998,81.60499,315.18,290.67,0.45,0.55,2026-06-30,738,n,8.03,D
26.73359,83.92349,314.16,284.95,0.45,0.55,2026-06-30,779,n,10.22,D
25.51367,80.263,312.67,284.49,0.45,0.55,2026-06-30,756,n,3.22,D
26.39388,81.52151,311.91,287.86,0.45,0.55,2026-06-30,737,n,6.03,D
25.05794,82.9857,316.15,289.25,0.45,0.55,2026-06-30,815,n,10.11,D
26.75644,81.86101,312.55,288.68,0.45,0.55,2026-06-30,806,n,4.65,D
26.98826,84.29108,313.94,290.83,0.45,0.55,2026-06-30,755,n,7.21,D
26.84021,83.0278,310.29,290.29,0.45,0.55,2026-06-30,807,n,6.89,D
25.72175,81.09769,315.82,289.15,0.45,0.55,2026-06-30,756,n,9.0,D
27.03011,81.65275,314.68,287.14,0.45,0.55,2026-06-30,757,n,7.97,D
26.50067,80.12915,311.64,286.53,0.45,0.55,2026-06-30,820,n,9.31,D
25.38814,82.03927,311.14,291.27,0.45,0.55,2026-06-30,809,n,5.61,D
25.45071,82.34591,312.18,291.73,0.45,0.55,2026-06-30,736,n,10.0,D
26.06035,84.12687,313.34,288.51,0.45,0.55,2026-06-30,779,n,9.23,D
26.39623,82.09568,312.03,291.33,0.45,0.55,2026-06-30,821,n,3.65,D
26.46451,83.20192,318.68,289.7,0.45,0.55,2026-06-30,800,n,11.0,D
22.9474,82.7454,340.16,283.56,0.55,0.65,2026-05-08,767,h,37.09,D
22.9344,82.75129,329.46,285.96,0.55,0.65,2026-05-08,793,h,22.84,D
22.94896,82.75111,338.5,286.24,0.55,0.65,2026-05-08,745,h,43.72,D
22.94225,82.7499,349.86,283.95,0.55,0.65,2026-05-08,755,h,60.35,D
22.93175,82.75741,342.89,283.04,0.55,0.65,2026-05-08,776,h,47.26,D
22.94218,82.74465,350.57,285.99,0.55,0.65,2026-05-08,773,h,57.66,D
22.94733,82.74048,342.83,285.98,0.55,0.65,2026-05-09,734,h,37.41,D
22.94268,82.74824,345.57,284.3,0.55,0.65,2026-05-09,776,h,47.58,D
22.94263,82.74347,347.93,283.21,0.55,0.65,2026-05-09,817,h,44.64,D
22.94815,82.75323,342.78,284.69,0.55,0.65,2026-05-09,738,h,49.49,D
22.95021,82.75218,347.52,282.75,0.55,0.65,2026-05-09,757,h,50.94,D
22.94012,82.75428,344.74,284.34,0.55,0.65,2026-05-09,730,h,58.58,D
22.93794,82.7521,327.36,285.16,0.55,0.65,2026-05-10,750,h,29.92,D
22.9505,82.76076,344.2,287.66,0.55,0.65,2026-05-10,777,h,46.39,D
22.94234,82.75775,333.9,286.53,0.55,0.65,2026-05-10,754,h,23.32,D
22.93176,82.77069,352.85,283.78,0.55,0.65,2026-05-10,767,h,58.07,D
23.93713,83.81778,332.31,286.73,0.55,0.65,2026-05-15,746,h,30.59,D
23.92411,83.81525,346.57,283.33,0.55,0.65,2026-05-15,828,h,59.42,D
23.92325,83.81559,344.65,284.66,0.55,0.65,2026-05-15,779,h,44.45,D
23.92016,83.83135,337.58,285.07,0.55,0.65,2026-05-15,829,h,38.14,D
23.9154,83.8167,343.11,282.05,0.55,0.65,2026-05-16,812,h,47.23,D
23.9394,83.81983,342.76,284.06,0.55,0.65,2026-05-16,806,h,44.41,D
23.92215,83.82346,331.07,286.44,0.55,0.65,2026-05-16,751,h,24.4,D
23.91698,83.82225,340.56,287.08,0.55,0.65,2026-05-16,793,h,49.75,D
23.91898,83.8127,342.25,287.57,0.55,0.65,2026-05-16,820,h,39.33,D
23.91739,83.81901,334.01,282.29,0.55,0.65,2026-05-16,829,h,23.68,D
23.92532,83.81234,341.49,281.58,0.55,0.65,2026-05-17,819,h,41.31,D
23.93154,83.81374,335.92,286.06,0.55,0.65,2026-05-17,733,h,31.23,D
23.90951,83.82136,346.49,287.56,0.55,0.65,2026-05-17,749,h,42.82,D
23.92148,83.81539,346.43,284.49,0.55,0.65,2026-05-17,739,h,47.49,D
23.93247,83.82082,345.45,285.26,0.55,0.65,2026-05-17,810,h,53.2,D
23.92431,83.81407,336.06,284.22,0.55,0.65,2026-05-18,822,h,50.03,D
23.9169,83.8134,329.61,282.22,0.55,0.65,2026-05-18,812,h,34.11,D
23.92092,83.82269,331.37,285.82,0.55,0.65,2026-05-18,802,h,23.29,D
23.92551,83.82126,347.81,282.5,0.55,0.65,2026-05-18,821,h,64.07,D
23.92751,83.82635,335.11,284.51,0.55,0.65,2026-05-18,817,h,35.88,D
23.91469,83.81407,350.66,284.78,0.55,0.65,2026-05-18,736,h,56.87,D
23.9234,83.81973,338.52,285.87,0.55,0.65,2026-05-18,823,h,45.58,D
22.09175,81.67174,347.64,282.62,0.55,0.65,2026-04-13,818,h,39.95,D
22.08828,81.66484,348.92,285.88,0.55,0.65,2026-04-13,808,h,56.39,D
22.08918,81.66373,344.27,286.74,0.55,0.65,2026-04-13,742,h,40.34,D
22.07908,81.66484,337.59,284.79,0.55,0.65,2026-04-13,822,h,38.74,D
22.08988,81.66684,342.96,284.34,0.55,0.65,2026-04-14,730,h,34.98,D
22.08427,81.67722,343.28,283.62,0.55,0.65,2026-04-14,812,h,49.89,D
22.09563,81.66393,329.67,286.68,0.55,0.65,2026-04-14,777,h,23.04,D
22.08578,81.66733,331.39,284.01,0.55,0.65,2026-04-14,795,h,27.4,D
22.09462,81.66932,349.35,282.06,0.55,0.65,2026-04-14,821,h,64.13,D
22.08762,81.66842,331.51,285.63,0.55,0.65,2026-04-15,810,h,30.37,D
22.09196,81.67435,342.61,283.31,0.55,0.65,2026-04-15,792,h,48.24,D
22.08062,81.66688,347.83,282.67,0.55,0.65,2026-04-15,787,h,53.33,D
22.09247,81.66233,330.66,283.96,0.55,0.65,2026-04-15,775,h,26.44,D
22.09315,81.66535,328.33,284.56,0.55,0.65,2026-04-15,789,h,27.72,D
22.09253,81.67943,341.02,286.12,0.55,0.65,2026-04-16,758,h,48.73,D
22.08047,81.67473,343.58,284.99,0.55,0.65,2026-04-16,799,h,52.91,D
22.07363,81.67879,349.04,280.4,0.55,0.65,2026-04-16,823,h,55.18,D
22.08433,81.65877,339.24,288.1,0.55,0.65,2026-04-16,741,h,36.35,D
22.09873,81.66614,337.91,284.58,0.55,0.65,2026-04-16,824,h,36.63,D
22.6395,82.51243,336.75,283.44,0.55,0.65,2026-05-03,769,h,34.18,D
22.64154,82.50144,338.29,284.44,0.55,0.65,2026-05-03,743,h,26.72,D
22.63999,82.50884,344.58,285.4,0.55,0.65,2026-05-03,798,h,51.72,D
22.6517,82.51025,340.76,286.84,0.55,0.65,2026-05-03,748,h,44.71,D
22.63606,82.50831,330.97,284.77,0.55,0.65,2026-05-03,819,h,22.23,D
22.64538,82.50746,337.41,281.7,0.55,0.65,2026-05-03,766,h,25.23,D
22.63777,82.49421,344.67,284.02,0.55,0.65,2026-05-04,821,h,59.54,D
22.63727,82.50608,345.66,285.87,0.55,0.65,2026-05-04,809,h,56.65,D
22.648,82.49897,346.55,283.43,0.55,0.65,2026-05-04,821,h,62.83,D
22.64313,82.50215,333.1,284.36,0.55,0.65,2026-05-04,768,h,23.04,D
22.64056,82.50583,332.07,286.04,0.55,0.65,2026-05-04,747,h,27.08,D
22.63548,82.50808,346.42,283.72,0.55,0.65,2026-05-04,808,h,50.05,D
21.40368,81.00278,349.85,284.41,0.55,0.65,2026-05-09,750,h,63.77,D
21.40316,81.0002,353.69,285.96,0.55,0.65,2026-05-09,768,h,53.43,D
21.39894,81.00776,339.4,287.22,0.55,0.65,2026-05-09,791,h,40.37,D
21.40093,81.01601,334.62,283.43,0.55,0.65,2026-05-09,784,h,31.65,D
21.4087,81.00332,347.79,285.63,0.55,0.65,2026-05-09,789,h,49.22,D
21.403,81.00468,339.98,284.46,0.55,0.65,2026-05-09,806,h,46.21,D
21.4073,81.002,348.55,282.94,0.55,0.65,2026-05-09,820,h,46.19,D
21.41036,81.01996,341.18,284.16,0.55,0.65,2026-05-10,812,h,43.02,D
21.40019,81.00078,349.52,286.97,0.55,0.65,2026-05-10,732,h,59.35,D
21.4107,81.0079,348.98,283.95,0.55,0.65,2026-05-10,735,h,50.19,D
21.40382,81.01008,348.81,287.03,0.55,0.65,2026-05-10,807,h,62.45,D
21.40184,80.99979,331.78,278.23,0.55,0.65,2026-05-10,763,h,23.02,D
21.40425,81.00541,339.63,286.13,0.55,0.65,2026-05-10,819,h,49.29,D
23.43739,82.49306,345.61,284.57,0.55,0.65,2026-03-22,771,h,49.24,D
23.43486,82.49165,333.02,286.09,0.55,0.65,2026-03-22,818,h,27.04,D
23.42796,82.4974,343.92,287.64,0.55,0.65,2026-03-22,827,h,45.17,D
23.44672,82.49911,337.14,284.39,0.55,0.65,2026-03-22,801,h,31.09,D
23.44503,82.48792,338.3,287.51,0.55,0.65,2026-03-22,732,h,30.65,D
23.43916,82.47637,333.88,286.39,0.55,0.65,2026-03-22,829,h,30.61,D
23.44167,82.47891,349.38,286.74,0.55,0.65,2026-03-23,763,h,57.18,D
23.44097,82.48805,346.09,286.55,0.55,0.65,2026-03-23,759,h,52.95,D
23.43862,82.50293,338.86,287.27,0.55,0.65,2026-03-23,758,h,42.99,D
23.45319,82.48357,339.96,282.49,0.55,0.65,2026-03-23,776,h,42.08,D
22.90229,80.92145,340.04,285.04,0.55,0.65,2026-03-16,750,h,42.08,D
22.90618,80.93765,342.65,281.48,0.55,0.65,2026-03-16,744,h,38.4,D
22.89792,80.94668,350.35,287.73,0.55,0.65,2026-03-16,752,h,60.8,D
22.89551,80.94461,335.16,284.3,0.55,0.65,2026-03-16,755,h,27.72,D
22.89808,80.9488,337.45,288.0,0.55,0.65,2026-03-16,792,h,28.94,D
22.88063,80.93309,352.88,286.72,0.55,0.65,2026-03-16,770,h,64.49,D
22.8989,80.92953,331.34,280.06,0.55,0.65,2026-03-16,795,h,22.68,D
22.9014,80.93563,332.25,284.08,0.55,0.65,2026-03-17,773,h,23.27,D
22.89434,80.93646,341.62,284.84,0.55,0.65,2026-03-17,760,h,51.14,D
22.91351,80.94096,343.44,284.26,0.55,0.65,2026-03-17,755,h,47.75,D
22.8975,80.92906,340.17,279.94,0.55,0.65,2026-03-17,756,h,45.7,D
22.89578,80.93439,348.23,284.8,0.55,0.65,2026-03-17,768,h,55.38,D
22.9033,80.95019,348.7,285.43,0.55,0.65,2026-03-17,776,h,45.63,D
22.90653,80.94012,336.97,288.26,0.55,0.65,2026-03-18,731,h,31.84,D
22.9007,80.94479,350.8,284.29,0.55,0.65,2026-03-18,814,h,59.6,D
22.89375,80.94592,349.68,287.4,0.55,0.65,2026-03-18,763,h,63.1,D
22.90521,80.92673,347.84,285.74,0.55,0.65,2026-03-18,731,h,54.81,D
22.90396,80.95205,338.71,287.3,0.55,0.65,2026-03-18,757,h,35.96,D
22.90764,80.93906,346.35,286.09,0.55,0.65,2026-03-19,800,h,57.88,D
22.89594,80.93568,343.18,286.81,0.55,0.65,2026-03-19,829,h,49.19,D
22.9047,80.94191,333.71,285.17,0.55,0.65,2026-03-19,787,h,29.28,D
22.89608,80.93445,331.05,284.3,0.55,0.65,2026-03-19,774,h,25.62,D
22.90367,80.93648,334.08,282.79,0.55,0.65,2026-03-19,757,h,26.31,D
22.89464,80.94173,344.46,284.41,0.55,0.65,2026-03-19,751,h,51.89,D
22.90238,80.94868,337.49,285.06,0.55,0.65,2026-03-19,811,h,32.94,D
22.18416,82.8213,329.92,286.2,0.55,0.65,2026-03-24,797,h,26.81,D
22.17683,82.82131,339.34,283.12,0.55,0.65,2026-03-24,797,h,41.76,D
22.17945,82.81275,347.76,288.33,0.55,0.65,2026-03-24,753,h,50.88,D
22.173,82.81636,341.07,286.31,0.55,0.65,2026-03-24,735,h,33.42,D
22.17309,82.81575,343.19,284.46,0.55,0.65,2026-03-24,776,h,45.93,D
22.18923,82.8215,331.36,285.64,0.55,0.65,2026-03-25,806,h,28.56,D
22.18476,82.83107,338.3,283.84,0.55,0.65,2026-03-25,814,h,32.18,D
22.17072,82.82086,331.27,286.07,0.55,0.65,2026-03-25,758,h,26.41,D
22.19309,82.81778,330.44,286.01,0.55,0.65,2026-03-25,759,h,33.0,D
22.17852,82.81601,338.14,283.26,0.55,0.65,2026-03-25,822,h,31.48,D
22.18009,82.8375,340.19,281.8,0.55,0.65,2026-03-25,817,h,44.52,D
22.16779,82.82372,335.78,291.07,0.55,0.65,2026-03-25,781,h,31.79,D
22.1763,82.82273,344.51,283.74,0.55,0.65,2026-03-26,781,h,47.21,D
22.17613,82.81113,338.32,281.49,0.55,0.65,2026-03-26,817,h,36.4,D
22.17703,82.81762,346.43,285.2,0.55,0.65,2026-03-26,825,h,47.33,D
22.17464,82.82831,331.94,287.09,0.55,0.65,2026-03-26,823,h,28.41,D
22.87046,83.82302,344.37,287.91,0.55,0.65,2026-03-05,737,h,44.47,D
22.88072,83.8171,340.51,286.37,0.55,0.65,2026-03-05,807,h,51.9,D
22.87409,83.80782,331.6,285.33,0.55,0.65,2026-03-05,788,h,26.37,D
22.88011,83.80696,329.3,283.66,0.55,0.65,2026-03-05,827,h,23.6,D
22.87442,83.80892,341.64,283.15,0.55,0.65,2026-03-05,796,h,41.65,D
22.86779,83.81012,339.73,284.8,0.55,0.65,2026-03-05,770,h,50.44,D
22.8824,83.81194,345.72,281.23,0.55,0.65,2026-03-05,732,h,61.64,D
22.8728,83.81054,333.33,284.13,0.55,0.65,2026-03-06,792,h,37.2,D
22.87282,83.81358,339.91,285.05,0.55,0.65,2026-03-06,823,h,50.09,D
22.87773,83.81855,350.33,281.13,0.55,0.65,2026-03-06,741,h,51.3,D
22.8743,83.82167,347.77,287.6,0.55,0.65,2026-03-06,753,h,55.89,D
22.8781,83.81099,334.33,282.75,0.55,0.65,2026-03-07,778,h,23.31,D
22.87533,83.81727,343.81,283.27,0.55,0.65,2026-03-07,778,h,49.73,D
22.87302,83.80883,342.12,289.41,0.55,0.65,2026-03-07,734,h,44.94,D
22.8742,83.82426,346.56,287.62,0.55,0.65,2026-03-07,806,h,60.78,D
22.50671,81.49823,348.48,283.74,0.55,0.65,2026-04-20,817,h,63.04,D
22.51023,81.50008,338.6,281.89,0.55,0.65,2026-04-20,779,h,35.25,D
22.4978,81.5011,347.43,286.16,0.55,0.65,2026-04-20,752,h,43.35,D
22.52682,81.50241,329.92,284.45,0.55,0.65,2026-04-20,733,h,23.93,D
22.51667,81.5159,336.66,286.41,0.55,0.65,2026-04-20,814,h,41.74,D
22.52599,81.50532,350.43,284.94,0.55,0.65,2026-04-20,751,h,62.26,D
22.50696,81.50092,343.4,284.25,0.55,0.65,2026-04-20,793,h,43.95,D
22.51225,81.50652,342.85,284.64,0.55,0.65,2026-04-21,762,h,49.39,D
22.5164,81.50936,341.42,287.49,0.55,0.65,2026-04-21,817,h,32.62,D
22.51089,81.51858,346.62,282.16,0.55,0.65,2026-04-21,813,h,56.07,D
22.5075,81.50516,352.57,287.93,0.55,0.65,2026-04-21,789,h,55.96,D
22.5144,81.5099,348.12,288.33,0.55,0.65,2026-04-21,733,h,53.41,D
22.51648,81.51344,343.7,285.3,0.55,0.65,2026-04-22,824,h,43.37,D
22.51228,81.50134,353.7,287.04,0.55,0.65,2026-04-22,769,h,62.42,D
22.51465,81.50688,337.89,283.03,0.55,0.65,2026-04-22,790,h,34.05,D
22.4999,81.5018,338.04,284.49,0.55,0.65,2026-04-22,785,h,31.65,D
22.52658,81.49833,342.76,285.96,0.55,0.65,2026-04-22,739,h,31.01,D
22.51043,81.51447,335.41,282.46,0.55,0.65,2026-04-22,770,h,32.25,D
21.75006,82.61373,341.84,285.11,0.55,0.65,2026-05-11,813,h,51.79,D
21.75248,82.60841,346.87,286.06,0.55,0.65,2026-05-11,801,h,50.98,D
21.75703,82.61397,332.61,285.42,0.55,0.65,2026-05-11,746,h,24.93,D
21.7712,82.61841,341.84,283.0,0.55,0.65,2026-05-11,819,h,41.34,D
21.7544,82.61837,332.22,287.21,0.55,0.65,2026-05-11,759,h,30.84,D
21.75489,82.62654,343.53,286.16,0.55,0.65,2026-05-12,795,h,37.81,D
21.75549,82.60882,330.65,284.34,0.55,0.65,2026-05-12,755,h,31.1,D
21.75606,82.61167,348.79,284.65,0.55,0.65,2026-05-12,752,h,56.69,D
21.75406,82.60167,340.83,284.1,0.55,0.65,2026-05-12,763,h,41.34,D
21.77568,82.61577,337.38,285.55,0.55,0.65,2026-05-12,754,h,38.44,D
21.75228,82.60928,349.59,284.77,0.55,0.65,2026-05-12,823,h,58.15,D
21.76642,82.60916,338.04,287.64,0.55,0.65,2026-05-13,762,h,41.73,D
21.74995,82.61173,332.69,283.1,0.55,0.65,2026-05-13,776,h,35.21,D
21.75155,82.61613,347.05,284.13,0.55,0.65,2026-05-13,805,h,61.65,D
21.76402,82.62155,354.06,281.5,0.55,0.65,2026-05-13,747,h,59.8,D
21.7449,82.61195,338.39,287.01,0.55,0.65,2026-05-13,822,h,34.83,D
21.45867,81.50485,341.78,283.22,0.55,0.65,2026-03-15,766,h,45.93,D
21.45299,81.50631,354.94,285.89,0.55,0.65,2026-03-15,794,h,58.12,D
21.44293,81.51251,333.73,284.33,0.55,0.65,2026-03-15,797,h,34.49,D
21.45434,81.49867,351.0,283.33,0.55,0.65,2026-03-15,800,h,56.86,D
21.46073,81.50696,348.71,282.48,0.55,0.65,2026-03-15,823,h,55.93,D
21.44642,81.50347,347.88,287.19,0.55,0.65,2026-03-16,730,h,53.93,D
21.4544,81.51413,344.13,283.09,0.55,0.65,2026-03-16,808,h,50.21,D
21.44938,81.51011,339.74,289.84,0.55,0.65,2026-03-16,744,h,46.2,D
21.44673,81.50214,335.91,287.15,0.55,0.65,2026-03-16,821,h,36.37,D
21.4514,81.51099,334.64,283.67,0.55,0.65,2026-03-16,769,h,26.03,D
21.44605,81.50413,331.26,284.12,0.55,0.65,2026-03-16,769,h,30.07,D
23.6336,84.33991,353.96,285.65,0.55,0.65,2026-04-01,804,h,59.71,D
23.63015,84.34048,337.82,286.29,0.55,0.65,2026-04-01,811,h,44.09,D
23.62413,84.34878,340.01,286.59,0.55,0.65,2026-04-01,767,h,30.69,D
23.62677,84.3564,348.7,285.94,0.55,0.65,2026-04-01,824,h,62.53,D
23.62289,84.34096,335.09,284.53,0.55,0.65,2026-04-02,751,h,32.62,D
23.61595,84.33888,336.99,282.47,0.55,0.65,2026-04-02,793,h,35.38,D
23.61397,84.3419,344.95,290.22,0.55,0.65,2026-04-02,776,h,50.95,D
23.62385,84.34184,348.76,283.42,0.55,0.65,2026-04-02,806,h,57.31,D
23.62646,84.3328,328.38,286.51,0.55,0.65,2026-04-02,730,h,24.88,D
23.64309,84.34503,346.87,285.32,0.55,0.65,2026-04-03,788,h,55.68,D
23.63764,84.34065,341.37,281.62,0.55,0.65,2026-04-03,776,h,50.03,D
23.62939,84.34769,330.64,287.86,0.55,0.65,2026-04-03,766,h,29.06,D
23.61126,84.33711,337.28,282.94,0.55,0.65,2026-04-03,747,h,42.0,D
23.631,84.3412,336.3,283.21,0.55,0.65,2026-04-03,739,h,33.17,D
23.63053,84.34375,354.18,285.27,0.55,0.65,2026-04-03,759,h,57.27,D
23.62416,84.33793,334.19,282.24,0.55,0.65,2026-04-03,767,h,31.79,D
22.37265,83.18936,341.45,288.55,0.55,0.65,2026-03-08,742,h,40.96,D
22.36747,83.19118,340.36,287.83,0.55,0.65,2026-03-08,751,h,45.93,D
22.37574,83.1956,345.86,283.47,0.55,0.65,2026-03-08,827,h,55.41,D
22.36683,83.2046,346.86,286.65,0.55,0.65,2026-03-08,793,h,49.23,D
22.37226,83.19519,343.43,285.78,0.55,0.65,2026-03-08,755,h,41.4,D
22.37196,83.20659,347.94,284.16,0.55,0.65,2026-03-09,742,h,57.15,D
22.37738,83.20758,352.49,285.27,0.55,0.65,2026-03-09,806,h,60.27,D
22.37241,83.1915,331.51,286.97,0.55,0.65,2026-03-09,736,h,30.5,D
22.36874,83.20496,334.96,284.28,0.55,0.65,2026-03-09,776,h,31.82,D
22.37509,83.19947,350.37,287.73,0.55,0.65,2026-03-09,750,h,57.36,D
22.37447,83.19693,343.01,283.59,0.55,0.65,2026-03-09,818,h,45.45,D
22.37346,83.20038,345.53,286.98,0.55,0.65,2026-03-09,777,h,47.56,D
22.37213,83.19863,351.57,285.74,0.55,0.65,2026-03-10,797,h,60.47,D
22.37069,83.19941,350.11,286.49,0.55,0.65,2026-03-10,787,h,59.41,D
22.37135,83.19212,330.58,282.24,0.55,0.65,2026-03-10,758,h,23.98,D
22.38298,83.19716,350.33,287.35,0.55,0.65,2026-03-10,758,h,47.61,D
21.12333,80.79134,339.5,281.95,0.55,0.65,2026-03-07,802,h,35.07,D
21.11081,80.78364,348.62,282.78,0.55,0.65,2026-03-07,760,h,53.44,D
21.11426,80.78948,346.19,284.97,0.55,0.65,2026-03-07,757,h,60.97,D
21.12166,80.79209,333.7,284.17,0.55,0.65,2026-03-07,792,h,32.11,D
21.12449,80.80651,341.35,283.22,0.55,0.65,2026-03-07,782,h,38.55,D
21.12167,80.79209,335.37,284.02,0.55,0.65,2026-03-08,826,h,39.4,D
21.11463,80.79336,343.09,284.89,0.55,0.65,2026-03-08,818,h,49.16,D
21.12388,80.79785,346.28,283.46,0.55,0.65,2026-03-08,786,h,44.18,D
21.11459,80.78634,342.1,282.4,0.55,0.65,2026-03-08,756,h,36.19,D
21.11695,80.80539,347.71,287.97,0.55,0.65,2026-03-08,748,h,56.83,D
21.11993,80.78578,346.91,285.39,0.55,0.65,2026-03-09,821,h,56.77,D
21.1176,80.78875,343.71,285.28,0.55,0.65,2026-03-09,766,h,36.87,D
21.12413,80.80217,343.73,285.33,0.55,0.65,2026-03-09,776,h,56.26,D
21.11142,80.79744,338.59,284.69,0.55,0.65,2026-03-09,754,h,30.19,D
21.12639,80.79787,340.04,282.98,0.55,0.65,2026-03-09,750,h,40.61,D
21.11938,80.79857,334.37,284.75,0.55,0.65,2026-03-10,752,h,22.5,D
21.11537,80.7825,342.03,282.99,0.55,0.65,2026-03-10,821,h,39.35,D
21.11231,80.8002,346.84,287.1,0.55,0.65,2026-03-10,784,h,52.97,D
21.12599,80.79313,345.81,282.83,0.55,0.65,2026-03-10,745,h,52.83,D
21.11931,80.794,330.14,285.83,0.55,0.65,2026-03-10,823,h,30.15,D
21.11858,80.79588,335.04,286.44,0.55,0.65,2026-03-10,756,h,27.81,D
21.11689,80.79608,338.64,280.54,0.55,0.65,2026-03-10,763,h,30.86,D
24.03167,80.74992,346.08,286.37,0.55,0.65,2026-03-29,760,h,39.72,D
24.04905,80.76046,342.23,285.24,0.55,0.65,2026-03-29,731,h,46.05,D
24.0362,80.75974,349.34,287.13,0.55,0.65,2026-03-29,804,h,54.04,D
24.05233,80.75599,343.78,287.58,0.55,0.65,2026-03-29,792,h,43.66,D
24.02978,80.76495,333.99,285.12,0.55,0.65,2026-03-29,759,h,22.02,D
24.04133,80.76914,341.99,286.41,0.55,0.65,2026-03-29,774,h,33.66,D
24.04227,80.75219,348.64,284.64,0.55,0.65,2026-03-29,817,h,55.22,D
24.03219,80.75979,349.02,288.81,0.55,0.65,2026-03-30,766,h,54.43,D
24.04088,80.75535,346.75,281.41,0.55,0.65,2026-03-30,822,h,57.99,D
24.03305,80.76249,341.58,284.62,0.55,0.65,2026-03-30,762,h,40.65,D
24.03495,80.76786,345.69,283.48,0.55,0.65,2026-03-30,732,h,44.46,D
24.03245,80.76161,345.88,283.32,0.55,0.65,2026-03-30,796,h,57.56,D
24.03809,80.76071,336.32,283.77,0.55,0.65,2026-03-31,800,h,32.89,D
24.03394,80.766,337.72,285.08,0.55,0.65,2026-03-31,783,h,37.88,D
24.02726,80.75617,335.9,283.19,0.55,0.65,2026-03-31,779,h,30.91,D
24.02562,80.76116,342.89,280.85,0.55,0.65,2026-03-31,759,h,50.85,D
24.03945,80.74909,352.38,284.15,0.55,0.65,2026-03-31,822,h,63.7,D
24.03151,80.75482,342.98,286.56,0.55,0.65,2026-03-31,779,h,47.04,D
24.03814,80.7527,339.57,285.36,0.55,0.65,2026-03-31,824,h,41.65,D
24.03919,80.75124,348.92,286.09,0.55,0.65,2026-04-01,789,h,46.45,D
24.04281,80.76571,343.85,282.4,0.55,0.65,2026-04-01,756,h,49.06,D
24.03959,80.76104,347.67,284.43,0.55,0.65,2026-04-01,740,h,58.94,D
24.04375,80.7707,346.73,284.41,0.55,0.65,2026-04-01,767,h,42.26,D
24.04013,80.77033,348.26,286.31,0.55,0.65,2026-04-01,825,h,52.57,D
21.97336,82.2113,350.48,282.59,0.55,0.65,2026-02-19,821,h,64.57,D
21.97822,82.20669,341.42,287.43,0.55,0.65,2026-02-19,820,h,47.28,D
21.97325,82.20683,344.3,289.45,0.55,0.65,2026-02-19,785,h,42.74,D
21.97478,82.21885,328.66,285.01,0.55,0.65,2026-02-19,806,h,24.84,D
21.96977,82.22211,332.76,283.77,0.55,0.65,2026-02-20,822,h,22.39,D
21.97384,82.20724,340.69,286.45,0.55,0.65,2026-02-20,783,h,34.08,D
21.97923,82.20511,343.75,283.44,0.55,0.65,2026-02-20,760,h,51.88,D
21.97598,82.21338,348.94,286.35,0.55,0.65,2026-02-20,732,h,53.35,D
21.9773,82.20489,331.49,282.38,0.55,0.65,2026-02-20,746,h,25.66,D
21.96947,82.20652,344.06,283.99,0.55,0.65,2026-02-21,823,h,46.55,D
21.98599,82.22202,334.94,284.78,0.55,0.65,2026-02-21,806,h,29.95,D
21.97306,82.21111,335.05,285.37,0.55,0.65,2026-02-21,789,h,38.58,D
21.98232,82.21662,345.08,281.44,0.55,0.65,2026-02-21,829,h,45.93,D
21.97366,82.20653,348.51,285.07,0.55,0.65,2026-02-21,773,h,58.53,D
21.97538,82.22175,360.38,286.26,0.55,0.65,2026-02-21,808,h,64.35,D
21.97473,82.20825,345.52,284.01,0.55,0.65,2026-02-21,816,h,54.73,D
23.81806,82.23227,351.94,284.71,0.55,0.65,2026-02-22,784,h,64.95,D
23.83582,82.24235,349.92,281.48,0.55,0.65,2026-02-22,780,h,60.5,D
23.83118,82.24636,338.48,284.74,0.55,0.65,2026-02-22,828,h,42.08,D
23.8262,82.23163,354.23,285.57,0.55,0.65,2026-02-22,792,h,60.38,D
23.83021,82.24623,355.27,279.84,0.55,0.65,2026-02-22,754,h,63.97,D
23.82534,82.23435,350.95,283.89,0.55,0.65,2026-02-22,810,h,58.49,D
23.82024,82.23487,340.73,289.4,0.55,0.65,2026-02-23,802,h,42.17,D
23.82824,82.24428,344.34,284.76,0.55,0.65,2026-02-23,787,h,49.92,D
23.84114,82.24366,346.47,282.17,0.55,0.65,2026-02-23,744,h,36.8,D
23.81958,82.24103,336.91,286.25,0.55,0.65,2026-02-23,733,h,28.75,D
23.82277,82.22685,352.09,287.14,0.55,0.65,2026-02-23,819,h,57.88,D
23.83006,82.23933,342.44,285.84,0.55,0.65,2026-02-23,826,h,44.83,D
23.82884,82.23239,337.39,286.04,0.55,0.65,2026-02-24,749,h,31.15,D
23.83479,82.23217,350.89,287.28,0.55,0.65,2026-02-24,739,h,51.53,D
23.82793,82.24368,345.1,286.41,0.55,0.65,2026-02-24,825,h,56.35,D
23.8347,82.24208,349.66,283.33,0.55,0.65,2026-02-24,747,h,56.2,D
23.8277,82.22658,338.05,288.31,0.55,0.65,2026-02-24,822,h,24.67,D
23.82886,82.24273,339.29,288.15,0.55,0.65,2026-02-24,730,h,25.86,D
21.34941,83.14646,334.87,286.47,0.55,0.65,2026-03-14,767,h,33.1,D
21.35328,83.12931,348.08,284.38,0.55,0.65,2026-03-14,745,h,62.03,D
21.36301,83.12577,348.82,286.81,0.55,0.65,2026-03-14,828,h,62.58,D
21.36173,83.13465,341.9,288.94,0.55,0.65,2026-03-14,819,h,47.07,D
21.36066,83.13875,334.09,283.97,0.55,0.65,2026-03-14,799,h,32.36,D
21.36089,83.14057,340.9,285.66,0.55,0.65,2026-03-14,730,h,46.17,D
21.34513,83.14082,342.26,282.19,0.55,0.65,2026-03-15,804,h,29.97,D
21.34965,83.133,336.53,287.51,0.55,0.65,2026-03-15,733,h,33.98,D
21.35515,83.13139,351.76,285.52,0.55,0.65,2026-03-15,765,h,57.83,D
21.34436,83.14249,339.31,286.92,0.55,0.65,2026-03-15,766,h,38.52,D
21.35883,83.12398,353.12,285.2,0.55,0.65,2026-03-15,823,h,64.18,D
21.36126,83.13194,344.08,285.33,0.55,0.65,2026-03-15,742,h,48.83,D
21.35916,83.13867,344.64,284.36,0.55,0.65,2026-03-16,765,h,37.89,D
21.35553,83.13145,352.2,288.73,0.55,0.65,2026-03-16,737,h,59.35,D
21.35857,83.13597,340.8,285.05,0.55,0.65,2026-03-16,774,h,45.29,D
21.36022,83.12989,334.65,280.87,0.55,0.65,2026-03-16,759,h,27.42,D
21.3498,83.11769,341.27,283.18,0.55,0.65,2026-03-16,773,h,33.3,D
21.35593,83.12857,342.47,283.07,0.55,0.65,2026-03-16,817,h,57.17,D
21.35638,83.13423,355.89,285.22,0.55,0.65,2026-03-17,776,h,60.37,D
21.3551,83.13791,337.27,282.05,0.55,0.65,2026-03-17,760,h,32.18,D
21.35669,83.11516,339.14,285.69,0.55,0.65,2026-03-17,781,h,48.24,D
21.35759,83.12875,323.58,285.47,0.55,0.65,2026-03-17,739,h,24.68,D
23.56119,84.33266,350.37,287.43,0.55,0.65,2026-03-11,770,h,59.22,D
23.55965,84.3487,343.21,284.01,0.55,0.65,2026-03-11,738,h,49.36,D
23.57005,84.35371,336.0,284.43,0.55,0.65,2026-03-11,751,h,45.05,D
23.57488,84.35419,343.07,283.4,0.55,0.65,2026-03-11,772,h,40.84,D
23.56259,84.35441,350.24,284.82,0.55,0.65,2026-03-11,757,h,58.25,D
23.57071,84.33778,348.62,283.02,0.55,0.65,2026-03-12,815,h,50.66,D
23.5747,84.3438,349.12,286.15,0.55,0.65,2026-03-12,732,h,62.94,D
23.56381,84.34412,333.08,284.3,0.55,0.65,2026-03-12,761,h,28.88,D
23.57754,84.34911,337.07,289.91,0.55,0.65,2026-03-12,764,h,26.89,D
23.57414,84.34821,347.81,282.75,0.55,0.65,2026-03-13,814,h,47.45,D
23.56482,84.35311,343.52,285.96,0.55,0.65,2026-03-13,796,h,43.66,D
23.57827,84.33593,341.76,283.52,0.55,0.65,2026-03-13,750,h,41.66,D
23.57472,84.33393,343.07,288.19,0.55,0.65,2026-03-13,784,h,44.89,D
23.5704,84.35728,335.03,282.78,0.55,0.65,2026-03-14,797,h,30.97,D
23.57513,84.3451,331.37,283.7,0.55,0.65,2026-03-14,749,h,24.1,D
23.57692,84.35264,352.8,283.1,0.55,0.65,2026-03-14,818,h,55.82,D
23.56566,84.34238,339.3,282.09,0.55,0.65,2026-03-14,828,h,45.98,D
23.56992,84.34831,336.33,286.14,0.55,0.65,2026-03-14,807,h,39.31,D
23.9912,82.72037,355.59,285.16,0.55,0.65,2026-04-29,762,h,63.66,D
23.9958,82.71614,345.44,286.32,0.55,0.65,2026-04-29,734,h,51.36,D
23.99155,82.72739,339.72,284.49,0.55,0.65,2026-04-29,744,h,43.75,D
23.98922,82.74165,328.68,282.73,0.55,0.65,2026-04-29,786,h,23.78,D
23.99097,82.71805,332.04,285.82,0.55,0.65,2026-04-29,820,h,23.16,D
23.99675,82.7109,350.71,283.83,0.55,0.65,2026-04-29,778,h,59.13,D
23.97502,82.71418,339.86,286.68,0.55,0.65,2026-04-30,744,h,34.77,D
23.99067,82.72259,346.46,286.22,0.55,0.65,2026-04-30,810,h,53.71,D
23.99241,82.71379,344.81,282.93,0.55,0.65,2026-04-30,763,h,52.27,D
23.98633,82.72648,349.59,286.02,0.55,0.65,2026-04-30,818,h,62.39,D
23.99492,82.71782,345.59,287.92,0.55,0.65,2026-04-30,814,h,56.48,D
23.98523,82.72086,338.78,283.21,0.55,0.65,2026-04-30,763,h,28.34,D
23.98642,82.72708,336.13,285.34,0.55,0.65,2026-05-01,781,h,27.87,D
23.9873,82.73123,343.29,287.41,0.55,0.65,2026-05-01,780,h,45.02,D
23.98745,82.71403,350.3,285.23,0.55,0.65,2026-05-01,784,h,59.84,D
23.98649,82.72534,342.5,288.46,0.55,0.65,2026-05-01,826,h,37.55,D
23.98845,82.72646,336.84,283.74,0.55,0.65,2026-05-01,804,h,29.52,D
23.99172,82.7173,349.11,284.74,0.55,0.65,2026-05-01,816,h,57.59,D
23.99702,82.71109,344.38,282.36,0.55,0.65,2026-05-02,765,h,47.78,D
23.98636,82.72243,353.87,282.75,0.55,0.65,2026-05-02,797,h,63.17,D
23.98558,82.71394,349.73,284.1,0.55,0.65,2026-05-02,748,h,51.53,D
23.99445,82.71135,332.62,289.9,0.55,0.65,2026-05-02,798,h,23.6,D
23.99582,82.72817,331.33,287.07,0.55,0.65,2026-05-02,762,h,30.53,D
23.98507,82.73494,357.97,286.83,0.55,0.65,2026-05-02,771,h,62.61,D
23.99536,82.71791,332.08,278.57,0.55,0.65,2026-05-02,784,h,27.5,D
24.09901,80.94072,346.46,285.13,0.55,0.65,2026-02-24,784,h,62.54,D
24.11085,80.95952,338.68,285.28,0.55,0.65,2026-02-24,791,h,36.36,D
24.10846,80.95573,341.76,285.88,0.55,0.65,2026-02-24,734,h,46.8,D
24.08982,80.95119,341.16,284.49,0.55,0.65,2026-02-24,812,h,41.08,D
24.10884,80.94694,331.21,283.02,0.55,0.65,2026-02-24,808,h,29.05,D
24.11088,80.95034,337.4,286.43,0.55,0.65,2026-02-24,730,h,31.81,D
24.10052,80.94514,329.41,285.87,0.55,0.65,2026-02-24,813,h,22.45,D
24.09466,80.96167,341.15,283.63,0.55,0.65,2026-02-25,779,h,38.57,D
24.11156,80.95213,350.45,287.11,0.55,0.65,2026-02-25,760,h,55.5,D
24.10294,80.96061,335.39,288.39,0.55,0.65,2026-02-25,776,h,32.38,D
24.10328,80.9581,348.49,286.35,0.55,0.65,2026-02-25,747,h,48.26,D
22.91392,82.31783,348.8,281.53,0.55,0.65,2026-03-26,793,h,62.95,D
22.9088,82.32703,339.63,284.28,0.55,0.65,2026-03-26,776,h,42.73,D
22.90657,82.32103,346.07,287.37,0.55,0.65,2026-03-26,813,h,53.61,D
22.89923,82.31773,344.68,281.49,0.55,0.65,2026-03-26,825,h,45.29,D
22.90444,82.33239,346.95,284.87,0.55,0.65,2026-03-26,735,h,50.82,D
22.90388,82.32111,336.57,286.82,0.55,0.65,2026-03-26,742,h,32.46,D
22.89638,82.3171,344.75,283.88,0.55,0.65,2026-03-27,787,h,53.55,D
22.90218,82.32674,335.04,284.8,0.55,0.65,2026-03-27,808,h,38.16,D
22.90097,82.33396,351.85,281.46,0.55,0.65,2026-03-27,747,h,56.38,D
22.89191,82.33291,348.5,286.02,0.55,0.65,2026-03-27,770,h,49.32,D
22.9059,82.32757,339.22,283.1,0.55,0.65,2026-03-27,814,h,34.33,D
22.89777,82.32065,336.94,284.59,0.55,0.65,2026-03-27,807,h,27.01,D
22.89442,82.33325,343.39,282.47,0.55,0.65,2026-03-27,785,h,48.63,D
22.89462,82.32319,338.88,287.73,0.55,0.65,2026-03-28,759,h,42.11,D
22.90259,82.33081,335.64,284.78,0.55,0.65,2026-03-28,823,h,28.13,D
22.9077,82.33087,337.89,284.26,0.55,0.65,2026-03-28,741,h,40.84,D
22.89278,82.32105,338.95,289.23,0.55,0.65,2026-03-28,829,h,33.08,D
22.90134,82.33012,341.26,282.88,0.55,0.65,2026-03-28,821,h,39.44,D
22.90615,82.32784,345.67,282.11,0.55,0.65,2026-03-29,827,h,55.03,D
22.9009,82.31675,354.0,289.24,0.55,0.65,2026-03-29,796,h,62.5,D
22.90496,82.32145,340.57,284.23,0.55,0.65,2026-03-29,733,h,41.86,D
22.89183,82.31863,343.92,284.76,0.55,0.65,2026-03-29,739,h,52.63,D
22.90494,82.31863,340.99,286.04,0.55,0.65,2026-03-29,815,h,45.9,D
20.99987,82.19781,339.34,284.67,0.55,0.65,2026-04-11,793,h,37.68,D
21.00211,82.19553,349.22,287.0,0.55,0.65,2026-04-11,756,h,54.24,D
21.00179,82.21405,342.37,284.41,0.55,0.65,2026-04-11,827,h,39.2,D
20.9865,82.21315,341.72,283.72,0.55,0.65,2026-04-11,809,h,44.27,D
20.9998,82.20481,351.48,283.15,0.55,0.65,2026-04-12,828,h,56.11,D
21.00499,82.20389,340.6,287.1,0.55,0.65,2026-04-12,764,h,40.19,D
21.00313,82.21256,348.75,281.74,0.55,0.65,2026-04-12,733,h,55.66,D
20.99665,82.20822,343.56,289.21,0.55,0.65,2026-04-12,783,h,52.58,D
21.01246,82.20157,350.98,286.66,0.55,0.65,2026-04-12,767,h,53.86,D
21.00836,82.20812,353.43,280.25,0.55,0.65,2026-04-13,810,h,57.34,D
21.01314,82.2114,336.58,289.94,0.55,0.65,2026-04-13,784,h,30.19,D
21.00287,82.20837,338.69,288.21,0.55,0.65,2026-04-13,800,h,28.18,D
21.01309,82.21543,336.35,287.08,0.55,0.65,2026-04-13,798,h,31.02,D
21.00671,82.21151,350.98,284.31,0.55,0.65,2026-04-13,822,h,62.97,D
21.00647,82.20796,337.79,284.08,0.55,0.65,2026-04-14,820,h,41.16,D
20.99876,82.20294,340.27,284.63,0.55,0.65,2026-04-14,741,h,46.29,D
20.99839,82.21205,348.48,282.51,0.55,0.65,2026-04-14,829,h,56.15,D
21.01259,82.21301,342.98,282.57,0.55,0.65,2026-04-14,731,h,48.08,D
20.99671,82.21042,347.3,284.3,0.55,0.65,2026-04-14,738,h,53.98,D
21.00344,82.20899,337.04,285.08,0.55,0.65,2026-04-14,757,h,26.14,D
21.25455,81.85721,348.44,286.59,0.55,0.65,2026-04-10,751,h,54.41,D
21.25223,81.8559,335.66,283.62,0.55,0.65,2026-04-10,750,h,37.37,D
21.25716,81.87271,332.73,281.58,0.55,0.65,2026-04-10,774,h,31.07,D
21.25835,81.85763,342.47,280.26,0.55,0.65,2026-04-10,811,h,52.77,D
21.2473,81.86195,355.45,287.19,0.55,0.65,2026-04-10,736,h,61.93,D
21.25722,81.86333,328.37,284.24,0.55,0.65,2026-04-10,751,h,24.95,D
21.25573,81.87631,332.16,285.9,0.55,0.65,2026-04-11,767,h,29.93,D
21.25556,81.86678,327.22,285.73,0.55,0.65,2026-04-11,786,h,22.39,D
21.2622,81.86929,346.29,287.55,0.55,0.65,2026-04-11,754,h,63.62,D
21.2543,81.87044,335.73,283.19,0.55,0.65,2026-04-11,827,h,27.79,D
21.25893,81.87214,342.12,278.39,0.55,0.65,2026-04-11,804,h,42.27,D
21.25463,81.85361,353.64,284.29,0.55,0.65,2026-04-12,793,h,61.51,D
21.26877,81.85737,333.38,288.54,0.55,0.65,2026-04-12,789,h,34.18,D
21.25782,81.85972,340.02,288.05,0.55,0.65,2026-04-12,782,h,35.81,D
21.25264,81.86638,332.36,287.44,0.55,0.65,2026-04-12,746,h,27.94,D
21.25666,81.8584,335.7,284.55,0.55,0.65,2026-04-12,798,h,31.33,D
21.26849,81.86877,343.88,282.81,0.55,0.65,2026-04-12,785,h,49.28,D
21.25241,81.86674,345.87,283.18,0.55,0.65,2026-04-13,787,h,55.39,D
21.26244,81.8775,347.73,285.57,0.55,0.65,2026-04-13,763,h,55.77,D
21.26339,81.85766,342.76,286.41,0.55,0.65,2026-04-13,819,h,44.89,D
21.26131,81.85522,340.62,286.78,0.55,0.65,2026-04-13,788,h,48.32,D
21.25765,81.8711,344.04,284.87,0.55,0.65,2026-04-13,769,h,53.05,D
21.25645,81.8636,339.01,286.85,0.55,0.65,2026-04-13,771,h,35.84,D
23.17238,83.21762,347.63,285.74,0.55,0.65,2026-02-25,785,h,47.78,D
23.16555,83.22556,336.58,285.94,0.55,0.65,2026-02-25,745,h,31.9,D
23.17252,83.22939,329.75,289.62,0.55,0.65,2026-02-25,737,h,26.24,D
23.16265,83.22014,353.79,284.41,0.55,0.65,2026-02-25,773,h,63.6,D
23.16131,83.22115,342.1,284.02,0.55,0.65,2026-02-26,735,h,43.67,D
23.17927,83.21782,353.46,286.68,0.55,0.65,2026-02-26,734,h,61.21,D
23.16972,83.2178,349.94,284.99,0.55,0.65,2026-02-26,743,h,63.2,D
23.17711,83.2216,340.57,284.4,0.55,0.65,2026-02-26,797,h,39.69,D
23.16296,83.21856,345.75,284.22,0.55,0.65,2026-02-26,772,h,57.54,D
23.16695,83.22168,352.61,281.54,0.55,0.65,2026-02-26,762,h,64.09,D
23.16834,83.2215,352.95,286.17,0.55,0.65,2026-02-26,745,h,61.28,D
23.17208,83.2201,339.78,287.03,0.55,0.65,2026-02-27,758,h,38.41,D
23.16867,83.21825,346.92,285.63,0.55,0.65,2026-02-27,804,h,49.85,D
23.17886,83.22099,336.27,288.15,0.55,0.65,2026-02-27,780,h,41.19,D
23.17,83.22135,340.9,286.05,0.55,0.65,2026-02-27,737,h,43.09,D
22.73741,81.79558,343.54,286.94,0.55,0.65,2026-03-16,790,h,58.75,D
22.73266,81.80873,344.96,282.25,0.55,0.65,2026-03-16,733,h,38.8,D
22.74306,81.80349,329.1,285.52,0.55,0.65,2026-03-16,773,h,22.9,D
22.74379,81.80805,331.81,282.84,0.55,0.65,2026-03-16,793,h,26.12,D
22.73585,81.80228,339.67,286.37,0.55,0.65,2026-03-17,826,h,34.66,D
22.74064,81.8055,345.9,287.21,0.55,0.65,2026-03-17,787,h,54.3,D
22.73749,81.81323,337.95,284.33,0.55,0.65,2026-03-17,799,h,39.49,D
22.72832,81.80648,335.2,286.41,0.55,0.65,2026-03-17,733,h,38.5,D
22.73014,81.8,334.02,285.39,0.55,0.65,2026-03-17,733,h,24.74,D
22.73722,81.80839,343.57,288.69,0.55,0.65,2026-03-17,757,h,45.93,D
22.72777,81.79564,340.77,283.6,0.55,0.65,2026-03-18,797,h,34.55,D
22.72315,81.80114,340.99,288.85,0.55,0.65,2026-03-18,820,h,51.04,D
22.74095,81.79653,338.78,289.92,0.55,0.65,2026-03-18,805,h,37.21,D
22.73233,81.80795,336.47,282.99,0.55,0.65,2026-03-18,787,h,34.47,D
22.73479,81.80912,329.41,285.82,0.55,0.65,2026-03-18,764,h,30.43,D
22.72816,81.80324,340.79,286.03,0.55,0.65,2026-03-18,744,h,37.29,D
24.36083,84.45759,332.96,282.11,0.55,0.65,2026-03-04,776,h,29.57,D
24.35911,84.44793,336.88,283.25,0.55,0.65,2026-03-04,784,h,36.35,D
24.35187,84.45834,333.94,288.35,0.55,0.65,2026-03-04,785,h,32.97,D
24.35096,84.45938,345.42,284.47,0.55,0.65,2026-03-04,785,h,59.27,D
24.34975,84.44687,355.76,288.45,0.55,0.65,2026-03-04,756,h,61.73,D
24.35948,84.45149,334.3,286.36,0.55,0.65,2026-03-05,735,h,24.08,D
24.3523,84.4636,348.45,285.23,0.55,0.65,2026-03-05,741,h,54.88,D
24.34857,84.4408,335.9,286.86,0.55,0.65,2026-03-05,735,h,23.04,D
24.35599,84.4574,338.43,285.12,0.55,0.65,2026-03-05,789,h,36.14,D
24.35672,84.45266,334.92,280.68,0.55,0.65,2026-03-05,817,h,25.29,D
24.35894,84.45812,344.46,281.78,0.55,0.65,2026-03-05,743,h,50.37,D
24.3496,84.45516,347.03,283.2,0.55,0.65,2026-03-05,752,h,48.42,D
24.34952,84.4531,336.17,286.17,0.55,0.65,2026-03-06,781,h,29.38,D
24.36265,84.44897,330.67,286.29,0.55,0.65,2026-03-06,803,h,22.77,D
24.35867,84.47114,333.26,281.71,0.55,0.65,2026-03-06,792,h,29.07,D
24.35167,84.45649,349.79,287.58,0.55,0.65,2026-03-06,751,h,45.86,D
24.36622,84.44462,350.04,285.42,0.55,0.65,2026-03-06,747,h,64.4,D
24.35242,84.45229,347.39,281.57,0.55,0.65,2026-03-06,784,h,47.69,D
24.35879,84.45298,334.73,285.16,0.55,0.65,2026-03-07,749,h,32.77,D
24.35837,84.4509,346.81,282.88,0.55,0.65,2026-03-07,827,h,49.18,D
24.35311,84.44357,347.77,283.68,0.55,0.65,2026-03-07,805,h,46.3,D
24.36102,84.45673,347.91,285.74,0.55,0.65,2026-03-07,751,h,48.74,D
24.35967,84.43756,348.12,284.61,0.55,0.65,2026-03-07,791,h,51.34,D
24.36983,84.46152,336.78,281.85,0.55,0.65,2026-03-07,797,h,31.71,D
22.28432,82.25406,346.74,284.54,0.55,0.65,2026-03-31,816,h,56.43,D
22.27733,82.25694,345.74,283.36,0.55,0.65,2026-03-31,811,h,45.72,D
22.28686,82.24394,333.11,281.65,0.55,0.65,2026-03-31,825,h,30.21,D
22.28104,82.25602,338.47,285.52,0.55,0.65,2026-03-31,789,h,37.23,D
22.27877,82.26224,345.7,279.44,0.55,0.65,2026-04-01,742,h,49.79,D
22.27993,82.2493,334.61,285.19,0.55,0.65,2026-04-01,822,h,23.09,D
22.27687,82.26056,335.28,284.13,0.55,0.65,2026-04-01,826,h,27.57,D
22.26957,82.25583,335.33,285.85,0.55,0.65,2026-04-01,747,h,40.07,D
22.28844,82.25931,334.39,283.33,0.55,0.65,2026-04-02,767,h,26.82,D
22.27783,82.26394,336.43,285.55,0.55,0.65,2026-04-02,801,h,36.94,D
22.27589,82.2578,332.34,285.32,0.55,0.65,2026-04-02,826,h,28.45,D
22.30006,82.25443,339.56,289.12,0.55,0.65,2026-04-02,738,h,48.6,D
22.27351,82.25458,337.19,283.48,0.55,0.65,2026-04-02,764,h,29.75,D
23.88686,80.70619,343.97,289.88,0.55,0.65,2026-05-13,816,h,53.39,D
23.89259,80.71302,346.3,287.28,0.55,0.65,2026-05-13,790,h,63.44,D
23.89322,80.7152,343.57,280.43,0.55,0.65,2026-05-13,733,h,57.85,D
23.90098,80.70394,339.33,286.57,0.55,0.65,2026-05-13,788,h,53.08,D
23.90327,80.70917,330.72,281.93,0.55,0.65,2026-05-13,778,h,34.03,D
23.89402,80.71844,340.84,286.98,0.55,0.65,2026-05-13,732,h,49.73,D
23.89131,80.70715,346.15,282.96,0.55,0.65,2026-05-14,795,h,54.04,D
23.90512,80.7078,346.84,282.64,0.55,0.65,2026-05-14,751,h,51.89,D
23.88326,80.70703,327.68,284.06,0.55,0.65,2026-05-14,770,h,32.15,D
23.89624,80.70842,336.5,284.74,0.55,0.65,2026-05-14,795,h,38.65,D
23.90539,80.70986,339.68,283.57,0.55,0.65,2026-05-14,781,h,39.59,D
23.88255,80.71511,350.33,280.59,0.55,0.65,2026-05-15,822,h,57.96,D
23.89895,80.70098,345.73,285.71,0.55,0.65,2026-05-15,784,h,54.9,D
23.8986,80.72619,348.07,285.53,0.55,0.65,2026-05-15,805,h,47.62,D
23.90283,80.7141,337.96,287.4,0.55,0.65,2026-05-15,804,h,43.71,D
23.23626,83.05159,347.46,280.7,0.55,0.65,2026-03-19,828,h,50.33,D
23.23841,83.04733,333.79,283.61,0.55,0.65,2026-03-19,787,h,29.0,D
23.23247,83.05282,335.33,283.94,0.55,0.65,2026-03-19,829,h,22.69,D
23.23284,83.04985,339.0,283.79,0.55,0.65,2026-03-19,751,h,32.36,D
23.2443,83.05447,348.66,286.77,0.55,0.65,2026-03-19,775,h,63.21,D
23.2467,83.05721,339.53,285.15,0.55,0.65,2026-03-19,794,h,38.85,D
23.23564,83.05473,337.88,283.11,0.55,0.65,2026-03-19,732,h,30.14,D
23.24533,83.05471,349.82,284.0,0.55,0.65,2026-03-20,789,h,62.54,D
23.23144,83.06354,333.44,284.87,0.55,0.65,2026-03-20,819,h,22.95,D
23.22923,83.05519,337.09,285.7,0.55,0.65,2026-03-20,804,h,34.85,D
23.22734,83.06512,335.29,288.29,0.55,0.65,2026-03-20,822,h,25.8,D
23.24154,83.06184,333.02,288.08,0.55,0.65,2026-03-20,753,h,24.5,D
23.23483,83.05331,329.08,285.0,0.55,0.65,2026-03-20,772,h,23.78,D
23.23894,83.0528,334.36,283.59,0.55,0.65,2026-03-20,822,h,24.45,D
23.22765,83.05322,334.53,284.45,0.55,0.65,2026-03-21,780,h,26.66,D
23.22722,83.05732,333.62,286.51,0.55,0.65,2026-03-21,768,h,36.69,D
23.2356,83.04397,334.92,284.19,0.55,0.65,2026-03-21,803,h,27.03,D
23.22185,83.05169,345.13,289.82,0.55,0.65,2026-03-21,778,h,49.63,D
23.23449,83.05541,333.03,287.53,0.55,0.65,2026-03-21,771,h,26.79,D
23.22816,83.05195,340.0,288.03,0.55,0.65,2026-03-21,778,h,36.48,D
23.23364,83.05401,334.11,286.62,0.55,0.65,2026-03-22,829,h,29.19,D
23.24267,83.06044,331.68,285.85,0.55,0.65,2026-03-22,770,h,23.21,D
23.24076,83.04853,342.84,283.49,0.55,0.65,2026-03-22,808,h,52.69,D
23.23418,83.06454,339.36,284.26,0.55,0.65,2026-03-22,801,h,39.58,D
23.90367,80.83553,338.31,285.65,0.55,0.65,2026-04-14,782,h,35.65,D
23.91536,80.83121,349.62,286.49,0.55,0.65,2026-04-14,795,h,61.69,D
23.91249,80.83159,338.37,285.66,0.55,0.65,2026-04-14,809,h,40.35,D
23.90954,80.83021,344.11,287.85,0.55,0.65,2026-04-14,761,h,46.49,D
23.90951,80.82422,347.05,285.95,0.55,0.65,2026-04-14,740,h,56.35,D
23.90759,80.83313,327.12,281.74,0.55,0.65,2026-04-14,816,h,24.25,D
23.92288,80.83175,347.0,285.94,0.55,0.65,2026-04-14,760,h,49.49,D
23.91348,80.82297,345.04,283.08,0.55,0.65,2026-04-15,802,h,52.43,D
23.90825,80.83342,342.74,287.36,0.55,0.65,2026-04-15,825,h,46.35,D
23.91337,80.8463,339.53,283.34,0.55,0.65,2026-04-15,795,h,29.98,D
23.90612,80.833,341.04,285.45,0.55,0.65,2026-04-15,803,h,50.81,D
23.92291,80.82894,345.02,287.05,0.55,0.65,2026-04-15,737,h,58.87,D
23.91335,80.83484,346.63,286.43,0.55,0.65,2026-04-15,799,h,42.67,D
23.90709,80.83269,333.27,282.38,0.55,0.65,2026-04-15,825,h,27.25,D
23.91243,80.84014,346.82,284.63,0.55,0.65,2026-04-16,781,h,54.41,D
23.91663,80.82915,334.56,284.12,0.55,0.65,2026-04-16,799,h,34.74,D
23.91492,80.84238,339.79,287.55,0.55,0.65,2026-04-16,795,h,38.31,D
23.91122,80.83156,340.51,285.8,0.55,0.65,2026-04-16,815,h,46.52,D
23.90391,80.8277,345.93,286.44,0.55,0.65,2026-04-16,744,h,64.93,D
22.76863,81.45568,341.87,282.94,0.55,0.65,2026-03-28,773,h,40.32,D
22.77754,81.43257,345.39,282.7,0.55,0.65,2026-03-28,746,h,45.51,D
22.77461,81.43183,348.36,284.94,0.55,0.65,2026-03-28,745,h,47.47,D
22.77462,81.44041,338.29,285.19,0.55,0.65,2026-03-28,776,h,27.34,D
22.76547,81.43352,331.87,284.38,0.55,0.65,2026-03-28,760,h,35.98,D
22.78162,81.43661,338.78,285.85,0.55,0.65,2026-03-29,749,h,40.18,D
22.78243,81.43388,347.52,285.37,0.55,0.65,2026-03-29,780,h,58.16,D
22.77464,81.43747,340.14,286.27,0.55,0.65,2026-03-29,737,h,41.06,D
22.78216,81.43288,352.42,287.21,0.55,0.65,2026-03-29,755,h,56.92,D
22.76282,81.46771,344.5,285.51,0.55,0.65,2026-03-15,741,h,32.7,D
22.75893,81.46771,337.96,286.94,0.55,0.65,2026-03-15,783,h,31.45,D
22.75414,81.47986,350.82,284.27,0.55,0.65,2026-03-15,793,h,54.42,D
22.75792,81.48016,334.16,286.64,0.55,0.65,2026-03-15,816,h,23.22,D
22.77069,81.47034,354.46,284.65,0.55,0.65,2026-03-15,813,h,64.57,D
22.77399,81.47338,345.89,286.7,0.55,0.65,2026-03-15,827,h,53.93,D
22.77149,81.4732,333.0,288.36,0.55,0.65,2026-03-16,828,h,44.23,D
22.76918,81.47617,347.79,287.41,0.55,0.65,2026-03-16,780,h,62.28,D
22.76012,81.48092,333.25,283.24,0.55,0.65,2026-03-16,769,h,22.92,D
22.76778,81.47006,335.17,285.23,0.55,0.65,2026-03-16,803,h,36.04,D
22.76426,81.47098,347.18,285.84,0.55,0.65,2026-03-16,810,h,48.94,D
22.76669,81.4803,338.1,284.63,0.55,0.65,2026-03-17,733,h,42.96,D
22.76554,81.46988,339.54,284.99,0.55,0.65,2026-03-17,798,h,41.76,D
22.76041,81.48808,338.74,284.25,0.55,0.65,2026-03-17,749,h,39.12,D
22.76821,81.4774,344.05,284.44,0.55,0.65,2026-03-17,806,h,38.64,D
22.76688,81.48056,337.79,284.57,0.55,0.65,2026-03-17,770,h,34.15,D
23.61659,80.84491,337.44,285.67,0.55,0.65,2026-05-09,745,h,29.8,D
23.61771,80.85722,351.39,286.0,0.55,0.65,2026-05-09,772,h,62.28,D
23.61655,80.85471,344.79,285.37,0.55,0.65,2026-05-09,756,h,36.47,D
23.62282,80.86548,336.98,286.64,0.55,0.65,2026-05-09,761,h,34.05,D
23.61846,80.86305,337.74,285.05,0.55,0.65,2026-05-09,765,h,33.22,D
23.6233,80.85388,332.9,285.44,0.55,0.65,2026-05-10,759,h,24.81,D
23.6123,80.84757,337.86,283.8,0.55,0.65,2026-05-10,801,h,39.22,D
23.60843,80.86644,341.97,289.24,0.55,0.65,2026-05-10,815,h,42.64,D
23.61402,80.86009,329.21,281.0,0.55,0.65,2026-05-10,807,h,27.89,D
23.60772,80.86238,353.91,285.25,0.55,0.65,2026-05-10,820,h,60.98,D
24.28178,81.64179,327.55,283.79,0.55,0.65,2026-03-10,745,h,25.65,D
24.27152,81.64296,350.6,283.9,0.55,0.65,2026-03-10,825,h,58.08,D
24.27511,81.63691,345.59,284.72,0.55,0.65,2026-03-10,744,h,49.94,D
24.26457,81.63972,343.88,283.02,0.55,0.65,2026-03-10,779,h,43.28,D
24.27722,81.64875,344.1,287.21,0.55,0.65,2026-03-10,808,h,55.36,D
24.27603,81.63378,344.42,278.86,0.55,0.65,2026-03-11,780,h,55.67,D
24.27078,81.64174,338.15,285.62,0.55,0.65,2026-03-11,822,h,30.74,D
24.27809,81.64169,332.49,281.22,0.55,0.65,2026-03-11,757,h,30.49,D
24.27475,81.63991,345.37,284.68,0.55,0.65,2026-03-11,754,h,50.85,D
22.53876,81.25711,334.59,283.28,0.55,0.65,2026-02-25,827,h,28.66,D
22.55354,81.25129,342.51,286.85,0.55,0.65,2026-02-25,781,h,40.23,D
22.5518,81.25126,326.71,284.89,0.55,0.65,2026-02-25,785,h,24.79,D
22.55367,81.25145,336.23,288.41,0.55,0.65,2026-02-25,738,h,22.54,D
22.55146,81.25303,352.08,281.91,0.55,0.65,2026-02-26,767,h,58.74,D
22.54352,81.26392,339.18,284.28,0.55,0.65,2026-02-26,767,h,33.88,D
22.54858,81.25557,346.1,285.43,0.55,0.65,2026-02-26,765,h,39.54,D
22.54397,81.27297,339.29,286.73,0.55,0.65,2026-02-26,820,h,47.06,D
22.53769,81.26153,332.92,282.95,0.55,0.65,2026-02-27,823,h,23.81,D
22.54953,81.27418,334.63,286.87,0.55,0.65,2026-02-27,766,h,27.92,D
22.54725,81.25221,333.19,290.52,0.55,0.65,2026-02-27,744,h,34.32,D
22.53419,81.25523,329.15,283.46,0.55,0.65,2026-02-27,741,h,22.98,D
22.54372,81.25799,337.18,284.13,0.55,0.65,2026-02-27,754,h,40.37,D
22.54877,81.2501,346.62,284.75,0.55,0.65,2026-02-28,739,h,60.17,D
22.53652,81.25395,334.24,284.25,0.55,0.65,2026-02-28,774,h,29.6,D
22.54111,81.25062,345.08,282.35,0.55,0.65,2026-02-28,751,h,43.73,D
22.54909,81.25901,337.41,285.23,0.55,0.65,2026-02-28,778,h,32.15,D
21.86698,81.19843,335.21,282.99,0.55,0.65,2026-04-21,802,h,31.22,D
21.86905,81.20301,346.84,286.15,0.55,0.65,2026-04-21,782,h,52.25,D
21.86933,81.20216,343.82,286.56,0.55,0.65,2026-04-21,747,h,50.86,D
21.86926,81.20459,332.88,282.96,0.55,0.65,2026-04-21,775,h,22.86,D
21.87062,81.19767,350.18,284.67,0.55,0.65,2026-04-21,803,h,49.64,D
21.87268,81.19432,352.8,283.8,0.55,0.65,2026-04-21,764,h,64.38,D
21.86345,81.18909,346.71,281.25,0.55,0.65,2026-04-22,767,h,48.45,D
21.86497,81.1983,347.9,286.48,0.55,0.65,2026-04-22,740,h,59.82,D
21.8696,81.20185,343.65,285.37,0.55,0.65,2026-04-22,765,h,42.81,D
21.86743,81.19481,351.85,287.21,0.55,0.65,2026-04-22,747,h,62.65,D
21.87017,81.20002,342.03,284.9,0.55,0.65,2026-04-22,786,h,37.79,D
21.8667,81.19023,343.28,284.26,0.55,0.65,2026-04-23,759,h,53.17,D
21.87805,81.18914,350.07,286.73,0.55,0.65,2026-04-23,740,h,60.09,D
21.86059,81.20312,339.26,282.36,0.55,0.65,2026-04-23,766,h,24.26,D
21.86899,81.20056,352.46,286.48,0.55,0.65,2026-04-23,824,h,61.19,D
21.8731,81.20028,346.43,288.13,0.55,0.65,2026-04-23,801,h,46.96,D
21.86427,81.20515,339.74,288.39,0.55,0.65,2026-04-23,798,h,33.51,D
23.6082,81.7436,343.45,284.39,0.55,0.65,2026-04-10,804,h,46.4,D
23.61573,81.76891,349.6,288.79,0.55,0.65,2026-04-10,758,h,64.29,D
23.61739,81.75715,339.26,283.38,0.55,0.65,2026-04-10,776,h,37.05,D
23.61911,81.75171,329.44,288.94,0.55,0.65,2026-04-10,824,h,28.84,D
23.61557,81.75464,354.52,284.42,0.55,0.65,2026-04-10,795,h,60.64,D
23.6177,81.77305,347.95,287.5,0.55,0.65,2026-04-10,742,h,55.99,D
23.61097,81.76751,346.13,283.56,0.55,0.65,2026-04-11,816,h,56.61,D
23.60183,81.76055,346.67,285.01,0.55,0.65,2026-04-11,746,h,60.97,D
23.62072,81.75318,341.08,286.67,0.55,0.65,2026-04-11,772,h,32.51,D
23.61622,81.75993,343.63,283.34,0.55,0.65,2026-04-11,759,h,51.77,D
23.61167,81.77039,341.98,285.48,0.55,0.65,2026-04-11,803,h,40.67,D
23.60876,81.76399,343.56,284.98,0.55,0.65,2026-04-11,739,h,39.48,D
24.0437,80.93533,335.05,282.2,0.55,0.65,2026-03-11,827,h,37.9,D
24.05418,80.92045,343.87,288.23,0.55,0.65,2026-03-11,809,h,52.33,D
24.03438,80.91551,340.33,283.36,0.55,0.65,2026-03-11,765,h,41.9,D
24.04402,80.92565,334.11,288.47,0.55,0.65,2026-03-11,790,h,30.85,D
24.03738,80.92708,342.96,286.61,0.55,0.65,2026-03-11,799,h,48.89,D
24.04288,80.92706,345.18,285.86,0.55,0.65,2026-03-11,819,h,49.71,D
24.04445,80.93625,338.56,283.71,0.55,0.65,2026-03-12,786,h,41.35,D
24.03945,80.92944,349.2,284.77,0.55,0.65,2026-03-12,767,h,62.43,D
24.04145,80.92245,337.74,285.75,0.55,0.65,2026-03-12,772,h,30.86,D
24.03097,80.92409,350.32,281.51,0.55,0.65,2026-03-12,803,h,56.01,D
24.03795,80.93259,353.43,285.5,0.55,0.65,2026-03-13,810,h,59.47,D
24.02786,80.91997,344.34,288.67,0.55,0.65,2026-03-13,769,h,49.15,D
24.03629,80.92797,340.74,286.67,0.55,0.65,2026-03-13,766,h,47.25,D
24.04537,80.93146,338.49,284.82,0.55,0.65,2026-03-13,783,h,34.85,D
24.03604,80.91533,349.36,283.84,0.55,0.65,2026-03-13,809,h,59.53,D
24.04421,80.93423,337.39,284.9,0.55,0.65,2026-03-14,745,h,38.32,D
24.03201,80.93061,339.33,283.5,0.55,0.65,2026-03-14,779,h,42.56,D
24.04139,80.92237,347.28,287.84,0.55,0.65,2026-03-14,744,h,48.87,D
24.04082,80.92047,335.99,283.56,0.55,0.65,2026-03-14,759,h,33.29,D
24.02288,80.91492,347.9,283.99,0.55,0.65,2026-03-14,778,h,48.58,D
24.03776,80.92918,329.86,285.82,0.55,0.65,2026-03-14,761,h,22.25,D
24.03852,80.93425,340.84,286.01,0.55,0.65,2026-03-14,780,h,36.49,D
23.5705,78.35424,312.0,288.0,0.5,0.6,2026-04-07,800,n,10.79,D
15.67712,85.6001,312.0,288.0,0.5,0.6,2025-11-18,800,n,9.24,D
18.0512,84.25616,312.0,288.0,0.5,0.6,2026-05-28,800,n,3.09,D
16.61096,82.93654,312.0,288.0,0.5,0.6,2025-12-16,800,n,14.32,D
16.45218,81.65055,312.0,288.0,0.5,0.6,2026-07-21,800,n,5.54,D
29.23815,84.61851,312.0,288.0,0.5,0.6,2026-03-10,800,n,13.43,D
29.09475,81.58419,312.0,288.0,0.5,0.6,2026-07-11,800,n,2.63,D
25.77544,84.87928,312.0,288.0,0.5,0.6,2025-10-02,800,n,6.48,D
19.9866,81.17664,312.0,288.0,0.5,0.6,2026-01-22,800,n,8.85,D
16.93831,72.10464,312.0,288.0,0.5,0.6,2026-06-04,800,n,11.93,D
21.13844,84.5128,312.0,288.0,0.5,0.6,2026-07-20,800,n,13.0,D
24.56238,75.87563,312.0,288.0,0.5,0.6,2025-12-20,800,n,3.62,D
29.23466,80.82973,312.0,288.0,0.5,0.6,2026-09-25,800,n,7.37,D
29.16777,79.46143,312.0,288.0,0.5,0.6,2025-12-04,800,n,7.24,D
16.26836,81.37698,312.0,288.0,0.5,0.6,2026-05-05,800,n,2.72,D
16.23064,85.46094,312.0,288.0,0.5,0.6,2025-11-15,800,n,9.71,D
17.54159,85.30207,312.0,288.0,0.5,0.6,2026-06-16,800,n,11.19,D
19.73334,84.67845,312.0,288.0,0.5,0.6,2026-08-21,800,n,3.36,D
24.91531,79.12023,312.0,288.0,0.5,0.6,2025-10-20,800,n,13.45,D
15.20445,79.78877,312.0,288.0,0.5,0.6,2026-08-21,800,n,8.6,D
18.89299,74.57774,312.0,288.0,0.5,0.6,2026-09-16,800,n,5.2,D
25.55754,85.51075,312.0,288.0,0.5,0.6,2025-11-26,800,n,10.45,D
22.38681,73.95918,312.0,288.0,0.5,0.6,2025-10-09,800,n,11.75,D
28.67695,77.22503,312.0,288.0,0.5,0.6,2026-04-19,800,n,3.51,D
26.18936,73.98595,312.0,288.0,0.5,0.6,2025-10-02,800,n,5.14,D
20.10022,76.52886,312.0,288.0,0.5,0.6,2026-06-11,800,n,5.58,D
27.76845,80.21337,312.0,288.0,0.5,0.6,2025-11-13,800,n,4.09,D
17.11936,85.53691,312.0,288.0,0.5,0.6,2026-05-01,800,n,2.11,D
21.9786,72.07996,312.0,288.0,0.5,0.6,2026-05-27,800,n,5.18,D
24.24186,74.90392,312.0,288.0,0.5,0.6,2026-09-05,800,n,14.0,D
20.07616,76.83713,312.0,288.0,0.5,0.6,2026-04-14,800,n,11.12,D
29.79491,85.29626,312.0,288.0,0.5,0.6,2025-10-12,800,n,7.45,D
28.78023,82.50046,312.0,288.0,0.5,0.6,2026-09-09,800,n,3.97,D
28.7908,78.29077,312.0,288.0,0.5,0.6,2026-05-20,800,n,7.51,D
27.89353,84.80228,312.0,288.0,0.5,0.6,2026-05-25,800,n,13.64,D
17.90697,73.53202,312.0,288.0,0.5,0.6,2025-10-25,800,n,4.89,D
20.03522,79.14653,312.0,288.0,0.5,0.6,2025-11-06,800,n,14.82,D
20.52537,75.12481,312.0,288.0,0.5,0.6,2025-12-31,800,n,4.68,D
25.3329,78.44421,312.0,288.0,0.5,0.6,2026-08-31,800,n,12.59,D
15.23065,80.53909,312.0,288.0,0.5,0.6,2026-05-04,800,n,9.87,D
18.06789,77.2216,312.0,288.0,0.5,0.6,2026-01-17,800,n,8.42,D
22.85924,75.95533,312.0,288.0,0.5,0.6,2026-08-23,800,n,8.63,D
20.56506,85.22085,312.0,288.0,0.5,0.6,2025-10-09,800,n,4.41,D
17.05688,72.42081,312.0,288.0,0.5,0.6,2025-11-29,800,n,11.52,D
18.02537,77.65545,312.0,288.0,0.5,0.6,2025-10-02,800,n,4.5,D
25.47955,73.92919,312.0,288.0,0.5,0.6,2026-05-13,800,n,11.82,D
22.1312,83.29838,312.0,288.0,0.5,0.6,2026-05-31,800,n,8.91,D
20.79256,77.36361,312.0,288.0,0.5,0.6,2026-02-01,800,n,8.8,D
19.16317,79.79637,312.0,288.0,0.5,0.6,2026-07-22,800,n,4.64,D
24.1991,75.60198,312.0,288.0,0.5,0.6,2025-11-29,800,n,10.28,D
22.53362,82.50188,312.0,288.0,0.5,0.6,2026-09-18,800,n,6.1,D
26.45398,76.6251,312.0,288.0,0.5,0.6,2025-11-14,800,n,12.04,D
15.71847,75.70163,312.0,288.0,0.5,0.6,2026-07-03,800,n,14.57,D
16.40385,73.81868,312.0,288.0,0.5,0.6,2026-08-11,800,n,2.2,D
23.84419,75.57644,312.0,288.0,0.5,0.6,2026-03-01,800,n,14.59,D
21.91151,80.57113,312.0,288.0,0.5,0.6,2026-01-05,800,n,4.98,D
19.08319,85.15928,312.0,288.0,0.5,0.6,2025-10-15,800,n,12.67,D
15.17837,77.76115,312.0,288.0,0.5,0.6,2026-05-17,800,n,7.39,D
27.05954,84.18015,312.0,288.0,0.5,0.6,2025-12-08,800,n,9.52,D
25.45715,75.9924,312.0,288.0,0.5,0.6,2026-04-16,800,n,3.13,D
15.34366,82.19727,312.0,288.0,0.5,0.6,2025-12-19,800,n,4.7,D
25.62066,73.28843,312.0,288.0,0.5,0.6,2025-10-03,800,n,12.56,D
20.68687,83.51989,312.0,288.0,0.5,0.6,2026-09-03,800,n,11.03,D
27.51911,81.93995,312.0,288.0,0.5,0.6,2026-05-16,800,n,2.65,D
23.15023,83.50762,312.0,288.0,0.5,0.6,2026-02-07,800,n,4.33,D
18.38258,73.33701,312.0,288.0,0.5,0.6,2026-04-25,800,n,7.87,D
24.28903,74.12354,312.0,288.0,0.5,0.6,2026-03-09,800,n,3.97,D
16.48494,78.40213,312.0,288.0,0.5,0.6,2025-10-02,800,n,4.8,D
18.3174,82.1613,312.0,288.0,0.5,0.6,2025-10-15,800,n,2.07,D
18.78521,75.17864,312.0,288.0,0.5,0.6,2025-10-13,800,n,5.36,D
20.29544,82.75013,312.0,288.0,0.5,0.6,2026-09-21,800,n,10.29,D
19.92923,82.02889,312.0,288.0,0.5,0.6,2025-12-20,800,n,6.34,D
24.00349,79.79957,312.0,288.0,0.5,0.6,2026-03-22,800,n,6.9,D
18.95915,81.17964,312.0,288.0,0.5,0.6,2026-03-21,800,n,7.16,D
21.19199,83.08389,312.0,288.0,0.5,0.6,2026-05-27,800,n,14.21,D
29.15455,72.50594,312.0,288.0,0.5,0.6,2026-04-29,800,n,8.16,D
16.35622,83.74009,312.0,288.0,0.5,0.6,2026-09-27,800,n,10.68,D
23.53963,84.88043,312.0,288.0,0.5,0.6,2026-02-10,800,n,10.36,D
25.05372,73.09341,312.0,288.0,0.5,0.6,2026-05-17,800,n,2.23,D
28.13665,79.49743,312.0,288.0,0.5,0.6,2026-08-31,800,n,6.31,D
21.55266,76.1355,312.0,288.0,0.5,0.6,2026-01-30,800,n,6.56,D
24.35515,80.93801,312.0,288.0,0.5,0.6,2026-05-06,800,n,14.13,D
26.2102,83.10177,312.0,288.0,0.5,0.6,2026-09-26,800,n,2.22,D
29.70777,85.40306,312.0,288.0,0.5,0.6,2026-07-16,800,n,5.01,D
20.68944,82.02897,312.0,288.0,0.5,0.6,2026-06-02,800,n,5.44,D
29.12301,84.54889,312.0,288.0,0.5,0.6,2026-08-02,800,n,12.61,D
16.0336,79.39614,312.0,288.0,0.5,0.6,2026-02-28,800,n,13.43,D
18.29814,73.82251,312.0,288.0,0.5,0.6,2025-10-22,800,n,7.96,D
29.17229,85.03409,312.0,288.0,0.5,0.6,2026-02-26,800,n,8.62,D
29.0628,85.74257,312.0,288.0,0.5,0.6,2026-09-04,800,n,13.83,D
18.7588,82.52571,312.0,288.0,0.5,0.6,2026-05-06,800,n,5.41,D
20.29868,79.51867,312.0,288.0,0.5,0.6,2026-03-08,800,n,13.2,D
16.17851,80.11835,312.0,288.0,0.5,0.6,2025-10-17,800,n,3.01,D
18.5607,73.55333,312.0,288.0,0.5,0.6,2026-03-24,800,n,9.54,D
24.23217,81.26697,312.0,288.0,0.5,0.6,2026-08-08,800,n,8.18,D
15.02913,72.43055,312.0,288.0,0.5,0.6,2025-12-29,800,n,8.26,D
22.23534,80.07372,312.0,288.0,0.5,0.6,2026-06-15,800,n,8.06,D
23.06679,85.52812,312.0,288.0,0.5,0.6,2025-12-16,800,n,10.22,D
17.43128,85.31607,312.0,288.0,0.5,0.6,2025-10-08,800,n,14.75,D
21.87429,84.06155,312.0,288.0,0.5,0.6,2025-12-11,800,n,10.28,D
26.59573,77.1713,312.0,288.0,0.5,0.6,2026-07-17,800,n,9.51,D
28.3539,79.37465,312.0,288.0,0.5,0.6,2025-10-17,800,n,9.61,D
27.09282,80.80541,312.0,288.0,0.5,0.6,2025-11-08,800,n,2.49,D
28.11473,80.73985,312.0,288.0,0.5,0.6,2026-07-21,800,n,9.08,D
20.64939,73.37996,312.0,288.0,0.5,0.6,2026-03-13,800,n,5.34,D
28.68805,83.06519,312.0,288.0,0.5,0.6,2026-08-04,800,n,8.37,D
28.07165,83.20031,312.0,288.0,0.5,0.6,2026-09-28,800,n,14.95,D
29.38702,79.86658,312.0,288.0,0.5,0.6,2026-07-26,800,n,10.68,D
28.61348,78.73739,312.0,288.0,0.5,0.6,2025-11-29,800,n,4.91,D
17.49852,73.95224,312.0,288.0,0.5,0.6,2026-09-25,800,n,2.26,D
22.9921,78.35639,312.0,288.0,0.5,0.6,2026-08-06,800,n,2.02,D
22.11131,72.20643,312.0,288.0,0.5,0.6,2026-06-30,800,n,10.97,D
28.35478,74.70271,312.0,288.0,0.5,0.6,2026-02-04,800,n,10.32,D
18.99858,79.57445,312.0,288.0,0.5,0.6,2026-09-24,800,n,7.97,D
23.09375,81.49128,312.0,288.0,0.5,0.6,2025-10-28,800,n,10.92,D
17.73583,72.28657,312.0,288.0,0.5,0.6,2026-01-02,800,n,12.35,D
21.81152,80.87209,312.0,288.0,0.5,0.6,2026-04-30,800,n,13.51,D
20.47719,78.25117,312.0,288.0,0.5,0.6,2026-05-28,800,n,8.79,D
22.38617,81.99339,312.0,288.0,0.5,0.6,2026-05-05,800,n,5.56,D
16.82937,72.88085,312.0,288.0,0.5,0.6,2026-06-07,800,n,3.08,D
29.7279,82.6143,312.0,288.0,0.5,0.6,2026-06-01,800,n,8.99,D
18.9321,82.22619,312.0,288.0,0.5,0.6,2025-10-08,800,n,14.95,D
20.72008,83.91314,312.0,288.0,0.5,0.6,2026-03-01,800,n,7.02,D
28.1875,74.38366,312.0,288.0,0.5,0.6,2026-02-09,800,n,13.88,D
26.03034,76.44701,312.0,288.0,0.5,0.6,2026-06-28,800,n,12.53,D
17.53426,80.88389,312.0,288.0,0.5,0.6,2025-11-19,800,n,8.59,D
22.2954,85.43689,312.0,288.0,0.5,0.6,2026-09-15,800,n,11.86,D
15.87285,85.68525,312.0,288.0,0.5,0.6,2026-01-13,800,n,11.36,D
29.40096,78.93529,312.0,288.0,0.5,0.6,2026-01-26,800,n,9.06,D
18.71882,85.94764,312.0,288.0,0.5,0.6,2025-12-31,800,n,5.95,D
23.75,81.99705,312.0,288.0,0.5,0.6,2026-04-02,800,n,2.96,D
22.44836,75.2207,312.0,288.0,0.5,0.6,2026-05-22,800,n,3.59,D
21.79584,78.36035,312.0,288.0,0.5,0.6,2026-07-22,800,n,6.94,D
19.6859,72.40143,312.0,288.0,0.5,0.6,2026-04-09,800,n,9.71,D
22.36196,76.11197,312.0,288.0,0.5,0.6,2026-01-15,800,n,6.01,D
18.9138,78.13974,312.0,288.0,0.5,0.6,2026-08-27,800,n,2.7,D
29.14346,78.37169,312.0,288.0,0.5,0.6,2026-01-17,800,n,2.61,D
15.17351,85.70891,312.0,288.0,0.5,0.6,2025-12-25,800,n,12.15,D
19.95606,82.57625,312.0,288.0,0.5,0.6,2026-04-12,800,n,10.33,D
24.89905,77.22996,312.0,288.0,0.5,0.6,2026-01-05,800,n,12.89,D
25.9036,74.75756,312.0,288.0,0.5,0.6,2025-10-27,800,n,5.95,D
20.4332,76.26491,312.0,288.0,0.5,0.6,2026-06-15,800,n,4.62,D
24.74774,79.69736,312.0,288.0,0.5,0.6,2026-07-28,800,n,9.97,D
29.59196,72.95837,312.0,288.0,0.5,0.6,2026-06-02,800,n,10.76,D
21.55107,76.3339,312.0,288.0,0.5,0.6,2026-08-08,800,n,9.13,D
26.43194,84.11664,312.0,288.0,0.5,0.6,2026-07-21,800,n,10.61,D
28.43304,79.458,312.0,288.0,0.5,0.6,2026-02-07,800,n,6.69,D
17.82306,73.87545,312.0,288.0,0.5,0.6,2026-05-22,800,n,6.83,D
24.57719,84.25279,312.0,288.0,0.5,0.6,2025-12-30,800,n,10.34,D
29.7146,84.94161,312.0,288.0,0.5,0.6,2025-10-11,800,n,9.72,D
17.94192,76.97245,312.0,288.0,0.5,0.6,2026-04-06,800,n,4.22,D
21.21276,85.924,312.0,288.0,0.5,0.6,2025-11-17,800,n,14.96,D
24.19797,83.93165,312.0,288.0,0.5,0.6,2025-10-27,800,n,14.51,D
27.73683,81.11446,312.0,288.0,0.5,0.6,2026-07-01,800,n,8.33,D
21.57037,74.24402,312.0,288.0,0.5,0.6,2025-10-24,800,n,5.42,D
26.47571,80.95787,312.0,288.0,0.5,0.6,2026-02-14,800,n,6.11,D
20.59054,75.34781,312.0,288.0,0.5,0.6,2026-02-13,800,n,3.38,D
22.96709,80.80737,312.0,288.0,0.5,0.6,2026-04-05,800,n,2.02,D
17.80063,82.50075,312.0,288.0,0.5,0.6,2026-08-14,800,n,11.54,D
21.26356,85.97649,312.0,288.0,0.5,0.6,2025-10-14,800,n,8.57,D
23.02822,85.03631,312.0,288.0,0.5,0.6,2026-04-02,800,n,3.67,D
15.82619,79.70129,312.0,288.0,0.5,0.6,2026-05-27,800,n,10.51,D
22.34904,74.35455,312.0,288.0,0.5,0.6,2026-03-17,800,n,6.7,D
26.71679,76.02445,312.0,288.0,0.5,0.6,2026-08-01,800,n,13.16,D
21.36517,81.96606,312.0,288.0,0.5,0.6,2026-05-11,800,n,6.63,D
24.94975,85.77201,312.0,288.0,0.5,0.6,2025-11-13,800,n,2.56,D
24.03043,85.33311,312.0,288.0,0.5,0.6,2026-08-15,800,n,8.38,D
21.98026,75.1646,312.0,288.0,0.5,0.6,2025-10-12,800,n,6.75,D
22.86754,83.42095,312.0,288.0,0.5,0.6,2026-07-04,800,n,12.15,D
21.60675,78.12125,312.0,288.0,0.5,0.6,2025-10-02,800,n,10.81,D
26.13162,78.98183,312.0,288.0,0.5,0.6,2026-09-13,800,n,13.84,D
29.81414,82.03557,312.0,288.0,0.5,0.6,2026-09-05,800,n,13.75,D
23.55225,76.11686,312.0,288.0,0.5,0.6,2026-08-29,800,n,11.53,D
17.48579,76.6777,312.0,288.0,0.5,0.6,2026-09-07,800,n,7.18,D
21.50499,80.71643,312.0,288.0,0.5,0.6,2026-02-19,800,n,13.24,D
17.04074,81.47535,312.0,288.0,0.5,0.6,2026-08-04,800,n,10.78,D
28.60097,79.41311,312.0,288.0,0.5,0.6,2026-08-03,800,n,4.05,D
25.06722,77.83863,312.0,288.0,0.5,0.6,2026-04-18,800,n,14.89,D
17.05441,77.22639,312.0,288.0,0.5,0.6,2026-01-11,800,n,4.04,D
28.5681,72.42838,312.0,288.0,0.5,0.6,2026-07-23,800,n,7.24,D
21.8036,83.09196,312.0,288.0,0.5,0.6,2026-08-28,800,n,2.31,D
18.94607,83.71339,312.0,288.0,0.5,0.6,2025-12-14,800,n,5.8,D
19.24831,81.55527,312.0,288.0,0.5,0.6,2026-09-10,800,n,13.51,D
20.63432,85.60945,312.0,288.0,0.5,0.6,2026-01-21,800,n,3.99,D
20.31339,74.37058,312.0,288.0,0.5,0.6,2026-06-23,800,n,10.83,D
18.77897,73.95765,312.0,288.0,0.5,0.6,2026-08-13,800,n,8.37,D
22.82344,85.08568,312.0,288.0,0.5,0.6,2026-03-19,800,n,2.05,D
20.50561,80.6349,312.0,288.0,0.5,0.6,2025-12-04,800,n,8.35,D
15.35107,79.47201,312.0,288.0,0.5,0.6,2025-10-17,800,n,10.58,D
23.97905,72.59566,312.0,288.0,0.5,0.6,2026-05-03,800,n,3.37,D
17.17983,76.33766,312.0,288.0,0.5,0.6,2026-03-26,800,n,7.79,D
21.60736,72.77283,312.0,288.0,0.5,0.6,2026-06-07,800,n,7.87,D
19.22408,79.24328,312.0,288.0,0.5,0.6,2025-12-20,800,n,11.5,D
29.88294,85.56722,312.0,288.0,0.5,0.6,2026-03-03,800,n,10.94,D
27.44401,76.66919,312.0,288.0,0.5,0.6,2026-02-15,800,n,4.5,D
19.88207,72.78727,312.0,288.0,0.5,0.6,2025-12-25,800,n,7.14,D
15.11733,72.0015,312.0,288.0,0.5,0.6,2025-11-08,800,n,4.29,D
17.9448,81.01584,312.0,288.0,0.5,0.6,2026-07-18,800,n,4.08,D
24.57002,75.39923,312.0,288.0,0.5,0.6,2026-09-16,800,n,4.21,D
28.30826,75.06897,312.0,288.0,0.5,0.6,2026-02-22,800,n,13.61,D
28.91508,78.75121,312.0,288.0,0.5,0.6,2026-02-02,800,n,11.38,D
18.70061,72.9004,312.0,288.0,0.5,0.6,2026-09-09,800,n,8.76,D
26.68389,79.09363,312.0,288.0,0.5,0.6,2026-01-17,800,n,2.83,D
25.79443,78.80299,312.0,288.0,0.5,0.6,2025-11-06,800,n,8.02,D
26.83151,73.96816,312.0,288.0,0.5,0.6,2026-01-07,800,n,3.48,D
17.56836,76.27348,312.0,288.0,0.5,0.6,2026-04-23,800,n,11.75,D
15.93717,83.49066,312.0,288.0,0.5,0.6,2026-02-24,800,n,2.59,D
18.10431,84.43115,312.0,288.0,0.5,0.6,2026-05-04,800,n,6.55,D
17.83636,74.50226,312.0,288.0,0.5,0.6,2026-05-16,800,n,2.39,D
27.72461,82.22976,312.0,288.0,0.5,0.6,2026-02-01,800,n,6.89,D
19.24341,76.78785,312.0,288.0,0.5,0.6,2025-10-28,800,n,13.49,D
18.36628,83.96006,312.0,288.0,0.5,0.6,2026-07-02,800,n,5.21,D
18.42016,76.08936,312.0,288.0,0.5,0.6,2026-08-29,800,n,9.18,D
18.00659,72.35482,312.0,288.0,0.5,0.6,2026-08-28,800,n,5.92,D
15.18679,82.99832,312.0,288.0,0.5,0.6,2026-06-28,800,n,5.63,D
17.63461,80.77082,312.0,288.0,0.5,0.6,2026-03-06,800,n,13.41,D
21.38864,78.96035,312.0,288.0,0.5,0.6,2025-12-04,800,n,4.06,D
19.65021,78.37061,312.0,288.0,0.5,0.6,2026-03-13,800,n,14.93,D
15.75277,75.58648,312.0,288.0,0.5,0.6,2026-07-08,800,n,14.08,D
27.60566,80.70738,312.0,288.0,0.5,0.6,2026-02-19,800,n,8.95,D
29.4317,78.15529,312.0,288.0,0.5,0.6,2026-06-15,800,n,12.4,D
28.15616,74.93605,312.0,288.0,0.5,0.6,2026-05-21,800,n,7.02,D
18.51702,76.46536,312.0,288.0,0.5,0.6,2026-03-19,800,n,6.58,D
29.60675,81.73771,312.0,288.0,0.5,0.6,2026-06-19,800,n,8.78,D
25.26064,84.50207,312.0,288.0,0.5,0.6,2026-02-26,800,n,5.0,D
26.12225,75.43391,312.0,288.0,0.5,0.6,2026-03-12,800,n,12.1,D
25.37708,75.74017,312.0,288.0,0.5,0.6,2026-03-28,800,n,14.89,D
20.00451,84.33015,312.0,288.0,0.5,0.6,2026-06-26,800,n,4.34,D
15.34609,73.40882,312.0,288.0,0.5,0.6,2025-11-20,800,n,7.8,D
27.35756,81.36123,312.0,288.0,0.5,0.6,2026-02-14,800,n,9.46,D
27.48257,76.57159,312.0,288.0,0.5,0.6,2026-02-26,800,n,9.17,D
27.32598,72.7404,312.0,288.0,0.5,0.6,2025-10-05,800,n,6.11,D
16.45023,77.10516,312.0,288.0,0.5,0.6,2026-08-07,800,n,13.69,D
16.80556,81.57292,312.0,288.0,0.5,0.6,2026-09-12,800,n,10.96,D
17.17568,82.64088,312.0,288.0,0.5,0.6,2026-02-25,800,n,4.98,D
26.66298,84.70229,312.0,288.0,0.5,0.6,2025-12-28,800,n,2.61,D
25.92101,79.9226,312.0,288.0,0.5,0.6,2026-09-07,800,n,8.71,D
22.0234,85.39826,312.0,288.0,0.5,0.6,2026-01-10,800,n,12.1,D
19.90573,72.33268,312.0,288.0,0.5,0.6,2026-02-03,800,n,10.81,D
17.33168,74.19891,312.0,288.0,0.5,0.6,2026-04-19,800,n,3.36,D
23.66557,83.24128,312.0,288.0,0.5,0.6,2026-09-20,800,n,2.2,D
22.13215,80.74326,312.0,288.0,0.5,0.6,2026-08-16,800,n,13.91,D
16.97218,81.94692,312.0,288.0,0.5,0.6,2026-01-18,800,n,6.63,D
18.63677,83.88523,312.0,288.0,0.5,0.6,2026-05-06,800,n,9.27,D
27.61535,85.1729,312.0,288.0,0.5,0.6,2026-01-29,800,n,10.3,D
27.67505,77.91134,312.0,288.0,0.5,0.6,2026-03-28,800,n,13.75,D
28.66008,84.09497,312.0,288.0,0.5,0.6,2026-05-03,800,n,6.62,D
28.26751,79.63157,312.0,288.0,0.5,0.6,2026-06-19,800,n,12.34,D
28.86405,81.85686,312.0,288.0,0.5,0.6,2026-06-21,800,n,11.37,D
29.95378,84.16556,312.0,288.0,0.5,0.6,2026-06-15,800,n,9.96,D
18.82892,79.6795,312.0,288.0,0.5,0.6,2026-09-24,800,n,14.76,D
17.57651,84.55217,312.0,288.0,0.5,0.6,2026-06-30,800,n,11.67,D
29.19624,77.95441,312.0,288.0,0.5,0.6,2026-09-12,800,n,8.14,D
22.23695,74.73336,312.0,288.0,0.5,0.6,2026-01-14,800,n,10.3,D
29.74179,82.85241,312.0,288.0,0.5,0.6,2025-11-24,800,n,7.7,D
28.34185,84.9467,312.0,288.0,0.5,0.6,2026-04-08,800,n,9.44,D
22.80159,75.07085,312.0,288.0,0.5,0.6,2026-09-23,800,n,8.83,D
22.31009,79.1751,312.0,288.0,0.5,0.6,2026-09-14,800,n,4.28,D
20.91023,82.57898,312.0,288.0,0.5,0.6,2026-06-09,800,n,5.01,D
16.21983,75.74106,312.0,288.0,0.5,0.6,2025-12-14,800,n,7.16,D
21.15025,80.21856,312.0,288.0,0.5,0.6,2026-07-02,800,n,12.72,D
22.26527,82.23485,312.0,288.0,0.5,0.6,2025-10-21,800,n,10.81,D
23.39916,76.06169,312.0,288.0,0.5,0.6,2026-08-07,800,n,3.9,D
22.94813,75.78606,312.0,288.0,0.5,0.6,2026-04-15,800,n,6.81,D
25.05389,74.06949,312.0,288.0,0.5,0.6,2026-09-24,800,n,3.69,D
27.8492,77.43872,312.0,288.0,0.5,0.6,2026-06-29,800,n,4.37,D
29.51209,80.45769,312.0,288.0,0.5,0.6,2026-03-06,800,n,9.82,D
28.33186,74.78745,312.0,288.0,0.5,0.6,2026-05-11,800,n,9.3,D
25.24948,79.94322,312.0,288.0,0.5,0.6,2026-06-12,800,n,13.13,D
23.72378,80.39759,312.0,288.0,0.5,0.6,2025-12-27,800,n,8.32,D
22.06178,72.60732,312.0,288.0,0.5,0.6,2026-06-03,800,n,9.98,D
18.5263,72.18585,312.0,288.0,0.5,0.6,2025-10-20,800,n,11.9,D
24.76813,81.61705,312.0,288.0,0.5,0.6,2025-12-14,800,n,8.49,D
15.01371,83.1988,312.0,288.0,0.5,0.6,2026-01-28,800,n,6.85,D
26.14311,83.05056,312.0,288.0,0.5,0.6,2026-05-27,800,n,12.56,D
26.53588,74.59735,312.0,288.0,0.5,0.6,2026-01-01,800,n,12.1,D
19.5986,75.6307,312.0,288.0,0.5,0.6,2026-03-18,800,n,4.84,D
23.67479,80.64255,312.0,288.0,0.5,0.6,2025-12-28,800,n,11.72,D
22.09432,80.34255,312.0,288.0,0.5,0.6,2026-07-02,800,n,6.76,D
18.32541,73.09206,312.0,288.0,0.5,0.6,2025-12-11,800,n,5.62,D
17.52632,84.26399,312.0,288.0,0.5,0.6,2026-05-19,800,n,11.19,D
16.52843,74.83626,312.0,288.0,0.5,0.6,2026-04-08,800,n,2.67,D
18.47488,85.54152,312.0,288.0,0.5,0.6,2026-08-28,800,n,14.69,D
18.66359,84.95524,312.0,288.0,0.5,0.6,2026-08-07,800,n,6.59,D
28.63639,80.31474,312.0,288.0,0.5,0.6,2026-04-22,800,n,10.9,D
21.22882,79.31187,312.0,288.0,0.5,0.6,2026-01-29,800,n,12.06,D
29.81391,83.20752,312.0,288.0,0.5,0.6,2026-01-12,800,n,5.48,D
25.50056,72.18365,312.0,288.0,0.5,0.6,2025-12-01,800,n,11.76,D
17.10001,76.27232,312.0,288.0,0.5,0.6,2026-07-10,800,n,10.44,D
25.60268,72.95913,312.0,288.0,0.5,0.6,2026-07-17,800,n,7.55,D
25.23378,76.89783,312.0,288.0,0.5,0.6,2025-10-28,800,n,6.68,D
18.25703,84.73272,312.0,288.0,0.5,0.6,2026-03-24,800,n,3.23,D
17.1434,72.42219,312.0,288.0,0.5,0.6,2026-06-23,800,n,11.03,D
17.48468,80.15381,312.0,288.0,0.5,0.6,2026-03-27,800,n,10.12,D
21.46474,73.05475,312.0,288.0,0.5,0.6,2025-12-06,800,n,7.98,D
17.00531,79.25601,312.0,288.0,0.5,0.6,2026-09-20,800,n,8.23,D
26.88306,77.22145,312.0,288.0,0.5,0.6,2026-03-31,800,n,11.88,D
26.72972,77.10528,312.0,288.0,0.5,0.6,2026-03-14,800,n,6.1,D
26.6742,82.29498,312.0,288.0,0.5,0.6,2026-01-16,800,n,3.96,D
17.3531,82.74766,312.0,288.0,0.5,0.6,2025-10-08,800,n,3.67,D
18.31797,78.75619,312.0,288.0,0.5,0.6,2025-12-18,800,n,4.46,D
18.8255,80.10036,312.0,288.0,0.5,0.6,2026-07-17,800,n,13.08,D
18.16381,79.74554,312.0,288.0,0.5,0.6,2026-03-16,800,n,4.28,D
22.74317,75.09812,312.0,288.0,0.5,0.6,2026-05-03,800,n,12.17,D
24.36487,77.5262,312.0,288.0,0.5,0.6,2026-04-09,800,n,12.9,D
20.45037,76.92753,312.0,288.0,0.5,0.6,2026-08-06,800,n,3.62,D
17.07956,85.26151,312.0,288.0,0.5,0.6,2026-06-23,800,n,11.51,D
27.61825,78.7866,312.0,288.0,0.5,0.6,2026-08-12,800,n,5.27,D
27.02723,78.59489,312.0,288.0,0.5,0.6,2026-09-07,800,n,5.57,D
23.39222,72.44111,312.0,288.0,0.5,0.6,2026-03-28,800,n,11.65,D
18.36618,75.04249,312.0,288.0,0.5,0.6,2026-01-12,800,n,12.06,D
19.41385,79.90979,312.0,288.0,0.5,0.6,2026-05-30,800,n,9.24,D
15.56914,78.44725,312.0,288.0,0.5,0.6,2025-10-29,800,n,12.05,D
26.24173,78.05403,312.0,288.0,0.5,0.6,2026-05-09,800,n,3.48,D
24.12223,83.44902,312.0,288.0,0.5,0.6,2025-12-25,800,n,11.98,D
20.57562,80.75183,312.0,288.0,0.5,0.6,2026-04-12,800,n,8.84,D
18.9751,81.94648,312.0,288.0,0.5,0.6,2026-08-26,800,n,11.4,D
25.76855,76.73414,312.0,288.0,0.5,0.6,2025-12-19,800,n,8.62,D
25.36849,76.98768,312.0,288.0,0.5,0.6,2026-04-25,800,n,6.22,D
20.2233,72.67655,312.0,288.0,0.5,0.6,2025-12-11,800,n,7.73,D
16.04666,77.20152,312.0,288.0,0.5,0.6,2026-08-22,800,n,14.82,D
21.88273,77.6051,312.0,288.0,0.5,0.6,2026-04-11,800,n,9.62,D
16.82569,83.18264,312.0,288.0,0.5,0.6,2026-05-13,800,n,12.35,D
25.95667,75.81453,312.0,288.0,0.5,0.6,2026-02-10,800,n,9.33,D
25.19105,82.05136,312.0,288.0,0.5,0.6,2026-04-16,800,n,7.12,D
26.65536,80.73722,312.0,288.0,0.5,0.6,2026-03-20,800,n,11.59,D
26.58449,79.97756,312.0,288.0,0.5,0.6,2025-11-04,800,n,9.99,D
16.62251,79.42436,312.0,288.0,0.5,0.6,2026-06-16,800,n,13.8,D
20.97656,80.36036,312.0,288.0,0.5,0.6,2026-04-21,800,n,5.87,D
18.15459,84.67493,312.0,288.0,0.5,0.6,2026-01-12,800,n,2.82,D
24.5109,83.76871,312.0,288.0,0.5,0.6,2026-05-30,800,n,3.74,D
19.67154,83.4112,312.0,288.0,0.5,0.6,2025-12-28,800,n,4.15,D
15.61907,84.55719,312.0,288.0,0.5,0.6,2026-01-31,800,n,12.63,D
22.00988,84.69823,312.0,288.0,0.5,0.6,2025-10-23,800,n,3.23,D
22.33351,82.85206,312.0,288.0,0.5,0.6,2025-11-12,800,n,2.95,D
20.22014,73.9545,312.0,288.0,0.5,0.6,2025-10-14,800,n,11.34,D
23.18469,72.10729,312.0,288.0,0.5,0.6,2025-11-05,800,n,7.57,D
16.22176,84.61203,312.0,288.0,0.5,0.6,2026-01-05,800,n,10.44,D
19.94225,72.36369,312.0,288.0,0.5,0.6,2026-05-31,800,n,7.01,D
18.07046,78.99136,312.0,288.0,0.5,0.6,2026-04-19,800,n,3.35,D
27.3969,77.80605,312.0,288.0,0.5,0.6,2026-09-24,800,n,2.65,D
23.72832,85.09424,312.0,288.0,0.5,0.6,2026-04-21,800,n,14.22,D
21.45221,76.04863,312.0,288.0,0.5,0.6,2026-03-20,800,n,13.81,D
18.14745,79.78597,312.0,288.0,0.5,0.6,2026-02-15,800,n,8.38,D
22.5441,79.89296,312.0,288.0,0.5,0.6,2026-06-01,800,n,5.58,D
17.60905,78.24932,312.0,288.0,0.5,0.6,2025-11-01,800,n,14.55,D
20.85283,83.14016,312.0,288.0,0.5,0.6,2026-02-18,800,n,12.09,D
29.1184,81.24258,312.0,288.0,0.5,0.6,2026-09-13,800,n,5.84,D
20.1529,73.87238,312.0,288.0,0.5,0.6,2026-04-12,800,n,8.26,D
29.43314,81.04575,312.0,288.0,0.5,0.6,2026-09-23,800,n,9.99,D
36.10964,97.79659,330.37,297.35,0.42,0.61,2026-09-29,553,n,3.73,D
36.11086,97.80111,334.43,297.56,0.42,0.61,2026-09-29,553,n,5.27,D
6.34318,81.3494,344.57,288.6,0.5,0.66,2026-09-29,724,n,7.89,D
6.34402,81.35403,329.02,288.21,0.5,0.66,2026-09-29,724,n,6.92,D
6.60296,81.21747,328.88,288.54,0.51,0.66,2026-09-29,724,n,5.73,D
6.60324,81.22112,337.36,288.92,0.51,0.66,2026-09-29,724,n,4.7,D
7.31462,81.74361,333.41,290.25,0.46,0.63,2026-09-29,724,n,2.71,D
7.43188,81.69707,333.66,289.75,0.46,0.63,2026-09-29,724,n,3.51,D
8.019,81.17416,329.92,289.83,0.49,0.65,2026-09-29,724,n,2.57,D
8.41913,80.51995,350.95,292.47,0.53,0.67,2026-09-29,724,n,12.14,D
8.42008,80.51842,353.54,292.19,0.53,0.67,2026-09-29,724,n,12.19,D
8.63354,80.48622,342.81,285.56,0.53,0.67,2026-09-29,724,n,5.34,D
9.4829,80.47287,338.53,292.4,0.51,0.66,2026-09-29,724,n,5.81,D
10.94042,79.13027,330.01,294.04,0.59,0.7,2026-09-29,726,n,9.05,D
13.9459,79.8444,330.96,294.49,0.46,0.64,2026-09-29,726,n,3.23,D
15.11701,79.62191,333.17,299.31,0.46,0.63,2026-09-29,726,n,3.08,D
15.11725,79.62113,342.55,299.17,0.46,0.63,2026-09-29,726,n,3.52,D
15.12281,79.6207,337.41,299.05,0.46,0.63,2026-09-29,726,n,3.08,D
15.12307,79.62001,330.5,299.19,0.46,0.63,2026-09-29,726,n,3.52,D
15.2537,78.62485,347.49,292.96,0.53,0.67,2026-09-29,726,n,6.63,D
15.25543,78.62557,333.2,292.62,0.53,0.67,2026-09-29,726,n,7.14,D
16.62882,80.19833,337.26,295.39,0.39,0.59,2026-09-29,726,n,5.93,D
17.59761,78.98743,330.28,292.4,0.45,0.63,2026-09-29,729,n,2.79,D
17.65025,79.25647,335.06,296.19,0.43,0.62,2026-09-29,729,n,4.71,D
17.65112,79.26048,331.19,295.58,0.43,0.62,2026-09-29,729,n,6.19,D
17.65367,79.25558,329.99,295.39,0.43,0.62,2026-09-29,729,n,3.91,D
17.65451,79.25961,334.22,295.83,0.43,0.62,2026-09-29,729,n,5.81,D
18.61373,83.22314,332.87,299.43,0.46,0.47,2026-09-29,729,n,5.7,D
20.75973,85.29716,331.4,300.12,0.49,0.4,2026-09-29,729,n,4.66,D
20.78673,85.26462,329.58,299.75,0.49,0.4,2026-09-29,729,l,3.65,D
20.79244,85.25388,338.91,301.98,0.49,0.4,2026-09-29,729,n,9.76,D
20.79613,85.25317,329.63,301.27,0.49,0.4,2026-09-29,729,l,6.88,D
20.96195,85.18865,340.9,302.57,0.49,0.4,2026-09-29,729,n,10.06,D
20.96688,85.17313,330.92,298.77,0.49,0.4,2026-09-29,729,n,3.87,D
20.9677,85.17783,331.82,302.25,0.49,0.4,2026-09-29,729,l,3.87,D
20.96909,85.17435,342.4,302.16,0.49,0.4,2026-09-29,729,n,9.73,D
20.97139,85.17707,338.81,301.05,0.49,0.4,2026-09-29,729,n,3.87,D
20.97794,85.17084,330.36,300.75,0.49,0.4,2026-09-29,729,l,2.83,D
21.076,85.03734,337.14,306.11,0.5,0.41,2026-09-29,729,n,6.97,D
21.07971,85.03658,345.91,304.98,0.5,0.41,2026-09-29,729,n,6.97,D
21.92265,83.34913,329.24,299.29,0.4,0.44,2026-09-29,729,l,6.95,D
21.98473,83.23291,329.34,299.77,0.4,0.44,2026-09-29,729,l,5.51,D
22.0171,83.33786,331.34,298.82,0.4,0.44,2026-09-29,729,n,3.55,D
22.0539,88.12553,331.51,297.72,0.39,0.36,2026-09-29,729,n,2.82,D
22.32343,82.5892,341.13,299.7,0.43,0.46,2026-09-29,729,n,4.76,D
22.35922,82.30325,332.27,302.08,0.45,0.47,2026-09-29,729,n,5.29,D
22.36615,87.30139,334.2,303.24,0.4,0.37,2026-09-29,729,n,5.03,D
22.78837,86.19756,337.58,301.77,0.42,0.38,2026-09-29,729,n,4.98,D
23.1147,75.71581,330.8,302.51,0.55,0.68,2026-09-29,729,n,2.06,D
23.56055,87.23941,336.29,295.36,0.39,0.36,2026-09-29,729,n,4.79,D
23.64721,85.43923,335.08,297.09,0.44,0.39,2026-09-29,729,n,4.66,D
23.6876,87.1208,332.23,299.26,0.4,0.37,2026-09-29,729,n,2.72,D
23.68939,86.08852,339.58,295.33,0.42,0.38,2026-09-29,729,n,6.63,D
23.73668,86.43343,342.98,298.98,0.41,0.37,2026-09-29,729,n,4.2,D
23.76327,86.40352,338.01,298.6,0.41,0.37,2026-09-29,729,n,3.75,D
23.76666,86.40284,329.67,297.99,0.41,0.37,2026-09-29,729,n,3.75,D
23.77429,86.36414,335.42,296.65,0.41,0.37,2026-09-29,729,n,3.62,D
23.77827,86.3882,339.51,300.46,0.41,0.37,2026-09-29,729,n,5.32,D
23.77983,86.2097,340.78,300.54,0.42,0.37,2026-09-29,729,n,7.95,D
23.80362,86.32985,344.67,302.2,0.41,0.37,2026-09-29,729,n,6.93,D
24.14644,82.65672,334.13,297.4,0.4,0.44,2026-09-29,729,n,3.17,D
24.6093,97.80847,335.27,292.82,0.35,0.57,2026-09-29,729,n,7.58,D
24.61432,97.81004,336.72,291.61,0.35,0.57,2026-09-29,729,n,7.96,D
25.30898,86.49201,333.38,299.38,0.4,0.37,2026-09-29,729,n,3.4,D
25.86546,93.36233,332.04,297.62,0.39,0.44,2026-09-29,729,n,2.9,D
25.86854,96.6283,329.38,296.87,0.61,0.54,2026-09-29,729,n,5.87,D
25.86871,96.62617,330.53,296.99,0.61,0.54,2026-09-29,729,n,4.19,D
27.65409,77.45203,334.04,297.26,0.34,0.56,2026-09-29,729,n,3.11,D
28.12338,77.58401,331.92,297.87,0.33,0.55,2026-09-29,729,n,2.54,D
28.63075,76.15372,331.8,298.36,0.39,0.59,2026-09-29,729,n,2.12,D
27.74485,96.28925,345.97,295.87,0.61,0.54,2026-09-29,731,n,14.46,D
27.7449,96.28738,342.57,296.29,0.61,0.54,2026-09-29,731,n,18.25,D
27.74833,96.32671,339.91,294.83,0.62,0.54,2026-09-29,731,n,6.51,D
27.74866,96.33108,339.93,295.16,0.62,0.54,2026-09-29,731,n,9.87,D
27.75332,96.32629,331.22,294.36,0.62,0.54,2026-09-29,731,n,3.16,D
27.75366,96.3307,334.74,294.6,0.62,0.54,2026-09-29,731,n,9.87,D
27.762,96.31081,336.77,294.89,0.62,0.54,2026-09-29,731,n,5.82,D
27.76212,96.31268,335.87,295.14,0.62,0.54,2026-09-29,731,n,7.54,D
27.76484,96.11652,341.28,295.42,0.6,0.53,2026-09-29,731,n,7.4,D
27.76529,96.01178,330.05,295.27,0.59,0.53,2026-09-29,731,n,4.77,D
27.89012,96.16331,333.19,294.86,0.61,0.53,2026-09-29,731,n,4.54,D
27.99357,95.51171,331.86,295.71,0.55,0.51,2026-09-29,731,n,4.13,D
27.99417,95.51117,331.56,295.5,0.55,0.51,2026-09-29,731,n,4.03,D
30.50002,75.62022,348.99,294.75,0.38,0.59,2026-09-29,731,n,6.13,D
30.96744,74.19054,335.17,297.17,0.45,0.63,2026-09-29,731,n,3.71,D
31.05313,74.28538,351.22,299.02,0.44,0.62,2026-09-29,731,n,9.04,D
31.05706,74.34778,340.49,297.81,0.44,0.62,2026-09-29,731,n,5.89,D
31.31392,75.34063,346.01,296.73,0.38,0.59,2026-09-29,731,n,8.13,D
31.33361,74.30579,334.79,299.42,0.43,0.62,2026-09-29,731,n,2.02,D
31.51509,75.03067,367.0,303.87,0.39,0.59,2026-09-29,731,h,7.64,D
31.51638,75.03042,367.0,304.75,0.39,0.59,2026-09-29,731,h,10.44,D
31.56274,74.75707,329.96,300.94,0.4,0.6,2026-09-29,731,n,1.61,D
31.59668,74.6134,340.61,301.2,0.41,0.61,2026-09-29,731,n,3.62,D
31.60815,75.23576,351.81,302.28,0.38,0.58,2026-09-29,731,n,5.06,D
31.74793,73.62749,330.25,296.86,0.46,0.64,2026-09-29,731,n,2.44,D
31.77238,74.68832,330.33,299.8,0.4,0.6,2026-09-29,731,n,1.91,D
31.78729,74.22294,344.29,299.85,0.43,0.62,2026-09-29,731,n,7.5,D
31.80148,74.06763,333.97,298.42,0.43,0.62,2026-09-29,731,n,2.7,D
31.84049,74.61057,346.86,300.19,0.4,0.6,2026-09-29,731,n,3.74,D
31.89711,74.15167,335.57,298.6,0.43,0.62,2026-09-29,731,n,3.18,D
31.89898,74.11232,367.0,300.11,0.43,0.62,2026-09-29,731,h,9.25,D
31.90263,74.14976,337.36,297.95,0.43,0.62,2026-09-29,731,n,6.2,D
32.18219,73.94493,339.77,298.78,0.43,0.62,2026-09-29,731,n,5.75,D
32.2818,75.29955,328.05,296.59,0.36,0.57,2026-09-29,731,n,1.9,D
32.43046,73.93165,329.17,297.17,0.43,0.62,2026-09-29,731,n,0.66,D
11.14383,77.24282,332.6,294.01,0.5,0.66,2026-09-29,905,n,1.94,D
8.99556,77.27133,339.86,295.71,0.47,0.64,2026-09-29,907,n,2.59,D
9.39216,77.61321,340.83,295.92,0.5,0.66,2026-09-29,907,n,5.37,D
21.04028,72.87133,341.67,295.1,0.34,0.56,2026-09-29,907,n,4.12,D
21.04062,72.87466,347.12,295.42,0.34,0.56,2026-09-29,907,n,4.12,D
21.10107,72.63486,336.79,296.39,0.33,0.55,2026-09-29,907,n,4.17,D
21.1014,72.63807,341.15,297.61,0.33,0.55,2026-09-29,907,n,4.16,D
21.10751,72.64716,335.73,297.85,0.33,0.55,2026-09-29,907,n,3.89,D
21.14508,75.94334,330.4,300.98,0.54,0.68,2026-09-29,907,l,3.74,D
22.93834,69.18812,334.41,304.56,0.42,0.45,2026-09-29,909,l,1.59,D
23.5273,68.92737,334.68,305.67,0.41,0.45,2026-09-29,909,l,3.01,D
23.91867,72.91904,338.71,300.39,0.37,0.58,2026-09-29,909,n,2.32,D
25.46677,68.74697,330.34,299.47,0.43,0.46,2026-09-29,909,n,1.69,D
26.08568,72.40668,330.14,300.45,0.36,0.58,2026-09-29,909,l,3.0,D
27.18698,71.71606,330.14,301.84,0.34,0.56,2026-09-29,909,l,2.75,D
28.05299,69.36814,331.88,302.11,0.5,0.49,2026-09-29,909,n,4.4,D
30.76731,74.01038,367.0,298.07,0.51,0.66,2026-09-29,911,h,12.81,D
30.76766,74.00786,367.0,298.5,0.51,0.66,2026-09-29,911,h,9.52,D
31.00466,74.43505,338.68,298.34,0.54,0.68,2026-09-29,911,n,4.41,D
31.00496,74.44086,332.83,298.13,0.54,0.68,2026-09-29,911,n,4.41,D
31.09123,74.62504,330.08,297.38,0.55,0.68,2026-09-29,911,n,2.32,D
31.09247,74.62752,332.04,297.05,0.55,0.68,2026-09-29,911,n,2.91,D
31.10598,74.66026,350.2,299.62,0.56,0.69,2026-09-29,911,n,6.37,D
31.10701,74.6628,341.62,298.54,0.56,0.69,2026-09-29,911,n,9.16,D
31.75853,74.98412,329.73,300.44,0.59,0.7,2026-09-29,911,l,3.48,D
31.86007,74.00643,332.44,298.26,0.52,0.67,2026-09-29,911,n,3.96,D
31.89677,74.10643,339.86,298.15,0.52,0.67,2026-09-29,911,n,4.98,D
31.91891,73.85874,331.04,299.01,0.51,0.66,2026-09-29,911,n,3.82,D
32.10069,75.23662,334.34,296.98,0.61,0.71,2026-09-29,911,n,5.52,D
32.21089,73.80588,330.68,297.15,0.51,0.66,2026-09-29,911,n,4.57,D
32.35852,73.4714,339.85,297.49,0.49,0.65,2026-09-29,911,n,4.95,D
32.43173,73.93186,330.37,296.41,0.52,0.67,2026-09-29,911,n,2.26,D
34.24412,71.90479,331.77,298.22,0.41,0.61,2026-09-29,911,n,2.44,D
35.98945,94.82993,303.4,276.96,0.41,0.37,2026-09-29,1951,n,1.36,N
27.53632,95.39981,303.35,285.86,0.55,0.43,2026-09-29,1953,n,0.74,N
29.08584,88.01046,311.16,278.62,0.43,0.38,2026-09-29,1953,n,1.67,N
29.22584,88.34926,295.91,279.97,0.42,0.37,2026-09-29,1953,n,0.6,N
29.37433,91.15071,308.12,282.29,0.39,0.36,2026-09-29,1953,n,1.45,N
29.65865,90.89909,304.64,281.72,0.38,0.36,2026-09-29,1953,n,1.03,N
30.94889,97.36448,299.13,284.96,0.41,0.45,2026-09-29,1953,n,0.54,N
33.84414,75.56548,309.36,273.67,0.77,0.77,2026-09-29,1953,n,4.39,N
20.86299,84.99522,309.43,293.38,0.47,0.4,2026-09-29,1955,n,2.35,N
20.86362,84.99073,309.9,293.81,0.47,0.4,2026-09-29,1955,n,2.43,N
20.86424,84.98624,326.94,293.28,0.47,0.4,2026-09-29,1955,n,2.43,N
20.8703,84.99636,322.7,294.73,0.47,0.4,2026-09-29,1955,n,2.92,N
20.88305,84.98224,307.73,294.24,0.47,0.4,2026-09-29,1955,n,1.72,N
20.88316,84.98451,307.35,294.58,0.47,0.4,2026-09-29,1955,n,1.84,N
20.88671,84.98278,318.63,294.71,0.47,0.4,2026-09-29,1955,n,1.72,N
20.88746,84.98053,320.36,293.93,0.47,0.4,2026-09-29,1955,n,3.36,N
20.89038,84.98333,306.36,293.51,0.47,0.4,2026-09-29,1955,n,1.34,N
20.94149,86.06322,324.67,293.48,0.43,0.38,2026-09-29,1955,n,3.49,N
20.95144,86.04392,320.73,292.92,0.43,0.38,2026-09-29,1955,n,3.31,N
20.95202,86.04682,312.05,292.98,0.43,0.38,2026-09-29,1955,n,1.27,N
20.9526,86.04272,307.72,292.57,0.43,0.38,2026-09-29,1955,n,1.27,N
20.95741,85.0122,308.32,294.06,0.47,0.4,2026-09-29,1955,n,2.28,N
20.96096,85.17358,313.29,293.6,0.46,0.39,2026-09-29,1955,n,1.96,N
20.96132,86.00622,310.46,291.75,0.43,0.38,2026-09-29,1955,n,1.29,N
20.96159,85.16911,309.53,294.04,0.46,0.39,2026-09-29,1955,n,1.66,N
20.96209,85.19189,307.12,294.23,0.46,0.39,2026-09-29,1955,n,1.82,N
20.96254,85.18961,330.5,295.5,0.46,0.39,2026-09-29,1955,n,4.12,N
20.96271,85.1875,337.42,295.29,0.46,0.39,2026-09-29,1955,n,3.14,N
20.96314,85.18517,320.94,294.62,0.46,0.39,2026-09-29,1955,n,2.28,N
20.96333,85.18305,309.56,294.02,0.46,0.39,2026-09-29,1955,n,3.14,N
20.96374,85.18073,313.51,294.25,0.46,0.39,2026-09-29,1955,n,2.28,N
20.96396,85.1786,309.05,294.33,0.46,0.39,2026-09-29,1955,n,1.96,N
20.96435,85.17626,311.34,294.3,0.46,0.39,2026-09-29,1955,n,2.19,N
20.96459,85.17414,324.89,294.39,0.46,0.39,2026-09-29,1955,n,1.96,N
20.96482,86.00679,313.66,292.91,0.43,0.38,2026-09-29,1955,n,2.07,N
20.96495,85.1718,315.94,294.02,0.46,0.39,2026-09-29,1955,n,2.19,N
20.96522,85.16966,313.62,294.22,0.46,0.39,2026-09-29,1955,n,1.66,N
20.9654,86.00266,320.26,293.35,0.43,0.38,2026-09-29,1955,n,2.07,N
20.96556,85.16731,318.72,294.39,0.46,0.39,2026-09-29,1955,n,1.27,N
20.96585,85.1652,311.94,294.02,0.46,0.39,2026-09-29,1955,n,1.66,N
20.96616,85.16282,309.48,293.57,0.46,0.39,2026-09-29,1955,n,1.27,N
20.96648,85.16071,306.85,293.41,0.46,0.39,2026-09-29,1955,n,2.15,N
20.96737,85.15385,310.41,293.61,0.46,0.39,2026-09-29,1955,n,2.23,N
20.96759,85.17916,306.94,293.48,0.46,0.39,2026-09-29,1955,n,2.23,N
20.96773,86.01147,328.36,294.38,0.43,0.38,2026-09-29,1955,n,4.46,N
20.96797,85.17683,330.71,294.02,0.46,0.39,2026-09-29,1955,n,2.19,N
20.96821,85.1747,333.57,294.43,0.46,0.39,2026-09-29,1955,n,2.23,N
20.96858,85.17235,316.25,293.6,0.46,0.39,2026-09-29,1955,n,2.19,N
20.96885,85.17022,310.06,293.74,0.46,0.39,2026-09-29,1955,n,1.92,N
20.96919,85.16786,305.93,293.23,0.46,0.39,2026-09-29,1955,n,1.27,N
20.9716,85.17739,310.85,293.38,0.46,0.39,2026-09-29,1955,n,1.61,N
20.97184,85.17525,312.51,293.8,0.46,0.39,2026-09-29,1955,n,2.23,N
20.97239,86.00378,317.48,293.86,0.43,0.38,2026-09-29,1955,n,2.97,N
20.97584,85.17347,316.87,294.03,0.46,0.39,2026-09-29,1955,n,1.61,N
20.97645,85.16898,315.52,293.92,0.46,0.39,2026-09-29,1955,n,2.58,N
20.97752,85.13499,308.03,293.97,0.47,0.39,2026-09-29,1955,n,1.99,N
21.07574,85.04196,312.45,293.4,0.47,0.4,2026-09-29,1955,n,3.12,N
21.07637,85.03741,328.03,295.75,0.47,0.4,2026-09-29,1955,n,5.29,N
21.08003,85.03797,321.83,294.6,0.47,0.4,2026-09-29,1955,n,2.67,N
21.08066,85.03343,324.7,294.12,0.47,0.4,2026-09-29,1955,n,2.67,N
21.31022,81.59282,309.07,294.73,0.49,0.49,2026-09-29,1955,n,1.26,N
21.37471,81.64254,310.33,294.52,0.49,0.49,2026-09-29,1955,n,1.96,N
21.37473,81.68155,310.48,294.67,0.49,0.49,2026-09-29,1955,n,2.33,N
21.50076,81.8082,305.28,294.18,0.48,0.48,2026-09-29,1955,n,0.81,N
21.67401,84.03998,307.09,293.71,0.54,0.42,2026-09-29,1955,n,1.46,N
21.6779,84.04055,311.59,294.47,0.54,0.42,2026-09-29,1955,n,1.46,N
21.67857,84.03532,305.66,293.86,0.54,0.42,2026-09-29,1955,n,1.93,N
21.74736,83.84081,315.73,294.34,0.55,0.43,2026-09-29,1955,n,2.52,N
21.74974,83.9766,307.73,293.91,0.54,0.42,2026-09-29,1955,n,1.28,N
21.75524,84.02561,314.89,294.83,0.54,0.42,2026-09-29,1955,n,2.45,N
21.75525,83.84192,313.88,294.49,0.55,0.43,2026-09-29,1955,n,2.45,N
21.75594,84.02033,308.68,294.96,0.54,0.42,2026-09-29,1955,n,2.45,N
21.75801,83.82056,304.82,293.31,0.55,0.43,2026-09-29,1955,n,0.9,N
21.7585,83.84785,307.58,293.7,0.55,0.43,2026-09-29,1955,n,2.24,N
21.75946,84.0232,308.34,294.59,0.54,0.42,2026-09-29,1955,n,2.45,N
21.76244,83.84842,318.19,294.89,0.55,0.43,2026-09-29,1955,n,3.28,N
21.76373,84.02153,311.85,294.89,0.54,0.42,2026-09-29,1955,n,2.95,N
21.76401,84.01854,315.82,295.61,0.54,0.42,2026-09-29,1955,n,2.45,N
21.76443,84.01626,305.57,294.13,0.54,0.42,2026-09-29,1955,n,1.58,N
21.76791,84.01912,315.92,295.31,0.54,0.42,2026-09-29,1955,n,2.86,N
21.76832,84.01685,312.63,295.18,0.54,0.42,2026-09-29,1955,n,1.58,N
21.79698,83.88308,309.16,293.63,0.55,0.43,2026-09-29,1955,n,2.14,N
21.80026,82.03806,308.45,294.07,0.47,0.48,2026-09-29,1955,n,1.66,N
21.80334,82.04037,305.64,294.54,0.47,0.48,2026-09-29,1955,n,1.62,N
21.82268,83.99512,305.48,294.16,0.54,0.42,2026-09-29,1955,n,2.22,N
21.85807,83.96808,305.57,294.08,0.54,0.42,2026-09-29,1955,n,1.09,N
21.87395,83.49469,306.35,292.64,0.39,0.44,2026-09-29,1955,n,0.82,N
21.87798,83.4953,304.99,292.94,0.39,0.44,2026-09-29,1955,n,0.82,N
21.87851,83.55644,312.14,293.71,0.38,0.43,2026-09-29,1955,n,0.89,N
21.92034,83.35455,319.12,293.89,0.39,0.44,2026-09-29,1955,n,2.48,N
21.92082,83.35073,337.09,296.65,0.39,0.44,2026-09-29,1955,n,5.75,N
21.92489,83.35133,305.15,293.57,0.39,0.44,2026-09-29,1955,n,1.41,N
21.96689,85.31283,304.2,288.59,0.47,0.4,2026-09-29,1955,n,1.3,N
21.98445,83.23266,317.18,295.22,0.4,0.44,2026-09-29,1955,n,2.48,N
21.9847,83.36707,305.54,293.61,0.39,0.44,2026-09-29,1955,n,0.68,N
22.00478,82.67004,318.89,295.97,0.43,0.46,2026-09-29,1955,n,2.7,N
22.01546,83.75294,310.62,294.35,0.56,0.43,2026-09-29,1955,n,2.35,N
22.017,83.34053,305.9,293.76,0.4,0.44,2026-09-29,1955,n,1.17,N
22.0304,83.36599,308.34,294.32,0.39,0.44,2026-09-29,1955,n,1.74,N
22.03639,83.35127,317.11,295.04,0.4,0.44,2026-09-29,1955,n,1.99,N
22.03806,83.73395,309.56,294.99,0.56,0.43,2026-09-29,1955,n,2.53,N
22.03875,83.72844,309.63,294.41,0.56,0.43,2026-09-29,1955,n,1.79,N
22.05366,88.12751,317.73,282.02,0.39,0.36,2026-09-29,1955,n,1.4,N
22.05424,88.12377,308.06,283.4,0.39,0.36,2026-09-29,1955,n,1.4,N
22.06611,83.7044,311.46,293.63,0.57,0.43,2026-09-29,1955,n,1.78,N
22.15333,82.09572,305.53,293.72,0.47,0.48,2026-09-29,1955,n,0.54,N
22.20716,84.55076,307.16,294.34,0.51,0.41,2026-09-29,1955,n,1.36,N
22.20824,84.86313,319.53,295.36,0.49,0.41,2026-09-29,1955,n,3.27,N
22.21135,84.86852,311.47,294.27,0.49,0.41,2026-09-29,1955,n,1.72,N
22.2114,84.839,310.45,294.27,0.5,0.41,2026-09-29,1955,n,2.29,N
22.21198,84.8637,313.03,295.44,0.49,0.41,2026-09-29,1955,n,2.48,N
22.21509,84.86909,307.3,294.45,0.49,0.41,2026-09-29,1955,n,1.72,N
22.21515,84.83959,315.46,294.45,0.5,0.41,2026-09-29,1955,n,2.1,N
22.21839,84.75613,308.01,294.73,0.5,0.41,2026-09-29,1955,n,3.1,N
22.24447,87.38947,302.24,281.55,0.4,0.37,2026-09-29,1955,n,0.82,N
22.24784,87.39005,315.01,281.63,0.4,0.37,2026-09-29,1955,n,0.82,N
22.2646,75.13168,303.81,291.76,0.65,0.73,2026-09-29,1955,n,1.33,N
22.26505,75.13331,302.44,292.22,0.65,0.73,2026-09-29,1955,n,1.58,N
22.31661,82.56437,314.9,294.79,0.44,0.46,2026-09-29,1955,n,1.52,N
22.31713,82.56001,307.68,293.99,0.44,0.46,2026-09-29,1955,n,1.52,N
22.32091,82.56496,311.85,295.18,0.44,0.46,2026-09-29,1955,n,1.52,N
22.32212,82.59152,332.18,294.82,0.44,0.46,2026-09-29,1955,n,3.66,N
22.32916,82.60561,319.2,293.9,0.44,0.46,2026-09-29,1955,n,2.32,N
22.35602,82.30412,308.45,294.19,0.46,0.47,2026-09-29,1955,n,1.63,N
22.3574,87.28944,314.8,289.97,0.4,0.37,2026-09-29,1955,n,2.24,N
22.35855,87.28165,317.41,288.68,0.4,0.37,2026-09-29,1955,n,1.3,N
22.35913,87.27776,301.85,286.88,0.4,0.37,2026-09-29,1955,n,1.3,N
22.36092,82.30024,306.66,293.58,0.46,0.47,2026-09-29,1955,n,1.89,N
22.36243,87.30228,303.77,285.15,0.4,0.37,2026-09-29,1955,n,0.61,N
22.36275,87.0169,310.04,288.32,0.41,0.37,2026-09-29,1955,n,1.24,N
22.36581,87.30286,308.19,287.57,0.4,0.37,2026-09-29,1955,n,1.4,N
22.36639,87.29897,309.09,288.23,0.4,0.37,2026-09-29,1955,n,2.25,N
22.37606,87.28066,329.23,290.48,0.4,0.37,2026-09-29,1955,n,4.38,N
22.37664,87.27677,323.38,290.0,0.4,0.37,2026-09-29,1955,n,2.43,N
22.38003,87.27735,307.02,288.83,0.4,0.37,2026-09-29,1955,n,2.43,N
22.57313,85.89594,318.43,292.23,0.45,0.39,2026-09-29,1955,n,1.97,N
22.57374,85.89156,307.23,291.5,0.45,0.39,2026-09-29,1955,n,1.31,N
22.58829,85.90513,305.42,290.81,0.45,0.39,2026-09-29,1955,n,1.03,N
22.60909,85.91296,311.96,290.3,0.45,0.39,2026-09-29,1955,n,1.22,N
22.78473,86.20189,306.43,287.04,0.44,0.38,2026-09-29,1955,n,0.88,N
22.78885,86.19818,302.98,281.66,0.44,0.38,2026-09-29,1955,n,0.88,N
22.7906,86.21153,303.91,284.3,0.44,0.38,2026-09-29,1955,n,1.03,N
22.79178,86.20304,300.68,283.74,0.44,0.38,2026-09-29,1955,n,0.46,N
22.79238,86.19876,297.36,280.55,0.44,0.38,2026-09-29,1955,n,0.46,N
22.79472,86.20784,312.93,283.76,0.44,0.38,2026-09-29,1955,n,1.03,N
22.7959,86.19933,301.53,279.9,0.44,0.38,2026-09-29,1955,n,0.46,N
22.79825,86.2084,318.22,283.75,0.44,0.38,2026-09-29,1955,n,1.61,N
22.79944,86.19989,297.84,279.84,0.44,0.38,2026-09-29,1955,n,0.83,N
22.80016,86.09048,306.8,289.79,0.44,0.38,2026-09-29,1955,n,1.11,N
22.81794,86.04053,303.88,285.91,0.44,0.39,2026-09-29,1955,n,0.71,N
22.81854,86.03621,301.62,286.49,0.44,0.39,2026-09-29,1955,n,0.71,N
22.85582,86.05546,305.16,288.94,0.44,0.39,2026-09-29,1955,n,0.65,N
22.87297,86.06264,314.24,291.21,0.44,0.39,2026-09-29,1955,n,1.46,N
23.1654,82.34374,304.83,292.49,0.47,0.48,2026-09-29,1955,n,1.09,N
23.16591,82.33915,310.33,293.64,0.47,0.48,2026-09-29,1955,n,2.19,N
23.54864,87.24792,307.99,293.65,0.41,0.37,2026-09-29,1955,n,1.41,N
23.54923,87.2439,306.84,294.11,0.41,0.37,2026-09-29,1955,n,1.41,N
23.55664,87.24107,315.87,294.19,0.41,0.37,2026-09-29,1955,n,2.18,N
23.55723,87.23706,311.27,293.47,0.41,0.37,2026-09-29,1955,n,2.18,N
23.56006,87.24166,329.92,294.03,0.41,0.37,2026-09-29,1955,n,2.18,N
23.56065,87.23766,329.91,293.94,0.41,0.37,2026-09-29,1955,n,2.18,N
23.56178,87.08504,318.23,293.38,0.41,0.37,2026-09-29,1955,n,2.16,N
23.56463,87.08968,306.45,292.69,0.41,0.37,2026-09-29,1955,n,0.9,N
23.5811,86.72681,309.62,292.29,0.43,0.38,2026-09-29,1955,n,1.15,N
23.61027,85.6769,304.8,293.85,0.47,0.4,2026-09-29,1955,n,0.75,N
23.61196,87.14629,306.27,293.11,0.41,0.37,2026-09-29,1955,n,1.43,N
23.64539,85.44005,313.08,293.38,0.48,0.4,2026-09-29,1955,n,2.0,N
23.64908,85.44064,313.53,293.53,0.48,0.4,2026-09-29,1955,n,1.78,N
23.6497,85.43595,323.6,294.11,0.48,0.4,2026-09-29,1955,n,1.78,N
23.65508,85.50883,306.16,293.83,0.48,0.4,2026-09-29,1955,n,1.22,N
23.6628,87.15916,313.32,293.1,0.41,0.37,2026-09-29,1955,n,1.64,N
23.66291,86.9128,309.16,290.96,0.42,0.38,2026-09-29,1955,n,1.6,N
23.66339,87.15511,325.97,294.92,0.41,0.37,2026-09-29,1955,n,1.64,N
23.66465,84.99731,306.79,291.29,0.5,0.41,2026-09-29,1955,n,1.75,N
23.66623,87.15974,312.96,293.35,0.41,0.37,2026-09-29,1955,n,1.64,N
23.66842,84.99788,306.19,292.06,0.5,0.41,2026-09-29,1955,n,0.89,N
23.66899,86.09306,308.75,292.66,0.45,0.39,2026-09-29,1955,n,1.45,N
23.67035,86.93516,320.79,291.56,0.42,0.38,2026-09-29,1955,n,2.63,N
23.67074,87.1771,305.92,292.63,0.41,0.37,2026-09-29,1955,n,0.73,N
23.67362,86.40054,306.28,293.21,0.44,0.38,2026-09-29,1955,n,1.81,N
23.67377,86.08482,307.64,292.39,0.45,0.39,2026-09-29,1955,n,0.77,N
23.67422,86.39625,306.59,293.63,0.44,0.38,2026-09-29,1955,n,1.4,N
23.67581,85.3238,307.55,293.26,0.49,0.4,2026-09-29,1955,n,1.3,N
23.67715,86.40114,316.08,294.97,0.44,0.38,2026-09-29,1955,n,2.06,N
23.67735,86.08539,315.51,294.15,0.45,0.39,2026-09-29,1955,n,3.03,N
23.67774,86.39686,321.3,294.64,0.44,0.38,2026-09-29,1955,n,1.28,N
23.67835,86.39256,308.27,291.8,0.44,0.38,2026-09-29,1955,n,1.28,N
23.67912,86.09921,306.74,292.56,0.45,0.39,2026-09-29,1955,n,1.34,N
23.67972,86.0948,307.35,292.6,0.45,0.39,2026-09-29,1955,n,2.07,N
23.68122,87.12914,307.16,293.21,0.41,0.37,2026-09-29,1955,n,1.4,N
23.68127,86.39747,308.0,293.18,0.44,0.38,2026-09-29,1955,n,1.28,N
23.68188,86.39315,307.69,293.19,0.44,0.38,2026-09-29,1955,n,1.28,N
23.6854,86.39377,323.92,293.95,0.44,0.38,2026-09-29,1955,n,2.29,N
23.68583,87.12162,315.81,294.14,0.41,0.37,2026-09-29,1955,n,1.82,N
23.68877,87.10137,306.44,292.82,0.41,0.37,2026-09-29,1955,n,1.22,N
23.68926,87.12222,317.31,294.58,0.41,0.37,2026-09-29,1955,n,2.23,N
23.68936,87.09732,311.75,293.88,0.41,0.37,2026-09-29,1955,n,1.64,N
23.69103,87.11006,306.95,292.91,0.41,0.37,2026-09-29,1955,n,1.28,N
23.6927,87.1228,317.53,294.75,0.41,0.37,2026-09-29,1955,n,2.23,N
23.69387,87.1147,308.49,293.42,0.41,0.37,2026-09-29,1955,n,1.28,N
23.69505,87.1066,308.66,293.37,0.41,0.37,2026-09-29,1955,n,2.03,N
23.6951,85.29252,305.52,293.05,0.49,0.4,2026-09-29,1955,n,1.84,N
23.69573,85.28773,321.0,294.04,0.49,0.4,2026-09-29,1955,n,1.84,N
23.6967,85.36605,310.98,292.9,0.48,0.4,2026-09-29,1955,n,1.68,N
23.69682,87.09443,314.48,293.67,0.41,0.37,2026-09-29,1955,n,2.01,N
23.69706,86.075,317.15,291.34,0.45,0.39,2026-09-29,1955,n,2.03,N
23.71005,86.44878,309.55,294.87,0.44,0.38,2026-09-29,1955,n,1.52,N
23.71298,86.45367,309.15,293.67,0.44,0.38,2026-09-29,1955,n,1.35,N
23.71357,86.44938,316.5,294.83,0.44,0.38,2026-09-29,1955,n,1.35,N
23.7136,86.42305,315.55,294.92,0.44,0.38,2026-09-29,1955,n,2.84,N
23.71772,86.41935,306.68,292.27,0.44,0.38,2026-09-29,1955,n,1.21,N
23.71828,86.4414,314.74,294.61,0.44,0.38,2026-09-29,1955,n,2.41,N
23.72087,85.00799,306.2,291.91,0.5,0.41,2026-09-29,1955,n,1.05,N
23.72239,86.4377,312.26,293.9,0.44,0.38,2026-09-29,1955,n,2.13,N
23.73708,86.43577,328.57,296.3,0.44,0.38,2026-09-29,1955,n,2.96,N
23.73767,86.43149,326.25,295.35,0.44,0.38,2026-09-29,1955,n,3.71,N
23.73975,85.01097,310.64,293.84,0.5,0.41,2026-09-29,1955,n,2.46,N
23.74405,85.50594,303.87,292.92,0.48,0.4,2026-09-29,1955,n,0.56,N
23.75063,86.41612,318.81,294.23,0.44,0.38,2026-09-29,1955,n,2.3,N
23.75294,85.85539,307.35,293.35,0.46,0.39,2026-09-29,1955,n,1.43,N
23.75596,86.4038,313.68,294.0,0.44,0.38,2026-09-29,1955,n,1.53,N
23.75655,85.856,311.71,294.85,0.46,0.39,2026-09-29,1955,n,1.43,N
23.75717,85.85145,307.15,293.63,0.46,0.39,2026-09-29,1955,n,1.87,N
23.75949,86.4044,315.57,293.96,0.44,0.38,2026-09-29,1955,n,1.53,N
23.75955,85.86108,304.84,292.8,0.46,0.39,2026-09-29,1955,n,0.96,N
23.76009,86.40007,318.89,294.12,0.44,0.38,2026-09-29,1955,n,3.71,N
23.76017,85.85657,311.78,293.58,0.46,0.39,2026-09-29,1955,n,0.96,N
23.76302,86.405,330.76,295.0,0.44,0.38,2026-09-29,1955,n,3.15,N
23.76362,86.40067,309.68,293.25,0.44,0.38,2026-09-29,1955,n,1.65,N
23.76422,86.39635,307.21,294.51,0.44,0.38,2026-09-29,1955,n,1.65,N
23.76482,86.39204,311.48,295.08,0.44,0.38,2026-09-29,1955,n,2.78,N
23.76655,86.40557,328.44,295.37,0.44,0.38,2026-09-29,1955,n,3.15,N
23.76715,86.40125,317.57,294.7,0.44,0.38,2026-09-29,1955,n,1.65,N
23.77196,86.36679,308.72,291.84,0.44,0.38,2026-09-29,1955,n,1.57,N
23.77257,86.36246,319.96,291.67,0.44,0.38,2026-09-29,1955,n,1.57,N
23.77355,86.19801,312.21,290.66,0.45,0.39,2026-09-29,1955,n,2.43,N
23.77559,85.9948,306.82,292.49,0.46,0.39,2026-09-29,1955,n,1.5,N
23.7759,86.20737,305.27,290.57,0.45,0.39,2026-09-29,1955,n,1.73,N
23.77601,86.38954,315.6,293.42,0.44,0.38,2026-09-29,1955,n,2.62,N
23.7761,86.36304,313.54,292.57,0.44,0.38,2026-09-29,1955,n,2.16,N
23.77661,86.38525,306.54,292.71,0.44,0.38,2026-09-29,1955,n,1.87,N
23.77852,86.34573,304.68,290.79,0.44,0.38,2026-09-29,1955,n,0.74,N
23.77885,86.21238,320.45,290.93,0.45,0.39,2026-09-29,1955,n,2.62,N
23.77946,86.20799,311.83,291.55,0.45,0.39,2026-09-29,1955,n,1.73,N
23.77954,86.39014,333.55,295.89,0.44,0.38,2026-09-29,1955,n,4.96,N
23.78004,85.57371,307.33,294.52,0.47,0.4,2026-09-29,1955,n,1.7,N
23.78017,86.14973,305.41,289.24,0.45,0.39,2026-09-29,1955,n,0.7,N
23.78196,86.37286,306.7,292.65,0.44,0.38,2026-09-29,1955,n,0.86,N
23.78205,86.34634,304.79,291.4,0.44,0.38,2026-09-29,1955,n,0.74,N
23.79423,86.23276,304.13,289.35,0.45,0.39,2026-09-29,1955,n,1.18,N
23.7956,86.35303,316.94,292.98,0.44,0.38,2026-09-29,1955,n,1.75,N
23.79621,86.34869,308.66,292.33,0.44,0.38,2026-09-29,1955,n,1.75,N
23.79974,86.3493,308.66,293.56,0.44,0.38,2026-09-29,1955,n,1.24,N
23.80216,86.33202,326.03,293.41,0.44,0.38,2026-09-29,1955,n,2.91,N
23.80277,86.32767,316.01,293.18,0.44,0.38,2026-09-29,1955,n,1.5,N
23.80338,86.32331,308.38,291.74,0.44,0.38,2026-09-29,1955,n,1.5,N
23.80527,86.64165,306.13,292.42,0.43,0.38,2026-09-29,1955,n,0.62,N
23.80632,86.32825,309.59,292.99,0.44,0.38,2026-09-29,1955,n,1.5,N
23.82536,84.9393,303.84,291.27,0.51,0.41,2026-09-29,1955,n,0.95,N
23.83772,85.47009,309.98,293.81,0.48,0.4,2026-09-29,1955,n,1.39,N
23.83877,85.47296,304.82,292.1,0.48,0.4,2026-09-29,1955,n,0.76,N
23.83989,84.94671,306.47,290.51,0.51,0.41,2026-09-29,1955,n,1.29,N
23.92619,85.34388,302.6,290.78,0.49,0.4,2026-09-29,1955,n,0.88,N
24.11604,86.86101,315.2,292.61,0.42,0.38,2026-09-29,1955,n,1.71,N
24.14825,82.65551,305.78,292.55,0.46,0.47,2026-09-29,1955,n,0.94,N
24.18326,82.6604,306.37,292.72,0.46,0.47,2026-09-29,1955,n,1.05,N
24.18331,82.66257,306.44,293.08,0.46,0.47,2026-09-29,1955,n,0.78,N
24.19522,82.71527,307.09,292.41,0.46,0.47,2026-09-29,1955,n,0.97,N
24.1996,82.71571,306.44,293.13,0.46,0.47,2026-09-29,1955,n,0.97,N
24.20451,82.7114,309.58,293.64,0.46,0.47,2026-09-29,1955,n,1.87,N
25.54023,91.23734,299.21,286.97,0.4,0.37,2026-09-29,1955,n,0.3,N
26.639,79.47474,303.9,292.09,0.39,0.59,2026-09-29,1955,n,0.98,N
15.33143,76.28563,303.51,286.41,0.46,0.64,2026-09-29,1957,n,2.0,N
15.33838,76.27738,305.94,284.12,0.46,0.64,2026-09-29,1957,n,1.11,N
17.24468,81.11156,304.49,293.45,0.47,0.48,2026-09-29,1957,n,0.37,N
17.45981,78.41205,311.01,291.05,0.36,0.57,2026-09-29,1957,n,1.22,N
17.46372,80.6531,309.91,294.13,0.51,0.49,2026-09-29,1957,n,1.12,N
17.60643,83.20132,308.91,293.5,0.53,0.42,2026-09-29,1957,n,1.44,N
17.61031,83.20188,312.97,293.34,0.53,0.42,2026-09-29,1957,n,1.61,N
17.95651,80.79853,306.13,295.4,0.5,0.49,2026-09-29,1957,n,1.4,N
19.09526,82.16817,309.21,294.74,0.43,0.46,2026-09-29,1957,n,1.79,N
19.09949,82.16874,314.42,293.17,0.43,0.46,2026-09-29,1957,n,0.87,N
19.10371,82.1693,305.61,294.45,0.43,0.46,2026-09-29,1957,n,0.87,N
19.10379,82.16805,307.75,294.86,0.43,0.46,2026-09-29,1957,n,1.05,N
19.10423,82.16523,312.33,293.54,0.43,0.46,2026-09-29,1957,n,2.14,N
19.10429,82.16396,313.35,292.77,0.43,0.46,2026-09-29,1957,n,0.82,N
19.80173,78.86405,303.68,291.96,0.35,0.57,2026-09-29,1957,n,0.53,N
19.81931,79.33651,308.82,292.33,0.33,0.55,2026-09-29,1957,n,1.01,N
19.93568,73.70862,300.68,283.55,0.76,0.77,2026-09-29,1957,n,1.83,N
19.9377,73.70798,298.33,283.09,0.76,0.77,2026-09-29,1957,n,0.89,N
19.96234,79.33559,307.42,291.14,0.33,0.55,2026-09-29,1957,n,0.55,N
19.96391,79.3338,312.48,291.5,0.33,0.55,2026-09-29,1957,n,0.95,N
20.00572,79.18333,304.65,291.23,0.34,0.56,2026-09-29,1957,n,0.43,N
20.53192,85.90924,308.45,293.67,0.43,0.38,2026-09-29,1957,n,0.61,N
20.69602,78.63638,304.49,292.48,0.38,0.58,2026-09-29,1957,n,0.72,N
20.70292,78.62224,307.29,292.04,0.38,0.59,2026-09-29,1957,n,1.03,N
20.75825,85.29709,311.53,294.28,0.46,0.39,2026-09-29,1957,n,1.74,N
20.75886,85.29269,309.24,293.76,0.46,0.39,2026-09-29,1957,n,1.57,N
20.76185,85.29765,312.36,294.7,0.46,0.39,2026-09-29,1957,n,1.61,N
20.76246,85.29323,306.79,294.49,0.46,0.39,2026-09-29,1957,n,0.98,N
20.77437,85.33986,305.81,293.63,0.45,0.39,2026-09-29,1957,n,0.9,N
20.78533,85.26091,308.55,295.04,0.46,0.39,2026-09-29,1957,n,2.08,N
20.79376,85.2533,329.0,294.94,0.46,0.39,2026-09-29,1957,n,4.0,N
20.80397,85.25938,309.18,294.09,0.46,0.39,2026-09-29,1957,n,1.63,N
20.80458,85.25497,308.2,293.95,0.46,0.39,2026-09-29,1957,n,1.63,N
20.80819,85.25553,316.29,295.16,0.46,0.39,2026-09-29,1957,n,1.63,N
21.18172,81.38607,312.83,295.57,0.51,0.49,2026-09-29,1957,n,3.34,N
21.19201,81.41743,333.56,293.72,0.51,0.49,2026-09-29,1957,n,6.84,N
21.19657,81.41804,342.6,295.85,0.51,0.49,2026-09-29,1957,n,24.76,N
21.24138,79.22517,311.3,291.62,0.35,0.57,2026-09-29,1957,n,1.05,N
21.24561,79.22462,309.61,292.16,0.35,0.57,2026-09-29,1957,n,0.73,N
21.24701,79.2224,303.47,291.35,0.35,0.57,2026-09-29,1957,n,0.57,N
21.3355,78.96945,316.38,291.5,0.36,0.58,2026-09-29,1957,n,1.04,N
21.33586,78.96586,302.04,290.87,0.36,0.58,2026-09-29,1957,n,1.04,N
9.41584,77.35786,301.32,286.26,0.33,0.55,2026-09-29,2000,n,1.42,N
9.42079,77.35973,330.84,286.99,0.33,0.55,2026-09-29,2000,n,1.42,N
9.42111,77.35734,321.66,286.24,0.33,0.55,2026-09-29,2000,n,1.85,N
9.42143,77.35502,300.21,285.47,0.33,0.55,2026-09-29,2000,n,1.85,N
10.52886,77.20297,306.88,283.2,0.35,0.56,2026-09-29,2000,n,1.22,N
31.24967,76.93013,298.55,288.27,0.38,0.59,2026-09-29,2133,n,0.3,N
31.25669,76.92491,298.54,287.53,0.38,0.59,2026-09-29,2133,n,0.96,N
31.76661,70.10979,303.43,292.46,0.48,0.4,2026-09-29,2133,n,1.08,N
32.2889,70.74062,306.54,294.27,0.5,0.41,2026-09-29,2133,n,0.92,N
32.28917,70.7384,305.79,294.64,0.5,0.41,2026-09-29,2133,n,1.42,N
32.37943,72.1384,305.46,293.96,0.39,0.44,2026-09-29,2133,n,0.85,N
32.88863,71.61884,309.77,294.13,0.54,0.42,2026-09-29,2133,n,1.57,N
33.29644,71.18954,303.48,291.72,0.51,0.41,2026-09-29,2133,n,0.83,N
33.29704,71.18862,313.52,292.23,0.51,0.41,2026-09-29,2133,n,2.15,N
33.29753,71.18412,304.36,291.65,0.51,0.41,2026-09-29,2133,n,1.37,N
33.54489,71.55284,306.96,292.32,0.52,0.42,2026-09-29,2133,n,1.13,N
33.54648,71.55125,308.89,293.87,0.52,0.42,2026-09-29,2133,n,0.96,N
33.84869,75.55066,296.71,276.65,0.55,0.51,2026-09-29,2133,n,0.89,N
33.84886,72.87262,303.37,292.8,0.4,0.44,2026-09-29,2133,n,0.39,N
35.96788,68.68555,303.69,289.63,0.39,0.36,2026-09-29,2133,n,0.81,N
36.9984,80.19275,302.48,284.23,0.41,0.61,2026-09-29,2133,n,1.21,N
24.6609,74.63479,306.43,292.55,0.39,0.59,2026-09-29,2136,n,1.61,N
24.66112,74.63511,306.11,292.54,0.39,0.59,2026-09-29,2136,n,1.4,N
24.82164,73.09316,307.19,296.25,0.62,0.54,2026-09-29,2136,n,1.66,N
25.38806,68.58279,318.3,294.91,0.5,0.41,2026-09-29,2136,n,1.87,N
26.259,74.09779,305.33,294.31,0.33,0.56,2026-09-29,2136,n,0.96,N
26.64306,79.48026,304.33,290.87,0.68,0.74,2026-09-29,2136,n,1.08,N
27.28817,73.83855,303.1,292.88,0.61,0.54,2026-09-29,2136,n,1.11,N
28.05328,69.36877,317.25,295.98,0.5,0.41,2026-09-29,2136,n,1.91,N
28.42275,69.70257,312.79,294.39,0.51,0.41,2026-09-29,2136,n,2.05,N
28.7709,77.56691,307.47,292.42,0.47,0.64,2026-09-29,2136,n,0.78,N
28.7745,77.56652,303.35,292.79,0.47,0.64,2026-09-29,2136,n,0.58,N
30.44605,70.56792,305.98,295.72,0.53,0.42,2026-09-29,2136,n,1.25,N
18.67977,73.03778,301.01,286.21,0.41,0.61,2026-09-29,2138,n,1.1,N
18.6806,73.03391,304.28,286.37,0.41,0.61,2026-09-29,2138,n,1.36,N
18.6829,73.03904,312.23,286.66,0.41,0.61,2026-09-29,2138,n,1.99,N
18.68375,73.03517,308.88,286.86,0.41,0.61,2026-09-29,2138,n,1.32,N
18.6846,73.03132,306.54,286.36,0.41,0.61,2026-09-29,2138,n,1.32,N
18.6853,73.03912,312.39,286.66,0.41,0.61,2026-09-29,2138,n,1.3,N
18.68695,73.03137,306.28,286.35,0.41,0.61,2026-09-29,2138,n,1.96,N
18.69083,73.04044,305.13,286.6,0.41,0.61,2026-09-29,2138,n,1.3,N
18.69396,73.04168,303.0,286.7,0.41,0.61,2026-09-29,2138,n,1.52,N
19.23537,73.02673,309.11,289.85,0.4,0.6,2026-09-29,2138,n,0.95,N
19.23583,73.02592,306.94,289.64,0.4,0.6,2026-09-29,2138,n,1.13,N
19.93762,73.7139,312.04,284.13,0.43,0.62,2026-09-29,2138,n,1.15,N
21.10168,72.63642,346.63,293.81,0.35,0.56,2026-09-29,2138,n,4.79,N
21.10465,72.64767,332.86,293.75,0.35,0.56,2026-09-29,2138,n,4.85,N
21.10537,72.64434,327.21,292.89,0.35,0.56,2026-09-29,2138,n,5.31,N
21.10682,72.63771,310.03,293.83,0.35,0.56,2026-09-29,2138,n,2.68,N
21.26401,72.94138,309.83,292.45,0.36,0.57,2026-09-29,2138,n,1.0,N
22.26718,75.13565,303.03,292.9,0.47,0.64,2026-09-29,2138,n,1.51,N
22.33992,69.85526,307.37,296.76,0.44,0.46,2026-09-29,2138,n,1.66,N
22.36373,73.11809,306.61,295.65,0.35,0.57,2026-09-29,2138,n,3.38,N
22.36388,73.11867,307.64,295.71,0.35,0.57,2026-09-29,2138,n,3.32,N
22.41619,69.03839,320.89,296.42,0.39,0.44,2026-09-29,2138,n,2.96,N
22.90718,69.69958,310.9,295.66,0.42,0.45,2026-09-29,2138,n,1.02,N
22.93284,69.70114,309.3,295.93,0.42,0.45,2026-09-29,2138,n,1.5,N
22.93364,69.69706,312.95,296.08,0.42,0.45,2026-09-29,2138,n,1.43,N
23.11472,70.08511,306.64,295.91,0.44,0.46,2026-09-29,2138,n,1.18,N
23.11894,70.08611,309.1,295.86,0.44,0.46,2026-09-29,2138,n,1.25,N
23.12253,70.08498,317.92,295.45,0.44,0.46,2026-09-29,2138,n,1.5,N
23.12316,70.08709,314.5,295.58,0.44,0.46,2026-09-29,2138,n,1.25,N
25.44352,97.31567,338.05,292.59,0.34,0.56,2026-09-29,608,n,2.13,D
25.4467,97.31372,336.79,292.72,0.34,0.56,2026-09-29,608,n,3.28,D
25.55583,96.56409,326.82,291.64,0.37,0.58,2026-09-29,608,n,2.18,D
25.8622,96.63002,336.08,293.7,0.36,0.58,2026-09-29,608,n,3.47,D
25.86656,96.62511,340.38,294.12,0.36,0.58,2026-09-29,608,n,8.03,D
25.86736,96.62861,367.0,295.34,0.36,0.58,2026-09-29,608,h,7.92,D
25.86816,96.63206,336.81,293.15,0.36,0.58,2026-09-29,608,n,7.92,D
26.36885,96.61267,326.73,293.37,0.36,0.57,2026-09-29,608,n,1.54,D
27.70373,96.19749,328.33,293.63,0.35,0.57,2026-09-29,608,n,1.77,D
27.75938,96.12536,352.02,296.43,0.35,0.57,2026-09-29,608,n,11.28,D
27.76019,96.12885,350.89,293.49,0.35,0.57,2026-09-29,608,n,11.28,D
27.78161,96.17458,326.84,293.7,0.35,0.57,2026-09-29,608,n,2.09,D
6.2087,80.85428,340.3,295.98,0.4,0.44,2026-09-29,744,n,3.23,D
6.26998,80.81895,334.32,294.8,0.4,0.44,2026-09-29,744,n,3.69,D
6.3382,80.85527,341.16,296.81,0.4,0.44,2026-09-29,744,n,6.1,D
6.35103,81.13634,334.37,295.92,0.38,0.43,2026-09-29,744,n,3.23,D
6.55959,81.00917,341.52,298.34,0.39,0.44,2026-09-29,744,n,3.48,D
6.58515,81.01558,336.06,298.84,0.39,0.44,2026-09-29,744,n,2.5,D
6.60585,81.21908,331.77,301.03,0.56,0.43,2026-09-29,744,n,3.56,D
7.18669,81.74257,335.72,297.55,0.51,0.41,2026-09-29,744,l,7.66,D
7.30504,81.75372,330.85,298.62,0.51,0.41,2026-09-29,744,l,7.12,D
7.86593,79.90137,331.74,296.26,0.43,0.46,2026-09-29,744,n,4.52,D
7.9283,80.06871,334.67,297.8,0.42,0.45,2026-09-29,744,n,2.15,D
7.95251,80.06062,330.27,296.18,0.42,0.45,2026-09-29,744,n,2.3,D
8.03135,80.062,342.18,283.12,0.42,0.45,2026-09-29,744,n,14.1,D
8.05402,80.14719,338.82,282.29,0.42,0.45,2026-09-29,744,n,4.16,D
8.10409,79.87289,341.61,292.53,0.43,0.46,2026-09-29,744,n,4.77,D
8.23071,80.18237,339.41,297.6,0.41,0.45,2026-09-29,744,n,4.71,D
8.23759,80.72263,330.94,295.16,0.57,0.43,2026-09-29,744,n,4.53,D
8.24131,80.76941,331.66,297.38,0.57,0.43,2026-09-29,744,n,4.16,D
8.27536,80.65558,336.13,296.61,0.38,0.43,2026-09-29,744,n,3.65,D
8.28692,80.56387,347.17,298.32,0.39,0.44,2026-09-29,744,n,5.08,D
8.30118,80.76441,337.23,297.04,0.57,0.43,2026-09-29,744,n,3.57,D
8.30945,80.64914,341.81,298.26,0.38,0.43,2026-09-29,744,n,4.59,D
8.36436,80.48608,336.18,296.98,0.39,0.44,2026-09-29,744,n,3.89,D
8.37656,80.27831,332.03,300.69,0.4,0.44,2026-09-29,744,n,3.62,D
8.42104,80.51949,350.14,302.89,0.39,0.44,2026-09-29,744,n,14.22,D
8.42969,80.54678,339.65,300.92,0.39,0.44,2026-09-29,744,n,5.25,D
8.44567,80.5691,336.64,299.71,0.39,0.44,2026-09-29,744,n,4.09,D
8.46851,80.73171,330.2,299.61,0.57,0.43,2026-09-29,744,n,2.94,D
8.48484,80.17716,354.94,299.51,0.41,0.45,2026-09-29,744,n,11.37,D
8.49177,80.16844,332.33,297.66,0.41,0.45,2026-09-29,744,n,2.13,D
8.49563,80.48837,343.75,300.98,0.39,0.44,2026-09-29,744,n,6.6,D
8.49866,80.23495,331.47,298.48,0.4,0.45,2026-09-29,744,n,1.39,D
8.5159,80.74982,331.15,301.0,0.56,0.43,2026-09-29,744,n,5.64,D
8.57673,80.32469,331.29,301.04,0.4,0.44,2026-09-29,744,n,5.03,D
8.64532,80.51244,343.12,295.25,0.39,0.44,2026-09-29,744,n,4.52,D
8.64927,80.70632,331.59,296.18,0.56,0.43,2026-09-29,744,n,3.4,D
8.76177,80.20799,330.77,299.77,0.4,0.44,2026-09-29,744,n,5.24,D
8.78926,77.69003,335.54,305.76,0.59,0.53,2026-09-29,744,l,4.65,D
8.82293,78.12508,330.35,298.18,0.55,0.51,2026-09-29,744,n,2.96,D
8.86704,78.15784,331.42,298.68,0.55,0.51,2026-09-29,744,n,4.78,D
8.88203,80.45733,339.84,297.47,0.39,0.44,2026-09-29,744,n,6.49,D
8.92473,77.4861,337.07,303.7,0.61,0.53,2026-09-29,744,n,5.86,D
8.92647,77.48721,343.48,303.15,0.61,0.53,2026-09-29,744,n,9.2,D
8.94205,80.06474,344.18,297.51,0.41,0.45,2026-09-29,744,n,7.62,D
8.94226,80.06449,341.01,297.3,0.41,0.45,2026-09-29,744,n,7.89,D
8.94268,80.06841,340.23,295.64,0.41,0.45,2026-09-29,744,n,7.62,D
8.94287,80.06815,343.09,295.86,0.41,0.45,2026-09-29,744,n,7.89,D
9.00094,80.06601,333.0,297.64,0.41,0.45,2026-09-29,744,n,2.24,D
9.21624,80.25036,339.95,299.3,0.39,0.44,2026-09-29,744,n,4.4,D
9.45077,80.37487,333.33,299.46,0.38,0.43,2026-09-29,744,n,2.48,D
9.68816,80.2757,331.72,300.02,0.39,0.44,2026-09-29,744,n,4.24,D
9.6946,78.82972,330.47,297.44,0.48,0.48,2026-09-29,744,n,2.34,D
9.88835,78.82493,334.78,298.04,0.47,0.48,2026-09-29,744,n,2.2,D
10.15889,78.61168,339.97,298.13,0.48,0.48,2026-09-29,744,n,4.34,D
10.53391,79.64426,332.39,303.0,0.41,0.45,2026-09-29,744,l,2.39,D
10.54987,79.61479,343.91,304.66,0.41,0.45,2026-09-29,744,n,3.52,D
10.64989,79.66122,331.95,300.07,0.41,0.45,2026-09-29,744,n,1.33,D
10.67371,78.76625,339.29,300.64,0.46,0.47,2026-09-29,744,n,3.92,D
10.72566,77.99836,335.75,299.1,0.52,0.5,2026-09-29,744,n,5.65,D
10.80482,78.70608,335.86,296.27,0.47,0.47,2026-09-29,744,n,2.31,D
10.91853,78.17508,332.18,295.58,0.5,0.49,2026-09-29,744,n,3.41,D
10.93981,79.12971,343.7,304.55,0.44,0.46,2026-09-29,744,n,4.39,D
11.25402,79.47878,333.7,297.27,0.41,0.45,2026-09-29,744,n,2.14,D
11.65912,78.41797,342.05,298.47,0.47,0.48,2026-09-29,744,n,4.32,D
11.75572,79.01936,330.21,300.13,0.43,0.46,2026-09-29,744,n,2.72,D
11.66898,78.16704,333.44,296.83,0.49,0.48,2026-09-29,746,n,2.13,D
11.70492,78.2152,336.75,297.26,0.48,0.48,2026-09-29,746,n,4.41,D
14.00939,79.78369,333.68,305.71,0.53,0.42,2026-09-29,746,l,4.96,D
14.07529,79.89146,336.2,301.67,0.53,0.42,2026-09-29,746,n,4.64,D
14.14442,79.79692,335.76,302.68,0.53,0.42,2026-09-29,746,n,3.06,D
14.25638,79.63275,330.01,301.83,0.54,0.42,2026-09-29,746,l,4.61,D
14.93597,78.32538,336.25,300.02,0.42,0.45,2026-09-29,746,n,4.63,D
15.04553,78.10429,336.4,301.35,0.43,0.46,2026-09-29,746,n,5.58,D
15.04969,78.10345,337.14,298.41,0.43,0.46,2026-09-29,746,n,3.17,D
15.11771,79.62009,351.06,312.0,0.53,0.42,2026-09-29,746,n,13.24,D
15.22657,78.61636,332.44,297.55,0.4,0.44,2026-09-29,746,n,2.61,D
15.25272,78.62293,338.99,302.09,0.4,0.44,2026-09-29,746,n,5.57,D
15.25339,78.62666,332.44,300.03,0.4,0.44,2026-09-29,746,n,5.57,D
15.4571,79.09087,330.02,302.99,0.56,0.43,2026-09-29,746,l,3.24,D
15.62222,79.86205,337.51,304.09,0.5,0.41,2026-09-29,746,n,5.26,D
16.29234,77.3502,331.34,297.58,0.46,0.47,2026-09-29,746,n,0.91,D
16.29464,77.3526,331.48,298.43,0.46,0.47,2026-09-29,746,n,1.07,D
16.35003,81.40497,339.82,302.4,0.42,0.38,2026-09-29,746,n,3.38,D
16.35042,81.40434,335.29,301.77,0.42,0.38,2026-09-29,746,n,3.08,D
16.57848,77.64194,330.31,297.88,0.44,0.46,2026-09-29,746,n,2.95,D
16.70156,76.84869,330.88,298.19,0.49,0.48,2026-09-29,746,n,3.46,D
17.59553,78.98637,332.0,298.95,0.53,0.42,2026-09-29,746,n,1.77,D
17.65134,79.25768,344.76,300.92,0.51,0.41,2026-09-29,746,n,11.03,D
17.78785,79.67275,332.41,298.14,0.48,0.4,2026-09-29,746,n,3.56,D
18.61534,83.2235,332.49,301.18,0.38,0.36,2026-09-29,746,n,2.49,D
18.78663,78.40167,333.4,303.41,0.54,0.42,2026-09-29,746,n,3.18,D
18.86722,78.39889,331.9,301.05,0.54,0.42,2026-09-29,746,n,4.02,D
19.09761,82.1674,338.71,307.94,0.39,0.36,2026-09-29,746,n,4.6,D
19.35904,83.93087,330.42,298.57,0.39,0.36,2026-09-29,746,n,1.38,D
20.53314,85.90697,331.99,292.45,0.46,0.39,2026-09-29,746,n,2.9,D
20.76124,85.29874,336.93,306.07,0.44,0.38,2026-09-29,748,n,6.64,D
20.79462,85.25541,335.5,302.9,0.43,0.38,2026-09-29,748,n,10.24,D
20.80569,85.25799,332.41,303.86,0.43,0.38,2026-09-29,748,l,5.38,D
20.86268,84.98952,338.43,299.83,0.43,0.38,2026-09-29,748,n,7.21,D
20.88634,84.98168,332.33,302.2,0.42,0.38,2026-09-29,748,n,4.5,D
20.96212,85.18442,332.24,302.91,0.43,0.38,2026-09-29,748,l,5.82,D
20.96268,85.18859,346.68,307.12,0.43,0.38,2026-09-29,748,n,5.82,D
20.96392,85.17146,335.19,303.19,0.43,0.38,2026-09-29,748,n,7.07,D
20.96797,85.17506,347.45,304.35,0.43,0.38,2026-09-29,748,n,9.06,D
20.97496,85.17401,331.06,302.44,0.43,0.38,2026-09-29,748,l,2.55,D
20.98032,85.13517,330.22,301.25,0.43,0.38,2026-09-29,748,l,3.28,D
21.04826,80.82903,332.27,305.36,0.4,0.37,2026-09-29,748,l,5.18,D
21.07859,85.03606,344.01,305.93,0.43,0.38,2026-09-29,748,n,8.17,D
21.09685,72.71104,334.39,293.64,0.37,0.58,2026-09-29,748,n,2.92,D
21.67659,84.03939,333.93,305.84,0.4,0.37,2026-09-29,748,l,5.98,D
21.74679,83.8428,338.19,301.5,0.4,0.37,2026-09-29,748,n,4.06,D
21.92001,83.35057,343.04,308.13,0.39,0.36,2026-09-29,748,n,5.5,D
21.92333,83.35001,333.6,304.71,0.39,0.36,2026-09-29,748,l,3.86,D
21.98388,83.23184,330.01,303.83,0.39,0.36,2026-09-29,748,l,1.93,D
22.01636,83.75478,335.09,306.01,0.4,0.37,2026-09-29,748,l,5.18,D
22.03896,83.73139,339.58,306.72,0.4,0.37,2026-09-29,748,n,4.25,D
22.04231,83.73085,335.34,303.85,0.4,0.37,2026-09-29,748,n,4.25,D
22.31907,82.56245,332.26,302.04,0.38,0.36,2026-09-29,748,n,3.19,D
22.32297,82.58841,342.38,298.56,0.39,0.36,2026-09-29,748,n,6.03,D
22.35728,82.30122,335.66,305.37,0.38,0.36,2026-09-29,748,n,5.26,D
22.35785,82.30492,337.85,307.36,0.38,0.36,2026-09-29,748,n,5.26,D
22.37796,87.27955,343.75,302.5,0.57,0.43,2026-09-29,748,n,11.43,D
22.49149,76.73888,341.46,304.13,0.39,0.44,2026-09-29,748,n,2.83,D
22.5474,75.42942,341.94,309.16,0.47,0.48,2026-09-29,748,n,3.14,D
22.59205,76.71364,331.02,305.65,0.39,0.44,2026-09-29,748,l,1.32,D
22.72738,75.43676,338.3,308.15,0.46,0.47,2026-09-29,748,n,3.46,D
22.75153,76.07218,340.14,308.58,0.42,0.46,2026-09-29,748,n,3.76,D
22.79021,76.44679,332.19,306.95,0.4,0.44,2026-09-29,748,l,1.93,D
22.81262,75.20267,338.75,309.0,0.48,0.48,2026-09-29,748,n,3.51,D
23.04185,75.87617,333.34,307.88,0.43,0.46,2026-09-29,748,l,0.91,D
23.08401,76.44513,334.4,308.51,0.4,0.44,2026-09-29,748,l,2.03,D
23.09866,76.14652,333.83,308.59,0.41,0.45,2026-09-29,748,n,2.53,D
23.16474,82.33713,330.58,301.8,0.38,0.36,2026-09-29,748,n,3.41,D
23.1653,82.34086,339.74,304.31,0.38,0.36,2026-09-29,748,n,6.23,D
23.28979,92.81496,327.92,284.43,0.43,0.62,2026-09-29,748,n,3.02,D
23.55724,87.23998,343.69,295.35,0.39,0.44,2026-09-29,748,n,4.7,D
23.67652,86.39893,331.26,298.23,0.52,0.42,2026-09-29,748,n,7.82,D
23.67957,86.08732,331.11,296.56,0.51,0.41,2026-09-29,748,n,6.06,D
23.68019,86.09227,334.37,296.16,0.51,0.41,2026-09-29,748,n,6.22,D
23.68081,86.09723,334.3,294.23,0.51,0.41,2026-09-29,748,n,6.22,D
23.68351,86.39266,329.93,296.95,0.52,0.42,2026-09-29,748,n,4.97,D
23.68709,86.08624,333.06,294.6,0.51,0.41,2026-09-29,748,n,3.89,D
23.77962,86.21001,345.24,296.18,0.51,0.41,2026-09-29,748,n,5.76,D
23.77984,86.21276,334.11,296.45,0.51,0.41,2026-09-29,748,n,3.68,D
27.74186,96.28973,333.83,290.07,0.78,0.78,2026-09-29,748,n,8.48,D
27.74904,96.32979,327.23,289.68,0.79,0.78,2026-09-29,748,n,8.44,D
27.75081,96.329,327.7,290.18,0.79,0.78,2026-09-29,748,n,5.8,D
25.65714,72.23977,346.83,305.39,0.32,0.55,2026-09-29,750,n,5.84,D
25.65765,72.23819,330.29,303.71,0.32,0.55,2026-09-29,750,n,4.63,D
25.6578,72.24281,343.83,299.6,0.32,0.55,2026-09-29,750,n,4.54,D
25.65833,72.24123,367.0,299.51,0.32,0.54,2026-09-29,750,h,4.88,D
26.52156,77.69675,331.11,304.45,0.46,0.39,2026-09-29,750,n,1.95,D
26.91471,81.05251,331.98,298.76,0.38,0.36,2026-09-29,750,n,4.74,D
26.91529,81.05634,342.89,300.56,0.38,0.36,2026-09-29,750,n,5.48,D
28.19149,77.61999,331.89,301.88,0.44,0.38,2026-09-29,750,n,1.61,D
28.19499,77.61921,330.03,301.18,0.44,0.38,2026-09-29,750,l,1.94,D
28.24633,76.66773,335.16,303.52,0.48,0.4,2026-09-29,750,n,3.07,D
28.62781,76.15293,337.69,305.75,0.5,0.41,2026-09-29,750,n,3.94,D
28.6315,76.15203,338.55,305.3,0.5,0.41,2026-09-29,750,n,5.92,D
29.53447,74.48869,334.41,300.35,0.39,0.44,2026-09-29,750,n,3.09,D
29.62198,77.99657,331.7,300.4,0.42,0.37,2026-09-29,750,n,2.5,D
29.87124,77.74375,342.16,300.37,0.42,0.38,2026-09-29,750,n,3.09,D
30.05832,73.25651,339.52,296.4,0.45,0.47,2026-09-29,750,n,3.5,D
30.48381,73.68839,341.0,299.1,0.42,0.45,2026-09-29,750,n,8.87,D
30.56248,73.98853,338.33,299.61,0.4,0.44,2026-09-29,750,n,2.07,D
30.829,73.80161,352.45,303.86,0.41,0.45,2026-09-29,750,n,15.1,D
30.85542,73.95421,343.8,301.07,0.4,0.44,2026-09-29,750,n,3.57,D
30.85627,73.95464,340.2,301.77,0.4,0.44,2026-09-29,750,n,3.6,D
30.94599,76.82039,354.26,299.96,0.44,0.38,2026-09-29,750,n,14.7,D
31.10948,74.64301,331.2,304.59,0.54,0.42,2026-09-29,750,n,2.34,D
31.11901,72.06223,330.65,297.6,0.5,0.49,2026-09-29,750,n,2.63,D
31.20181,74.55953,332.09,300.46,0.55,0.43,2026-09-29,750,n,2.89,D
31.40313,75.06059,336.14,305.01,0.51,0.41,2026-09-29,750,n,3.93,D
31.4032,75.05873,336.19,303.69,0.51,0.41,2026-09-29,750,n,3.54,D
31.52016,74.02271,341.41,301.82,0.38,0.44,2026-09-29,750,n,4.54,D
31.63489,74.93806,345.55,305.97,0.52,0.41,2026-09-29,750,n,6.29,D
31.64517,74.99128,334.51,305.36,0.51,0.41,2026-09-29,750,n,3.28,D
31.67799,74.9994,335.77,307.32,0.51,0.41,2026-09-29,750,n,3.23,D
31.73813,73.7951,332.85,301.27,0.39,0.44,2026-09-29,750,n,2.32,D
31.76988,75.0891,331.94,302.67,0.51,0.41,2026-09-29,750,n,3.3,D
31.77913,74.79035,330.55,304.07,0.52,0.42,2026-09-29,750,n,2.58,D
31.78327,74.22134,340.27,302.45,0.56,0.43,2026-09-29,750,n,7.81,D
31.78347,74.22315,337.95,300.67,0.56,0.43,2026-09-29,750,n,11.4,D
31.78713,74.22029,338.04,302.91,0.56,0.43,2026-09-29,750,n,8.85,D
31.78733,74.2221,342.88,304.36,0.56,0.43,2026-09-29,750,n,11.4,D
31.80175,74.06958,333.33,302.46,0.57,0.43,2026-09-29,750,n,5.51,D
31.87343,74.79098,331.19,301.17,0.52,0.42,2026-09-29,750,n,2.84,D
31.9014,74.13927,339.82,304.06,0.56,0.43,2026-09-29,750,n,7.85,D
31.91951,73.86031,347.78,304.0,0.39,0.44,2026-09-29,750,n,7.3,D
31.92376,73.62509,332.51,300.02,0.4,0.44,2026-09-29,750,n,3.05,D
31.95382,74.96368,332.6,301.69,0.51,0.41,2026-09-29,750,n,3.32,D
31.98582,73.9104,330.43,301.47,0.57,0.43,2026-09-29,750,n,6.49,D
31.98701,73.91632,330.61,298.03,0.57,0.43,2026-09-29,750,n,6.49,D
32.17649,73.94369,335.19,301.8,0.57,0.43,2026-09-29,750,n,6.7,D
32.1765,73.94708,330.97,300.23,0.57,0.43,2026-09-29,750,n,4.41,D
32.18039,73.94601,335.64,302.83,0.57,0.43,2026-09-29,750,n,5.34,D
32.21074,73.83167,332.1,301.01,0.57,0.43,2026-09-29,750,n,7.13,D
32.2237,73.79349,332.5,302.4,0.38,0.43,2026-09-29,750,n,2.94,D
33.80534,74.93096,330.67,300.27,0.48,0.4,2026-09-29,752,n,2.47,D
33.80629,74.93597,325.65,300.53,0.48,0.4,2026-09-29,752,l,2.3,D
36.99935,80.19151,298.51,285.96,0.39,0.44,2026-09-29,2012,n,0.96,N
25.54339,91.23318,299.08,285.61,0.56,0.51,2026-09-29,2014,n,0.5,N
26.52332,89.18643,307.29,294.87,0.4,0.44,2026-09-29,2014,n,0.81,N
26.75937,83.20023,308.39,296.61,0.38,0.36,2026-09-29,2014,n,1.0,N
27.37572,95.08583,305.89,288.77,0.43,0.62,2026-09-29,2014,n,0.45,N
27.38053,95.33327,306.05,283.52,0.45,0.63,2026-09-29,2014,n,1.38,N
28.34634,77.25459,306.72,294.33,0.44,0.46,2026-09-29,2014,n,0.62,N
28.66267,77.57812,304.26,294.22,0.43,0.46,2026-09-29,2014,n,0.54,N
29.08673,88.00874,298.73,275.59,0.48,0.4,2026-09-29,2014,n,1.64,N
29.37634,91.14913,301.81,281.9,0.46,0.47,2026-09-29,2014,n,1.36,N
29.7604,77.73344,302.86,292.65,0.43,0.46,2026-09-29,2014,n,0.63,N
30.94879,97.36015,297.06,283.35,0.49,0.65,2026-09-29,2014,n,0.91,N
32.28999,70.73421,300.98,290.96,0.6,0.7,2026-09-29,2014,n,1.08,N
32.48594,75.34841,301.21,290.87,0.32,0.55,2026-09-29,2014,n,0.38,N
33.29992,71.18241,312.92,289.71,0.57,0.69,2026-09-29,2014,n,1.82,N
33.68899,72.70959,302.87,291.55,0.47,0.64,2026-09-29,2014,n,0.84,N
33.84776,75.55185,326.18,278.58,0.32,0.55,2026-09-29,2014,n,2.15,N
33.8481,75.54721,309.86,275.63,0.32,0.55,2026-09-29,2014,n,2.15,N
34.59275,73.72616,301.84,284.23,0.42,0.61,2026-09-29,2014,n,1.49,N
15.17335,76.68999,303.99,280.27,0.5,0.41,2026-09-29,2017,n,0.96,N
15.17785,76.6576,307.27,286.47,0.5,0.41,2026-09-29,2017,n,2.88,N
15.1803,76.66738,310.25,285.97,0.5,0.41,2026-09-29,2017,n,1.98,N
15.18339,76.67255,306.1,284.85,0.5,0.41,2026-09-29,2017,n,3.37,N
15.18403,76.66793,316.69,283.73,0.5,0.41,2026-09-29,2017,n,1.98,N
15.18906,76.65923,302.6,284.59,0.5,0.41,2026-09-29,2017,n,1.98,N
15.68571,78.45859,306.72,294.85,0.42,0.38,2026-09-29,2017,n,1.08,N
15.91503,77.36149,305.96,293.16,0.47,0.4,2026-09-29,2017,n,1.79,N
16.36152,81.28519,310.78,296.35,0.39,0.36,2026-09-29,2017,n,0.25,N
16.54608,79.75668,308.14,296.09,0.39,0.36,2026-09-29,2017,n,0.82,N
16.81078,79.91611,308.68,297.6,0.39,0.36,2026-09-29,2017,n,0.96,N
16.87224,80.02306,308.84,296.51,0.39,0.36,2026-09-29,2017,n,0.47,N
18.86354,83.56973,309.01,293.52,0.42,0.37,2026-09-29,2017,n,0.97,N
18.86357,83.57063,307.05,293.27,0.42,0.37,2026-09-29,2017,n,0.96,N
19.09407,82.16978,312.94,296.2,0.39,0.36,2026-09-29,2017,n,1.6,N
19.0981,82.1664,321.87,293.88,0.39,0.36,2026-09-29,2017,n,2.62,N
19.10471,82.16759,307.49,295.04,0.39,0.36,2026-09-29,2017,n,1.11,N
19.1053,82.16395,317.12,293.29,0.39,0.36,2026-09-29,2017,n,0.63,N
19.72263,79.17379,310.13,295.18,0.43,0.38,2026-09-29,2017,n,1.07,N
19.78872,79.14558,305.59,293.94,0.43,0.38,2026-09-29,2017,n,0.76,N
19.80267,78.86632,305.7,294.92,0.44,0.38,2026-09-29,2017,n,0.65,N
19.81803,79.33649,312.69,294.08,0.42,0.38,2026-09-29,2017,n,1.23,N
19.92923,79.12043,305.79,294.91,0.43,0.38,2026-09-29,2017,n,1.02,N
19.96232,79.33381,314.99,293.35,0.42,0.38,2026-09-29,2017,n,1.48,N
19.96459,79.33292,311.28,293.24,0.42,0.38,2026-09-29,2017,n,0.98,N
20.53217,85.90509,309.04,292.58,0.5,0.41,2026-09-29,2017,n,1.78,N
20.5334,85.90805,307.09,292.78,0.5,0.41,2026-09-29,2017,n,1.63,N
20.76115,85.29979,308.22,294.58,0.46,0.39,2026-09-29,2017,n,1.84,N
20.76193,85.29544,320.15,295.31,0.46,0.39,2026-09-29,2017,n,1.84,N
20.76272,85.29106,307.38,294.14,0.46,0.39,2026-09-29,2017,n,1.4,N
20.78255,85.26324,304.95,292.99,0.46,0.39,2026-09-29,2017,n,0.93,N
20.78613,85.26395,320.57,295.04,0.46,0.39,2026-09-29,2017,n,2.87,N
20.79564,85.2522,330.91,294.52,0.46,0.39,2026-09-29,2017,n,2.98,N
20.80557,85.25877,312.06,294.89,0.46,0.39,2026-09-29,2017,n,1.78,N
20.80635,85.25439,310.23,294.48,0.46,0.39,2026-09-29,2017,n,1.69,N
20.80992,85.25513,310.58,294.35,0.46,0.39,2026-09-29,2017,n,1.42,N
20.86371,84.99262,317.57,294.54,0.45,0.39,2026-09-29,2017,n,3.41,N
20.86447,84.98831,332.26,294.93,0.45,0.39,2026-09-29,2017,n,4.63,N
20.87077,84.99401,320.94,294.67,0.45,0.39,2026-09-29,2017,n,3.06,N
20.88712,84.98407,309.21,294.03,0.45,0.39,2026-09-29,2017,n,1.71,N
20.88787,84.9798,318.7,293.53,0.45,0.39,2026-09-29,2017,n,1.71,N
20.91094,71.45554,305.42,292.26,0.42,0.61,2026-09-29,2017,n,1.01,N
20.91326,71.45761,305.91,292.45,0.42,0.61,2026-09-29,2017,n,0.92,N
20.95355,86.04295,318.17,292.78,0.5,0.41,2026-09-29,2017,n,2.32,N
20.95538,85.00982,306.04,293.46,0.45,0.39,2026-09-29,2017,n,2.51,N
20.96122,85.18466,306.33,293.58,0.46,0.39,2026-09-29,2017,n,2.12,N
20.96351,85.17165,318.31,293.71,0.46,0.39,2026-09-29,2017,n,1.95,N
20.96401,85.18974,327.19,295.69,0.46,0.39,2026-09-29,2017,n,4.01,N
20.96426,86.00578,323.71,292.96,0.5,0.41,2026-09-29,2017,n,2.76,N
20.96427,85.16734,319.92,294.28,0.46,0.39,2026-09-29,2017,n,1.63,N
20.96478,85.18539,330.45,294.07,0.46,0.39,2026-09-29,2017,n,2.12,N
20.96503,85.16302,308.11,293.48,0.46,0.39,2026-09-29,2017,n,1.63,N
20.96513,86.00105,313.01,292.16,0.5,0.41,2026-09-29,2017,n,2.76,N
20.96554,85.18104,310.25,293.53,0.46,0.39,2026-09-29,2017,n,2.12,N
20.9663,85.1767,312.73,293.68,0.46,0.39,2026-09-29,2017,n,1.95,N
20.96655,85.15438,311.3,292.68,0.46,0.39,2026-09-29,2017,n,2.05,N
20.96706,85.17239,312.73,293.24,0.46,0.39,2026-09-29,2017,n,1.95,N
20.96708,86.0113,331.06,293.61,0.5,0.41,2026-09-29,2017,n,6.22,N
20.96782,85.16807,311.41,293.34,0.46,0.39,2026-09-29,2017,n,1.63,N
20.96985,85.17743,313.43,293.37,0.46,0.39,2026-09-29,2017,n,2.87,N
20.97062,85.17311,341.67,295.0,0.46,0.39,2026-09-29,2017,n,2.87,N
20.97252,86.00261,312.21,293.63,0.5,0.41,2026-09-29,2017,n,2.79,N
20.97416,85.17383,309.72,293.61,0.46,0.39,2026-09-29,2017,n,2.87,N
20.97743,85.13422,307.96,293.87,0.45,0.39,2026-09-29,2017,n,1.96,N
20.97847,85.17024,323.45,293.99,0.46,0.39,2026-09-29,2017,n,2.77,N
20.98098,85.13494,318.75,294.12,0.45,0.39,2026-09-29,2017,n,1.96,N
21.07451,85.03581,309.97,295.04,0.45,0.39,2026-09-29,2017,n,1.97,N
21.07728,85.04079,308.87,293.45,0.45,0.39,2026-09-29,2017,n,3.06,N
21.07803,85.03653,327.57,295.71,0.45,0.39,2026-09-29,2017,n,1.97,N
21.07878,85.03226,310.85,293.88,0.45,0.39,2026-09-29,2017,n,1.97,N
21.08156,85.03724,305.93,293.51,0.45,0.39,2026-09-29,2017,n,1.26,N
21.08231,85.03297,319.13,293.05,0.45,0.39,2026-09-29,2017,n,1.26,N
21.10051,72.6331,308.63,293.14,0.35,0.57,2026-09-29,2017,n,0.92,N
21.10467,72.64394,331.39,293.49,0.35,0.57,2026-09-29,2017,n,2.6,N
21.10501,72.64459,327.23,293.81,0.35,0.57,2026-09-29,2017,n,2.31,N
21.10534,72.64119,309.71,293.2,0.35,0.57,2026-09-29,2017,n,4.59,N
21.10575,72.63374,348.66,293.63,0.35,0.57,2026-09-29,2017,n,2.3,N
21.10601,72.63437,343.77,293.89,0.35,0.57,2026-09-29,2017,n,1.94,N
21.10991,72.64457,322.75,294.04,0.35,0.57,2026-09-29,2017,n,2.6,N
21.11025,72.64523,313.87,294.1,0.35,0.57,2026-09-29,2017,n,2.31,N
21.11099,72.63436,311.13,294.51,0.35,0.57,2026-09-29,2017,n,2.3,N
21.11126,72.63501,309.46,294.26,0.35,0.57,2026-09-29,2017,n,1.94,N
21.11135,72.63095,317.51,294.14,0.35,0.57,2026-09-29,2017,n,2.3,N
21.11159,72.63159,316.26,294.37,0.35,0.57,2026-09-29,2017,n,1.94,N
21.18016,81.38789,308.72,295.88,0.39,0.36,2026-09-29,2017,n,1.09,N
21.18073,81.38419,313.42,296.43,0.39,0.36,2026-09-29,2017,n,1.39,N
21.18346,81.38847,313.2,296.12,0.39,0.36,2026-09-29,2017,n,1.09,N
21.18403,81.38477,330.09,296.61,0.39,0.36,2026-09-29,2017,n,1.39,N
21.1846,81.38107,307.57,295.08,0.39,0.36,2026-09-29,2017,n,1.39,N
21.18677,81.38904,330.42,297.59,0.39,0.36,2026-09-29,2017,n,3.32,N
21.19338,81.3902,311.66,296.88,0.39,0.36,2026-09-29,2017,n,1.34,N
21.19383,81.40926,305.41,294.29,0.39,0.36,2026-09-29,2017,n,0.27,N
21.196,81.41723,334.81,295.89,0.39,0.36,2026-09-29,2017,n,3.71,N
21.23322,79.62959,312.31,296.07,0.42,0.38,2026-09-29,2017,n,1.83,N
21.24212,79.23083,305.96,293.85,0.44,0.38,2026-09-29,2017,n,0.85,N
21.24331,79.22242,309.63,293.59,0.44,0.38,2026-09-29,2017,n,1.43,N
21.24683,79.22299,314.12,295.36,0.44,0.38,2026-09-29,2017,n,1.43,N
21.24862,79.21035,308.99,293.71,0.44,0.38,2026-09-29,2017,n,1.28,N
21.29447,81.59366,306.69,294.82,0.39,0.36,2026-09-29,2017,n,0.64,N
21.29935,81.60588,313.02,294.93,0.39,0.36,2026-09-29,2017,n,0.79,N
21.31211,81.5892,306.63,295.23,0.39,0.36,2026-09-29,2017,n,0.32,N
21.33619,78.96964,314.05,293.99,0.45,0.39,2026-09-29,2017,n,1.5,N
21.33679,78.96531,312.06,293.2,0.45,0.39,2026-09-29,2017,n,1.5,N
21.34408,81.66681,316.32,295.17,0.39,0.36,2026-09-29,2017,n,1.62,N
21.36375,81.65089,311.54,295.91,0.39,0.36,2026-09-29,2017,n,1.28,N
21.36634,81.67786,308.23,295.72,0.39,0.36,2026-09-29,2017,n,0.73,N
21.37133,81.44792,307.32,295.03,0.39,0.36,2026-09-29,2017,n,0.54,N
21.37536,81.64159,311.08,295.89,0.39,0.36,2026-09-29,2017,n,0.74,N
21.37623,81.67963,316.88,296.88,0.39,0.36,2026-09-29,2017,n,1.92,N
21.43306,72.97411,306.42,293.01,0.34,0.56,2026-09-29,2017,n,0.48,N
21.50234,81.80793,307.42,294.95,0.38,0.36,2026-09-29,2017,n,0.56,N
21.54523,81.94691,308.31,295.93,0.38,0.36,2026-09-29,2017,n,0.73,N
21.57762,82.02084,307.27,295.95,0.38,0.36,2026-09-29,2017,n,0.85,N
21.60496,81.82518,306.36,295.31,0.38,0.36,2026-09-29,2017,n,0.36,N
21.67975,84.03979,317.73,296.7,0.41,0.37,2026-09-29,2017,n,3.21,N
21.68313,84.04047,308.24,295.43,0.41,0.37,2026-09-29,2017,n,1.69,N
21.73082,82.21453,313.19,297.14,0.38,0.36,2026-09-29,2017,n,0.9,N
21.7408,83.84293,308.88,295.58,0.4,0.37,2026-09-29,2017,n,1.84,N
21.74416,83.84359,310.5,295.87,0.4,0.37,2026-09-29,2017,n,2.0,N
21.74752,83.84425,312.38,296.15,0.4,0.37,2026-09-29,2017,n,2.0,N
21.74817,83.84037,329.69,295.34,0.4,0.37,2026-09-29,2017,n,2.0,N
21.75099,83.97585,315.36,294.97,0.41,0.37,2026-09-29,2017,n,2.17,N
21.75166,83.97194,313.24,294.37,0.41,0.37,2026-09-29,2017,n,1.69,N
21.75489,83.84169,330.12,297.2,0.4,0.37,2026-09-29,2017,n,4.22,N
21.75825,83.84234,313.66,295.55,0.4,0.37,2026-09-29,2017,n,1.86,N
21.75877,83.8185,306.5,294.62,0.4,0.37,2026-09-29,2017,n,0.73,N
21.76032,83.85073,313.74,295.09,0.4,0.37,2026-09-29,2017,n,1.66,N
21.76097,83.84686,313.64,294.52,0.4,0.37,2026-09-29,2017,n,1.86,N
21.762,83.84995,318.37,295.92,0.4,0.37,2026-09-29,2017,n,2.81,N
21.76266,83.84608,318.1,295.33,0.4,0.37,2026-09-29,2017,n,2.14,N
21.7646,84.01872,318.63,296.7,0.41,0.37,2026-09-29,2017,n,3.67,N
21.76798,84.01938,321.02,296.53,0.41,0.37,2026-09-29,2017,n,2.73,N
21.79843,83.88091,310.57,294.46,0.4,0.37,2026-09-29,2017,n,2.11,N
21.80271,82.03811,309.22,295.27,0.38,0.36,2026-09-29,2017,n,0.73,N
21.82389,83.99803,308.35,294.44,0.41,0.37,2026-09-29,2017,n,1.52,N
21.84065,83.9812,307.27,294.72,0.41,0.37,2026-09-29,2017,n,0.73,N
21.85794,83.96764,306.16,294.7,0.41,0.37,2026-09-29,2017,n,1.35,N
21.87663,83.49687,311.02,294.75,0.4,0.37,2026-09-29,2017,n,1.68,N
21.87716,83.55572,311.83,293.94,0.4,0.37,2026-09-29,2017,n,0.92,N
21.88844,83.55,312.0,293.46,0.4,0.37,2026-09-29,2017,n,1.01,N
21.91768,83.35262,309.18,294.82,0.39,0.36,2026-09-29,2017,n,0.98,N
21.921,83.35325,329.99,297.32,0.39,0.36,2026-09-29,2017,n,3.74,N
21.92162,83.34948,334.48,298.51,0.39,0.36,2026-09-29,2017,n,2.71,N
21.92494,83.35011,314.83,295.83,0.39,0.36,2026-09-29,2017,n,2.71,N
21.92592,85.22404,312.15,292.09,0.45,0.39,2026-09-29,2017,n,2.12,N
21.93019,85.22045,301.06,290.08,0.45,0.39,2026-09-29,2017,n,1.21,N
21.9546,83.80659,306.55,295.17,0.4,0.37,2026-09-29,2017,n,0.94,N
21.96374,83.77262,308.37,295.26,0.4,0.37,2026-09-29,2017,n,1.1,N
21.98475,83.23293,324.52,296.85,0.39,0.36,2026-09-29,2017,n,2.6,N
21.9869,82.01379,308.7,295.06,0.38,0.36,2026-09-29,2017,n,0.75,N
22.00516,82.66969,322.3,297.05,0.39,0.36,2026-09-29,2017,n,2.31,N
22.01377,83.7541,306.64,294.32,0.4,0.37,2026-09-29,2017,n,0.96,N
22.01711,83.75475,311.8,295.79,0.4,0.37,2026-09-29,2017,n,1.35,N
22.01776,83.75089,307.65,295.7,0.4,0.37,2026-09-29,2017,n,1.36,N
22.01839,83.33999,310.28,295.04,0.39,0.36,2026-09-29,2017,n,0.91,N
22.03127,83.36575,309.77,295.39,0.39,0.36,2026-09-29,2017,n,1.56,N
22.03313,83.35442,305.49,294.6,0.39,0.36,2026-09-29,2017,n,0.78,N
22.03708,83.35129,314.89,295.77,0.39,0.36,2026-09-29,2017,n,1.16,N
22.03836,83.73114,312.05,296.37,0.4,0.37,2026-09-29,2017,n,1.02,N
22.03901,83.72731,305.88,294.72,0.4,0.37,2026-09-29,2017,n,1.02,N
22.0404,83.35191,310.09,294.88,0.39,0.36,2026-09-29,2017,n,1.16,N
22.04107,83.73562,307.06,295.11,0.4,0.37,2026-09-29,2017,n,1.83,N
22.04171,83.73179,308.43,295.32,0.4,0.37,2026-09-29,2017,n,1.31,N
22.04235,83.72796,318.29,295.15,0.4,0.37,2026-09-29,2017,n,1.31,N
22.05494,88.12339,313.81,289.81,0.42,0.45,2026-09-29,2017,n,3.01,N
22.0669,83.70503,318.57,294.72,0.4,0.37,2026-09-29,2017,n,1.67,N
22.13458,85.38331,304.21,290.61,0.45,0.39,2026-09-29,2017,n,0.92,N
22.20338,84.57899,305.75,294.61,0.42,0.38,2026-09-29,2017,n,0.72,N
22.20756,84.86225,329.52,295.48,0.43,0.38,2026-09-29,2017,n,3.19,N
22.20827,84.85813,311.88,294.49,0.43,0.38,2026-09-29,2017,n,2.54,N
22.20828,84.55077,311.83,295.18,0.42,0.38,2026-09-29,2017,n,1.16,N
22.21101,84.86295,313.68,295.91,0.43,0.38,2026-09-29,2017,n,1.58,N
22.21376,84.86777,309.14,294.54,0.43,0.38,2026-09-29,2017,n,1.58,N
22.21458,84.84239,323.87,295.24,0.43,0.38,2026-09-29,2017,n,2.51,N
22.21915,84.75423,313.64,296.18,0.43,0.38,2026-09-29,2017,n,2.01,N
22.22188,84.75901,310.65,296.0,0.43,0.38,2026-09-29,2017,n,1.65,N
22.2233,84.75085,306.8,295.61,0.43,0.38,2026-09-29,2017,n,1.28,N
22.3133,82.53119,309.48,294.61,0.38,0.36,2026-09-29,2017,n,1.97,N
22.31529,84.76833,306.08,295.11,0.43,0.38,2026-09-29,2017,n,0.95,N
22.316,82.5355,305.87,294.89,0.38,0.36,2026-09-29,2017,n,0.64,N
22.31844,82.56261,315.24,297.13,0.38,0.36,2026-09-29,2017,n,1.63,N
22.31903,82.55891,316.08,295.14,0.38,0.36,2026-09-29,2017,n,1.63,N
22.32088,82.58972,321.94,295.36,0.38,0.36,2026-09-29,2017,n,1.69,N
22.32173,82.56322,315.51,296.29,0.38,0.36,2026-09-29,2017,n,1.53,N
22.32569,82.60204,306.64,295.24,0.38,0.36,2026-09-29,2017,n,0.98,N
22.33168,82.60696,312.53,295.47,0.38,0.36,2026-09-29,2017,n,1.28,N
22.33227,82.60326,309.88,294.4,0.38,0.36,2026-09-29,2017,n,1.45,N
22.3563,82.30316,314.94,296.62,0.38,0.36,2026-09-29,2017,n,2.13,N
22.35951,87.29063,306.82,285.99,0.56,0.43,2026-09-29,2017,n,2.2,N
22.35959,82.30376,313.92,297.01,0.38,0.36,2026-09-29,2017,n,2.13,N
22.36018,82.30006,331.79,296.07,0.38,0.36,2026-09-29,2017,n,2.13,N
22.36523,87.30296,307.71,287.76,0.56,0.43,2026-09-29,2017,n,2.1,N
22.36596,87.01807,311.12,289.7,0.54,0.42,2026-09-29,2017,n,1.53,N
22.36619,73.1121,307.46,295.86,0.34,0.56,2026-09-29,2017,n,2.82,N
22.36625,87.29763,307.34,287.42,0.56,0.43,2026-09-29,2017,n,2.32,N
22.37013,87.29848,313.67,287.39,0.56,0.43,2026-09-29,2017,n,2.05,N
22.37807,87.27811,328.11,289.48,0.55,0.43,2026-09-29,2017,n,5.04,N
22.38869,87.28596,304.84,287.78,0.56,0.43,2026-09-29,2017,n,1.42,N
22.41958,69.03594,305.63,293.98,0.62,0.71,2026-09-29,2017,n,1.25,N
22.57509,85.8959,313.2,293.23,0.47,0.4,2026-09-29,2017,n,1.4,N
22.5759,85.8914,309.4,292.58,0.47,0.4,2026-09-29,2017,n,1.4,N
22.58867,85.90345,306.64,292.17,0.47,0.4,2026-09-29,2017,n,1.5,N
22.60991,85.91509,306.16,292.35,0.47,0.4,2026-09-29,2017,n,0.93,N
22.79221,86.19576,308.2,292.1,0.48,0.4,2026-09-29,2017,n,3.2,N
22.79778,86.20657,321.54,292.06,0.48,0.4,2026-09-29,2017,n,2.87,N
22.80076,86.08785,318.06,291.05,0.48,0.4,2026-09-29,2017,n,1.88,N
22.81245,86.08555,305.83,290.73,0.48,0.4,2026-09-29,2017,n,1.39,N
22.81719,86.03919,324.32,292.62,0.47,0.4,2026-09-29,2017,n,1.83,N
22.87327,86.06057,311.33,289.86,0.47,0.4,2026-09-29,2017,n,1.75,N
22.93216,69.69979,327.32,294.58,0.57,0.69,2026-09-29,2017,n,2.04,N
22.9326,69.69412,304.72,294.68,0.57,0.69,2026-09-29,2017,n,2.04,N
22.96408,85.99797,306.27,291.89,0.47,0.4,2026-09-29,2017,n,0.89,N
23.16373,82.33694,314.34,293.88,0.38,0.36,2026-09-29,2017,n,1.2,N
23.16644,82.34126,336.4,296.23,0.38,0.36,2026-09-29,2017,n,2.22,N
23.16702,82.33753,307.81,294.08,0.38,0.36,2026-09-29,2017,n,2.22,N
23.55494,87.24171,307.1,292.72,0.53,0.42,2026-09-29,2017,n,1.77,N
23.55822,87.23955,331.0,292.71,0.53,0.42,2026-09-29,2017,n,4.81,N
23.55873,87.24257,305.02,291.97,0.53,0.42,2026-09-29,2017,n,1.77,N
23.55967,87.23746,324.54,292.58,0.53,0.42,2026-09-29,2017,n,1.77,N
23.56048,87.0849,310.6,291.95,0.52,0.41,2026-09-29,2017,n,2.56,N
23.58069,86.72651,305.42,290.37,0.5,0.41,2026-09-29,2017,n,0.71,N
23.61157,87.14571,307.1,291.56,0.52,0.42,2026-09-29,2017,n,1.33,N
23.64666,85.43906,317.84,294.46,0.44,0.38,2026-09-29,2017,n,2.11,N
23.6474,85.43481,306.03,292.93,0.44,0.38,2026-09-29,2017,n,1.16,N
23.65088,85.43552,310.97,293.89,0.44,0.38,2026-09-29,2017,n,1.16,N
23.65644,85.50695,310.04,294.07,0.44,0.38,2026-09-29,2017,n,1.26,N
23.65762,85.50523,304.06,293.15,0.44,0.38,2026-09-29,2017,n,0.66,N
23.66395,85.5507,304.35,293.0,0.44,0.38,2026-09-29,2017,n,0.42,N
23.66436,87.15735,317.78,290.96,0.52,0.42,2026-09-29,2017,n,1.66,N
23.66529,87.15232,315.85,290.95,0.52,0.42,2026-09-29,2017,n,1.66,N
23.66813,87.15817,306.58,289.85,0.52,0.42,2026-09-29,2017,n,1.66,N
23.66825,86.08952,309.41,293.01,0.46,0.39,2026-09-29,2017,n,1.66,N
23.67051,86.93585,316.11,291.3,0.51,0.41,2026-09-29,2017,n,1.83,N
23.67528,86.39898,309.59,291.14,0.48,0.4,2026-09-29,2017,n,1.44,N
23.67612,86.39435,307.18,290.66,0.48,0.4,2026-09-29,2017,n,1.44,N
23.67621,86.08658,323.42,294.74,0.46,0.39,2026-09-29,2017,n,1.97,N
23.6765,86.10529,323.7,293.76,0.46,0.39,2026-09-29,2017,n,2.65,N
23.67766,85.32336,307.16,293.44,0.43,0.38,2026-09-29,2017,n,1.28,N
23.67892,86.39972,314.37,291.61,0.48,0.4,2026-09-29,2017,n,1.77,N
23.67976,86.39509,319.4,291.2,0.48,0.4,2026-09-29,2017,n,1.77,N
23.6806,86.08288,308.81,294.44,0.46,0.39,2026-09-29,2017,n,1.97,N
23.68254,86.0926,338.52,294.5,0.46,0.39,2026-09-29,2017,n,6.28,N
23.68339,86.39584,314.79,291.53,0.48,0.4,2026-09-29,2017,n,1.77,N
23.68422,86.39127,315.63,290.72,0.48,0.4,2026-09-29,2017,n,2.72,N
23.68618,87.12234,308.11,290.69,0.52,0.41,2026-09-29,2017,n,1.28,N
23.68688,87.12045,307.43,290.05,0.52,0.41,2026-09-29,2017,n,1.46,N
23.68785,86.39201,309.61,290.38,0.48,0.4,2026-09-29,2017,n,1.83,N
23.68994,87.12316,308.89,291.1,0.52,0.41,2026-09-29,2017,n,1.28,N
23.6906,87.10032,310.51,290.25,0.52,0.41,2026-09-29,2017,n,1.4,N
23.69065,87.12127,312.17,291.21,0.52,0.41,2026-09-29,2017,n,1.46,N
23.69097,87.09726,309.24,290.3,0.52,0.41,2026-09-29,2017,n,1.44,N
23.6925,87.1112,307.79,290.6,0.52,0.41,2026-09-29,2017,n,1.97,N
23.69282,87.10811,304.87,290.25,0.52,0.41,2026-09-29,2017,n,2.11,N
23.69371,87.12397,308.12,290.64,0.52,0.41,2026-09-29,2017,n,1.39,N
23.69441,87.12209,312.87,291.42,0.52,0.41,2026-09-29,2017,n,1.45,N
23.69457,85.28793,318.39,293.35,0.43,0.38,2026-09-29,2017,n,1.48,N
23.69528,87.09615,306.93,290.46,0.52,0.41,2026-09-29,2017,n,1.4,N
23.69534,87.11707,306.79,290.43,0.52,0.41,2026-09-29,2017,n,1.45,N
23.69562,87.11395,305.82,290.01,0.52,0.41,2026-09-29,2017,n,2.47,N
23.69568,87.09309,308.17,289.69,0.52,0.41,2026-09-29,2017,n,1.44,N
23.69593,85.29074,308.84,293.5,0.43,0.38,2026-09-29,2017,n,1.72,N
23.6964,85.36885,318.79,294.07,0.43,0.38,2026-09-29,2017,n,2.13,N
23.69667,85.28658,322.27,294.45,0.43,0.38,2026-09-29,2017,n,1.95,N
23.69719,87.10702,303.95,289.69,0.52,0.41,2026-09-29,2017,n,1.55,N
23.69731,85.29282,307.36,293.74,0.43,0.38,2026-09-29,2017,n,1.04,N
23.69753,87.10393,304.28,289.43,0.52,0.41,2026-09-29,2017,n,1.14,N
23.69803,85.28864,306.28,293.77,0.43,0.38,2026-09-29,2017,n,1.48,N
23.7009,86.0733,308.57,292.56,0.46,0.39,2026-09-29,2017,n,0.82,N
23.71131,86.44999,306.88,291.3,0.48,0.4,2026-09-29,2017,n,1.65,N
23.71161,86.44805,312.91,291.7,0.48,0.4,2026-09-29,2017,n,1.89,N
23.71525,86.44881,312.84,291.19,0.48,0.4,2026-09-29,2017,n,1.89,N
23.71549,86.4268,306.73,291.88,0.48,0.4,2026-09-29,2017,n,1.51,N
23.71591,86.4249,307.25,292.14,0.48,0.4,2026-09-29,2017,n,2.26,N
23.71633,86.42215,306.81,291.6,0.48,0.4,2026-09-29,2017,n,1.51,N
23.72179,85.00703,311.51,292.09,0.42,0.38,2026-09-29,2017,n,1.11,N
23.72403,86.42181,306.7,292.23,0.48,0.4,2026-09-29,2017,n,1.35,N
23.72509,86.43647,304.65,290.2,0.48,0.4,2026-09-29,2017,n,0.91,N
23.73685,86.43414,329.84,294.05,0.48,0.4,2026-09-29,2017,n,4.9,N
23.7377,86.42951,310.09,291.27,0.48,0.4,2026-09-29,2017,n,2.04,N
23.73891,85.01051,309.35,293.18,0.42,0.38,2026-09-29,2017,n,1.73,N
23.73961,85.00642,305.63,292.78,0.42,0.38,2026-09-29,2017,n,1.11,N
23.75115,86.41791,306.21,291.8,0.48,0.4,2026-09-29,2017,n,1.63,N
23.75507,85.85503,309.88,296.29,0.45,0.39,2026-09-29,2017,n,1.57,N
23.75586,85.85067,313.77,295.34,0.45,0.39,2026-09-29,2017,n,1.57,N
23.75733,86.40482,317.85,291.47,0.48,0.4,2026-09-29,2017,n,3.01,N
23.75861,85.85578,313.17,295.87,0.45,0.39,2026-09-29,2017,n,1.57,N
23.7618,86.40099,324.87,292.3,0.48,0.4,2026-09-29,2017,n,3.01,N
23.76458,86.40635,312.63,292.49,0.48,0.4,2026-09-29,2017,n,2.3,N
23.76542,86.40176,326.16,292.35,0.48,0.4,2026-09-29,2017,n,2.3,N
23.76711,86.39254,308.94,293.12,0.48,0.4,2026-09-29,2017,n,3.07,N
23.76904,86.40255,318.43,291.97,0.48,0.4,2026-09-29,2017,n,2.3,N
23.77257,86.1991,308.11,293.0,0.47,0.4,2026-09-29,2017,n,1.86,N
23.7734,86.19457,320.73,293.35,0.47,0.4,2026-09-29,2017,n,1.86,N
23.77578,86.36567,311.53,291.31,0.48,0.4,2026-09-29,2017,n,2.08,N
23.77662,86.36108,314.86,290.79,0.48,0.4,2026-09-29,2017,n,1.94,N
23.77809,86.14866,304.63,291.63,0.47,0.39,2026-09-29,2017,n,0.56,N
23.7781,86.20963,316.55,294.4,0.47,0.4,2026-09-29,2017,n,3.73,N
23.77883,86.39019,315.43,292.38,0.48,0.4,2026-09-29,2017,n,3.06,N
23.77914,86.34732,305.73,290.03,0.47,0.4,2026-09-29,2017,n,0.94,N
23.78004,85.57315,306.0,295.22,0.44,0.38,2026-09-29,2017,n,1.6,N
23.7817,86.21037,334.79,294.86,0.47,0.4,2026-09-29,2017,n,3.73,N
23.78218,86.37181,313.63,290.91,0.48,0.4,2026-09-29,2017,n,1.55,N
23.78245,86.39097,308.52,291.57,0.48,0.4,2026-09-29,2017,n,1.25,N
23.78734,85.55253,312.67,293.69,0.44,0.38,2026-09-29,2017,n,1.67,N
23.79634,86.23238,305.97,291.9,0.47,0.4,2026-09-29,2017,n,0.8,N
23.79721,86.35116,322.01,291.38,0.47,0.4,2026-09-29,2017,n,2.87,N
23.79803,86.28477,304.72,291.1,0.47,0.4,2026-09-29,2017,n,0.98,N
23.80025,86.31375,305.0,290.44,0.47,0.4,2026-09-29,2017,n,1.08,N
23.80221,86.32362,309.34,291.1,0.47,0.4,2026-09-29,2017,n,2.78,N
23.80416,86.33353,304.3,290.57,0.47,0.4,2026-09-29,2017,n,1.38,N
23.80434,85.53834,304.4,293.05,0.44,0.38,2026-09-29,2017,n,0.78,N
23.80499,86.32895,329.63,293.46,0.47,0.4,2026-09-29,2017,n,2.78,N
23.82306,85.49387,307.08,294.97,0.44,0.38,2026-09-29,2017,n,1.14,N
23.82579,85.49883,308.7,294.97,0.44,0.38,2026-09-29,2017,n,1.44,N
23.83797,85.47068,305.39,293.82,0.44,0.38,2026-09-29,2017,n,1.43,N
23.92667,85.34377,302.74,291.24,0.43,0.38,2026-09-29,2017,n,0.78,N
24.11476,86.85973,309.88,292.49,0.5,0.41,2026-09-29,2017,n,1.18,N
24.14004,82.70461,306.57,293.98,0.38,0.36,2026-09-29,2017,n,0.61,N
24.14771,82.65589,319.54,294.84,0.38,0.36,2026-09-29,2017,n,1.72,N
24.15327,82.59912,306.68,293.08,0.38,0.36,2026-09-29,2017,n,0.65,N
24.16231,82.62782,307.65,293.8,0.38,0.36,2026-09-29,2017,n,0.97,N
24.18357,82.6433,304.23,293.68,0.38,0.36,2026-09-29,2017,n,0.98,N
24.1845,82.65891,311.74,293.85,0.38,0.36,2026-09-29,2017,n,1.13,N
24.19927,82.7157,321.41,295.08,0.38,0.36,2026-09-29,2017,n,2.07,N
24.20374,82.70883,313.97,294.65,0.38,0.36,2026-09-29,2017,n,1.25,N
24.20568,82.52395,305.07,294.24,0.38,0.36,2026-09-29,2017,n,0.77,N
24.20703,82.70944,306.71,295.12,0.38,0.36,2026-09-29,2017,n,1.25,N
24.45068,83.03996,306.17,295.16,0.38,0.36,2026-09-29,2017,n,0.63,N
24.66385,74.63279,303.9,293.02,0.58,0.52,2026-09-29,2017,n,3.08,N
24.76345,74.60608,304.93,292.73,0.58,0.52,2026-09-29,2017,n,1.43,N
24.92311,84.1542,304.38,292.25,0.39,0.36,2026-09-29,2017,n,1.36,N
24.93103,84.14782,306.16,294.15,0.39,0.36,2026-09-29,2017,n,1.37,N
25.39288,68.57499,300.88,289.89,0.71,0.75,2026-09-29,2017,n,0.56,N
26.64257,79.47652,312.05,293.88,0.48,0.4,2026-09-29,2017,n,1.14,N
28.05456,69.3644,317.4,291.41,0.67,0.73,2026-09-29,2017,n,2.14,N
8.85029,78.13593,314.21,291.91,0.39,0.36,2026-09-29,2019,n,2.65,N
9.82724,78.03334,329.37,291.56,0.4,0.37,2026-09-29,2019,n,4.5,N
11.26755,80.00402,309.74,293.5,0.39,0.36,2026-09-29,2019,n,0.65,N
11.31376,77.8726,306.06,287.75,0.41,0.37,2026-09-29,2019,n,0.91,N
12.99771,79.94214,309.95,293.32,0.38,0.36,2026-09-29,2019,n,3.66,N
16.8731,81.99245,307.0,295.01,0.39,0.36,2026-09-29,2019,n,0.66,N
17.46457,80.65175,309.16,295.14,0.39,0.36,2026-09-29,2019,n,0.98,N
17.58429,80.3186,308.3,295.17,0.39,0.36,2026-09-29,2019,n,1.0,N
17.60713,83.20004,314.68,294.74,0.41,0.37,2026-09-29,2019,n,1.06,N
17.60989,83.20454,317.78,295.72,0.42,0.37,2026-09-29,2019,n,1.87,N
17.6133,83.20517,307.62,294.31,0.42,0.37,2026-09-29,2019,n,0.62,N
17.95855,80.79744,318.26,297.85,0.39,0.36,2026-09-29,2019,n,2.12,N
17.95912,80.79384,310.92,297.83,0.39,0.36,2026-09-29,2019,n,2.46,N
17.98432,80.82777,325.25,299.03,0.39,0.36,2026-09-29,2019,n,3.04,N
17.98705,80.83194,308.71,297.9,0.39,0.36,2026-09-29,2019,n,1.9,N
18.68109,73.03136,303.68,289.19,0.62,0.54,2026-09-29,2019,n,1.9,N
18.68537,73.03789,304.58,288.39,0.62,0.54,2026-09-29,2019,n,2.48,N
18.68604,73.032,311.67,289.31,0.62,0.54,2026-09-29,2019,n,1.97,N
18.68671,73.02612,302.87,289.36,0.62,0.54,2026-09-29,2019,n,1.97,N
18.69526,73.03918,304.06,288.89,0.62,0.54,2026-09-29,2019,n,1.51,N
18.72114,79.53773,313.76,295.42,0.41,0.37,2026-09-29,2019,n,2.17,N
19.23618,73.02249,304.6,288.0,0.63,0.54,2026-09-29,2019,n,1.97,N
19.93475,73.71259,302.85,287.57,0.58,0.52,2026-09-29,2019,n,0.86,N
19.9396,73.7095,304.37,286.57,0.58,0.52,2026-09-29,2019,n,0.69,N
31.76822,70.10703,305.26,290.94,0.36,0.58,2026-09-29,2153,n,0.54,N
32.29297,70.73775,302.85,291.43,0.38,0.59,2026-09-29,2153,n,0.74,N
33.29672,71.18597,316.76,291.05,0.38,0.59,2026-09-29,2153,n,1.46,N
22.93323,69.69643,306.37,294.15,0.55,0.68,2026-09-29,2155,n,1.27,N
25.38882,68.58127,313.14,293.08,0.41,0.61,2026-09-29,2155,n,0.95,N
25.38892,68.58222,323.03,293.1,0.41,0.61,2026-09-29,2155,n,1.8,N
28.05121,69.36934,319.85,293.02,0.4,0.6,2026-09-29,2155,n,1.5,N
28.05216,69.36541,304.66,292.71,0.4,0.6,2026-09-29,2155,n,1.22,N
28.42411,69.69945,306.38,291.52,0.41,0.61,2026-09-29,2155,n,0.78,N
6.43276,81.29213,330.07,292.55,0.39,0.59,2026-09-30,724,n,3.52,D
6.44447,80.75105,335.17,292.31,0.42,0.61,2026-09-30,724,n,3.27,D
7.25259,81.84631,342.58,292.14,0.34,0.56,2026-09-30,724,n,3.36,D
7.25503,81.84763,335.69,291.96,0.34,0.56,2026-09-30,724,n,2.35,D
7.36759,81.05714,330.09,294.46,0.39,0.59,2026-09-30,726,n,5.79,D
7.58782,81.01924,344.98,294.22,0.39,0.59,2026-09-30,726,n,3.19,D
7.75655,80.66175,351.62,291.41,0.41,0.6,2026-09-30,726,n,5.1,D
7.77802,80.84462,338.14,295.58,0.4,0.6,2026-09-30,726,n,4.81,D
7.82612,81.11343,349.43,296.76,0.38,0.59,2026-09-30,726,n,6.65,D
7.83145,81.11246,343.18,297.4,0.38,0.59,2026-09-30,726,n,5.16,D
7.84398,80.6418,333.04,292.57,0.41,0.6,2026-09-30,726,n,2.65,D
8.04979,81.09496,330.23,294.91,0.38,0.58,2026-09-30,726,n,3.34,D
8.12462,80.43655,333.15,290.55,0.42,0.61,2026-09-30,726,n,4.01,D
8.21156,81.03739,330.74,295.14,0.38,0.59,2026-09-30,726,n,2.48,D
8.64707,80.49957,330.46,290.85,0.4,0.6,2026-09-30,726,n,4.93,D
9.50483,77.58497,333.29,292.57,0.62,0.71,2026-09-30,726,n,5.27,D
9.65265,80.30958,334.07,295.04,0.4,0.6,2026-09-30,726,n,4.9,D
10.03709,78.71851,330.21,294.05,0.5,0.66,2026-09-30,726,n,3.12,D
10.05331,79.01387,332.98,292.95,0.48,0.65,2026-09-30,726,n,8.03,D
10.70892,78.89933,332.8,295.8,0.48,0.64,2026-09-30,726,n,3.04,D
10.89286,79.01672,337.11,292.83,0.46,0.64,2026-09-30,726,n,8.74,D
11.30108,77.31915,336.25,291.27,0.6,0.7,2026-09-30,726,n,5.21,D
13.33345,80.07598,336.85,294.19,0.35,0.57,2026-09-30,726,n,2.59,D
13.87048,79.62819,336.5,299.21,0.37,0.58,2026-09-30,726,n,2.03,D
14.06011,80.1069,332.64,298.48,0.34,0.56,2026-09-30,726,n,2.65,D
14.11986,79.93661,333.99,297.89,0.35,0.57,2026-09-30,726,n,2.29,D
14.38589,79.73903,344.76,297.12,0.36,0.57,2026-09-30,726,n,3.34,D
15.12245,79.61752,342.9,302.89,0.35,0.57,2026-09-30,729,n,5.96,D
15.1231,79.62081,336.35,299.48,0.35,0.57,2026-09-30,729,n,2.93,D
15.14156,78.48534,367.0,296.06,0.42,0.61,2026-09-30,729,h,5.64,D
15.74283,80.33101,344.64,291.92,0.62,0.54,2026-09-30,729,n,11.5,D
15.92106,79.36684,342.75,300.09,0.35,0.57,2026-09-30,729,n,2.03,D
16.71242,79.56333,353.38,300.21,0.33,0.55,2026-09-30,729,n,5.25,D
16.95251,79.41331,338.77,297.5,0.34,0.56,2026-09-30,729,n,2.5,D
17.0808,79.3266,343.87,296.84,0.34,0.56,2026-09-30,729,n,3.25,D
17.08417,79.32526,343.86,297.67,0.34,0.56,2026-09-30,729,n,3.77,D
18.28592,78.57539,331.57,295.94,0.36,0.57,2026-09-30,729,n,5.1,D
18.82128,78.50321,329.18,296.65,0.35,0.57,2026-09-30,729,n,1.63,D
18.93197,78.43241,332.65,297.24,0.36,0.57,2026-09-30,729,n,2.11,D
20.76149,85.29932,331.62,302.43,0.41,0.37,2026-09-30,729,l,4.82,D
20.79244,85.25293,336.26,301.72,0.41,0.37,2026-09-30,729,n,7.04,D
20.79287,85.2535,338.25,301.19,0.41,0.37,2026-09-30,729,n,5.07,D
20.95461,86.05037,332.85,301.88,0.39,0.37,2026-09-30,729,n,4.0,D
20.96137,85.18972,341.7,306.86,0.42,0.37,2026-09-30,729,n,4.6,D
20.96218,85.17331,331.76,302.75,0.42,0.37,2026-09-30,729,l,5.38,D
20.96413,85.18515,330.93,305.63,0.42,0.37,2026-09-30,729,l,7.22,D
20.96478,85.18909,331.52,305.41,0.42,0.37,2026-09-30,729,l,4.6,D
20.96493,85.16869,336.36,303.97,0.42,0.37,2026-09-30,729,n,5.35,D
20.96964,85.17596,352.26,305.38,0.42,0.37,2026-09-30,729,n,11.0,D
20.9758,85.1707,331.92,302.67,0.42,0.37,2026-09-30,729,l,4.55,D
20.99702,86.01556,336.67,301.23,0.4,0.37,2026-09-30,729,n,4.25,D
21.07705,85.0377,340.98,306.34,0.42,0.38,2026-09-30,729,n,9.43,D
21.08047,85.03706,340.96,305.5,0.42,0.38,2026-09-30,729,n,6.31,D
21.19019,81.41653,335.85,302.76,0.42,0.45,2026-09-30,729,n,2.39,D
21.19428,81.41567,336.85,303.53,0.42,0.45,2026-09-30,729,n,3.84,D
21.30084,81.60406,330.92,301.98,0.41,0.45,2026-09-30,729,l,2.34,D
21.67693,84.04008,331.31,303.93,0.45,0.39,2026-09-30,729,l,7.04,D
21.74903,83.84386,332.22,306.7,0.46,0.39,2026-09-30,729,l,5.97,D
21.75508,83.84382,334.01,305.55,0.46,0.39,2026-09-30,729,l,4.95,D
21.91996,83.3512,344.39,309.9,0.48,0.4,2026-09-30,729,n,10.31,D
22.05397,88.12537,332.7,294.4,0.39,0.36,2026-09-30,729,n,2.41,D
22.20844,84.86346,338.54,303.22,0.42,0.37,2026-09-30,729,n,5.7,D
22.32176,82.59049,335.09,302.71,0.52,0.41,2026-09-30,729,n,9.47,D
22.35862,82.30431,335.7,307.94,0.53,0.42,2026-09-30,729,l,8.44,D
22.35964,82.30135,334.69,307.05,0.53,0.42,2026-09-30,729,l,7.33,D
22.36956,87.30087,331.12,299.03,0.38,0.36,2026-09-30,729,n,2.18,D
22.37665,87.28062,332.34,300.73,0.38,0.36,2026-09-30,729,n,3.61,D
23.6291,86.29134,336.42,297.12,0.38,0.36,2026-09-30,729,n,4.66,D
23.66677,86.9176,339.86,301.27,0.38,0.36,2026-09-30,729,n,4.3,D
23.67545,86.0864,331.57,304.34,0.39,0.36,2026-09-30,729,l,3.37,D
23.68533,86.3925,338.89,302.54,0.38,0.36,2026-09-30,729,n,5.5,D
23.68733,87.12164,334.38,302.0,0.39,0.36,2026-09-30,729,n,5.08,D
23.76547,86.40469,330.43,297.23,0.38,0.36,2026-09-30,729,n,1.91,D
25.20335,76.73972,330.95,299.88,0.34,0.56,2026-09-30,729,n,2.15,D
26.81973,85.33169,337.63,296.69,0.39,0.36,2026-09-30,729,n,2.78,D
27.73602,96.06626,343.47,288.96,0.39,0.59,2026-09-30,729,n,4.45,D
27.73723,96.06511,341.58,289.42,0.39,0.59,2026-09-30,729,n,4.62,D
21.14906,72.73802,329.95,290.48,0.74,0.76,2026-09-30,731,n,2.95,D
22.85707,75.72878,330.52,301.27,0.44,0.62,2026-09-30,731,l,2.87,D
23.64773,85.43808,344.49,304.21,0.39,0.36,2026-09-30,731,n,6.06,D
23.6949,85.28752,336.34,305.19,0.4,0.37,2026-09-30,731,n,5.39,D
23.77287,86.36491,337.65,302.28,0.38,0.36,2026-09-30,731,n,3.89,D
23.77995,86.20992,345.34,304.36,0.38,0.36,2026-09-30,731,n,7.22,D
23.80181,86.32905,339.3,303.2,0.38,0.36,2026-09-30,731,n,5.68,D
23.80665,86.31663,333.06,300.71,0.38,0.36,2026-09-30,731,n,4.75,D
26.20095,90.49501,333.19,292.84,0.52,0.41,2026-09-30,731,n,5.53,D
28.74946,71.15385,333.1,299.24,0.61,0.71,2026-09-30,731,n,4.97,D
28.75048,71.15324,334.72,300.06,0.61,0.71,2026-09-30,731,n,5.22,D
29.78814,72.8183,332.24,297.92,0.46,0.63,2026-09-30,731,n,3.16,D
30.33188,73.56804,333.09,297.87,0.4,0.6,2026-09-30,731,n,1.93,D
30.44163,73.6583,338.35,298.02,0.4,0.6,2026-09-30,731,n,2.76,D
30.48984,73.85419,346.73,299.31,0.38,0.59,2026-09-30,731,n,5.88,D
30.67275,74.70084,354.33,298.24,0.34,0.56,2026-09-30,731,n,5.06,D
30.67692,74.69582,353.6,303.08,0.34,0.56,2026-09-30,731,n,13.66,D
30.67774,74.69925,367.0,302.5,0.34,0.56,2026-09-30,731,h,20.65,D
30.98096,74.19095,342.28,299.14,0.36,0.57,2026-09-30,731,n,3.23,D
30.98156,74.19049,342.01,299.65,0.36,0.57,2026-09-30,731,n,2.85,D
30.98207,74.44752,335.33,298.99,0.35,0.56,2026-09-30,731,n,1.95,D
31.10069,74.63891,335.32,299.59,0.33,0.56,2026-09-30,731,n,4.22,D
31.12642,74.61254,334.65,300.65,0.34,0.56,2026-09-30,731,n,3.62,D
31.38879,72.24094,344.75,296.29,0.45,0.63,2026-09-30,731,n,5.15,D
31.48608,74.54945,330.8,300.75,0.33,0.55,2026-09-30,731,n,1.51,D
31.55173,75.14087,329.78,301.87,0.61,0.54,2026-09-30,731,n,2.9,D
31.57648,74.59917,332.14,299.67,0.33,0.55,2026-09-30,731,n,1.54,D
31.66297,74.76675,341.14,301.93,0.32,0.55,2026-09-30,731,n,2.57,D
31.66395,74.76625,339.35,301.19,0.32,0.55,2026-09-30,731,n,2.17,D
31.72326,74.66262,338.76,299.98,0.32,0.55,2026-09-30,731,n,3.06,D
31.83598,74.58247,330.01,299.7,0.32,0.55,2026-09-30,731,n,1.99,D
31.91984,73.85737,330.27,300.27,0.36,0.57,2026-09-30,731,l,2.83,D
31.93929,74.26233,333.5,300.29,0.34,0.56,2026-09-30,731,n,2.32,D
31.9855,73.92519,335.32,300.38,0.35,0.57,2026-09-30,731,n,2.87,D
32.14397,74.02208,341.68,303.52,0.34,0.56,2026-09-30,731,n,3.17,D
32.14616,74.021,342.14,302.53,0.34,0.56,2026-09-30,731,n,3.03,D
32.28489,74.45009,338.41,300.66,0.32,0.55,2026-09-30,731,n,2.08,D
34.08183,75.33435,325.21,295.27,0.53,0.5,2026-09-30,731,n,4.17,D
34.82942,70.72253,351.5,303.78,0.45,0.63,2026-09-30,731,n,72.24,D
28.54305,88.75414,304.64,289.64,1.0,1.0,2026-09-29,300,1,4.78,D
29.55022,90.99437,304.31,289.31,1.09,1.04,2026-09-29,300,2,4.49,D
29.64306,91.28964,301.64,286.64,1.11,1.05,2026-09-29,300,3,5.28,D
34.13514,95.80704,301.56,286.56,1.64,1.26,2026-09-29,300,4,8.26,D
36.32804,94.80813,308.12,293.12,1.3,1.13,2026-09-29,300,5,6.29,D
20.75675,85.29987,309.93,294.93,1.07,1.03,2026-09-29,302,5,5.36,D
20.78925,85.26389,310.97,295.97,1.07,1.03,2026-09-29,302,4,5.46,D
20.79058,85.25391,315.53,300.53,1.07,1.03,2026-09-29,302,7,9.4,D
20.94982,86.05166,311.85,296.85,1.02,1.01,2026-09-29,302,6,5.51,D
20.96392,86.01485,311.78,296.78,1.02,1.01,2026-09-29,302,6,5.95,D
20.96471,85.18957,314.82,299.82,1.08,1.04,2026-09-29,302,5,8.18,D
20.96604,85.17948,317.05,302.05,1.08,1.04,2026-09-29,302,7,10.49,D
20.96738,85.16936,315.3,300.3,1.08,1.04,2026-09-29,302,5,8.47,D
21.927,85.22752,309.01,294.01,1.1,1.04,2026-09-29,302,5,5.6,D
22.03693,83.73846,311.38,296.38,1.31,1.13,2026-09-29,302,6,7.48,D
22.32556,82.59423,310.0,295.0,1.57,1.23,2026-09-29,302,4,8.1,D
22.36998,91.37577,312.95,297.95,1.42,1.18,2026-09-29,302,5,8.59,D
22.37374,87.2776,313.6,298.6,1.0,1.0,2026-09-29,302,6,7.62,D
23.64825,85.43875,310.35,295.35,1.11,1.05,2026-09-29,302,6,6.96,D
23.66521,87.15625,312.29,297.29,1.0,1.0,2026-09-29,302,6,6.58,D
23.68814,87.12083,312.44,297.44,1.01,1.0,2026-09-29,302,5,6.1,D
23.73707,86.43597,311.28,296.28,1.03,1.02,2026-09-29,302,3,5.45,D
23.76022,86.39931,313.4,298.4,1.04,1.02,2026-09-29,302,4,6.87,D
23.77656,86.20933,307.48,292.48,1.05,1.02,2026-09-29,302,4,4.13,D
24.02042,97.88482,308.34,293.34,3.9,1.84,2026-09-29,302,4,33.64,D
6.64244,81.21156,322.73,307.73,1.21,1.09,2026-09-29,306,7,13.98,D
6.64387,81.20102,335.74,320.74,1.21,1.09,2026-09-29,306,8,35.82,D
7.16305,81.72874,317.0,302.0,1.15,1.07,2026-09-29,306,4,6.98,D
20.78952,85.25303,318.69,303.69,1.05,1.03,2026-09-29,941,7,10.93,D
20.88631,84.98081,319.51,304.51,1.07,1.03,2026-09-29,941,7,12.35,D
20.96189,85.16975,322.62,307.62,1.06,1.03,2026-09-29,941,7,13.67,D
20.9634,85.17953,319.48,304.48,1.06,1.03,2026-09-29,941,6,10.57,D
21.76237,84.01928,314.32,299.32,1.15,1.07,2026-09-29,943,5,8.03,D
22.03786,83.73003,315.63,300.63,1.18,1.08,2026-09-29,943,4,9.48,D
22.37611,87.27358,314.56,299.56,1.02,1.01,2026-09-29,943,5,6.72,D
22.37748,87.28316,314.98,299.98,1.02,1.01,2026-09-29,943,4,6.75,D
23.64439,85.43644,312.16,297.16,1.01,1.0,2026-09-29,943,6,6.99,D
23.66113,87.15134,309.45,294.45,1.03,1.01,2026-09-29,943,3,4.58,D
23.68646,87.12047,312.89,297.89,1.03,1.01,2026-09-29,943,6,6.25,D
23.75171,85.855,309.65,294.65,1.0,1.0,2026-09-29,943,5,4.32,D
23.75968,86.39716,316.44,301.44,1.0,1.0,2026-09-29,943,5,7.77,D
23.76105,86.40665,314.46,299.46,1.0,1.0,2026-09-29,943,3,5.97,D
23.77707,86.20943,318.24,303.24,1.0,1.0,2026-09-29,943,7,10.2,D
23.80371,86.33111,312.73,297.73,1.0,1.0,2026-09-29,943,4,5.62,D
28.05682,96.97787,322.54,307.54,1.02,1.01,2026-09-29,1357,1,20.7,N
28.0582,96.98821,327.71,312.71,1.02,1.01,2026-09-29,1357,1,26.91,N
18.69548,73.03864,300.72,285.72,1.01,1.0,2026-09-29,1533,1,3.36,N
20.97072,86.00963,304.21,289.21,1.75,1.3,2026-09-29,2150,5,9.96,N
21.11044,72.63401,306.02,291.02,1.93,1.36,2026-09-29,2329,6,13.53,N
20.96308,85.18817,310.87,295.87,2.79,1.6,2026-09-30,342,6,24.44,D
20.96788,85.16268,309.9,294.9,2.78,1.59,2026-09-30,342,6,21.18,D
7.54203,80.82706,309.29,294.29,2.34,1.48,2026-09-30,345,4,17.93,D
8.25194,81.16045,310.26,295.26,2.42,1.5,2026-09-30,345,2,15.14,D
9.41591,77.35759,317.01,302.01,1.22,1.1,2026-09-30,345,5,15.39,D
10.47908,77.93805,311.85,296.85,1.27,1.12,2026-09-30,345,3,6.48,D
10.96837,77.15731,326.22,311.22,1.14,1.06,2026-09-30,345,7,14.17,D
6.34402,81.35403,329.02,288.21,0.5,0.66,2026-09-29,724,n,6.92,D
6.34318,81.3494,344.57,288.6,0.5,0.66,2026-09-29,724,n,7.89,D
6.60324,81.22112,337.36,288.92,0.51,0.66,2026-09-29,724,n,4.7,D
6.60296,81.21747,328.88,288.54,0.51,0.66,2026-09-29,724,n,5.73,D
7.31462,81.74361,333.41,290.25,0.46,0.63,2026-09-29,724,n,2.71,D
7.43188,81.69707,333.66,289.75,0.46,0.63,2026-09-29,724,n,3.51,D
8.019,81.17416,329.92,289.83,0.49,0.65,2026-09-29,724,n,2.57,D
8.42008,80.51842,353.54,292.19,0.53,0.67,2026-09-29,724,n,12.19,D
8.41913,80.51995,350.95,292.47,0.53,0.67,2026-09-29,724,n,12.14,D
8.63354,80.48622,342.81,285.56,0.53,0.67,2026-09-29,724,n,5.34,D
9.4829,80.47287,338.53,292.4,0.51,0.66,2026-09-29,724,n,5.81,D
10.94042,79.13027,330.01,294.04,0.59,0.7,2026-09-29,726,n,9.05,D
13.9459,79.8444,330.96,294.49,0.46,0.64,2026-09-29,726,n,3.23,D
15.11725,79.62113,342.55,299.17,0.46,0.63,2026-09-29,726,n,3.52,D
15.12307,79.62001,330.5,299.19,0.46,0.63,2026-09-29,726,n,3.52,D
15.11701,79.62191,333.17,299.31,0.46,0.63,2026-09-29,726,n,3.08,D
15.12281,79.6207,337.41,299.05,0.46,0.63,2026-09-29,726,n,3.08,D
15.25543,78.62557,333.2,292.62,0.53,0.67,2026-09-29,726,n,7.14,D
15.2537,78.62485,347.49,292.96,0.53,0.67,2026-09-29,726,n,6.63,D
16.62882,80.19833,337.26,295.39,0.39,0.59,2026-09-29,726,n,5.93,D
17.65451,79.25961,334.22,295.83,0.43,0.62,2026-09-29,729,n,5.81,D
17.65367,79.25558,329.99,295.39,0.43,0.62,2026-09-29,729,n,3.91,D
17.59761,78.98743,330.28,292.4,0.45,0.63,2026-09-29,729,n,2.79,D
17.65112,79.26048,331.19,295.58,0.43,0.62,2026-09-29,729,n,6.19,D
17.65025,79.25647,335.06,296.19,0.43,0.62,2026-09-29,729,n,4.71,D
18.61373,83.22314,332.87,299.43,0.46,0.47,2026-09-29,729,n,5.7,D
20.75973,85.29716,331.4,300.12,0.49,0.4,2026-09-29,729,n,4.66,D
20.78673,85.26462,329.58,299.75,0.49,0.4,2026-09-29,729,l,3.65,D
20.79244,85.25388,338.91,301.98,0.49,0.4,2026-09-29,729,n,9.76,D
20.79613,85.25317,329.63,301.27,0.49,0.4,2026-09-29,729,l,6.88,D
20.96195,85.18865,340.9,302.57,0.49,0.4,2026-09-29,729,n,10.06,D
20.9677,85.17783,331.82,302.25,0.49,0.4,2026-09-29,729,l,3.87,D
20.96688,85.17313,330.92,298.77,0.49,0.4,2026-09-29,729,n,3.87,D
20.97139,85.17707,338.81,301.05,0.49,0.4,2026-09-29,729,n,3.87,D
20.97794,85.17084,330.36,300.75,0.49,0.4,2026-09-29,729,l,2.83,D
20.96909,85.17435,342.4,302.16,0.49,0.4,2026-09-29,729,n,9.73,D
21.076,85.03734,337.14,306.11,0.5,0.41,2026-09-29,729,n,6.97,D
21.07971,85.03658,345.91,304.98,0.5,0.41,2026-09-29,729,n,6.97,D
22.0539,88.12553,331.51,297.72,0.39,0.36,2026-09-29,729,n,2.82,D
22.36615,87.30139,334.2,303.24,0.4,0.37,2026-09-29,729,n,5.03,D
21.92265,83.34913,329.24,299.29,0.4,0.44,2026-09-29,729,l,6.95,D
21.98473,83.23291,329.34,299.77,0.4,0.44,2026-09-29,729,l,5.51,D
22.0171,83.33786,331.34,298.82,0.4,0.44,2026-09-29,729,n,3.55,D
22.78837,86.19756,337.58,301.77,0.42,0.38,2026-09-29,729,n,4.98,D
22.32343,82.5892,341.13,299.7,0.43,0.46,2026-09-29,729,n,4.76,D
22.35922,82.30325,332.27,302.08,0.45,0.47,2026-09-29,729,n,5.29,D
24.6093,97.80847,335.27,292.82,0.35,0.57,2026-09-29,729,n,7.58,D
24.61432,97.81004,336.72,291.61,0.35,0.57,2026-09-29,729,n,7.96,D
23.56055,87.23941,336.29,295.36,0.39,0.36,2026-09-29,729,n,4.79,D
23.6876,87.1208,332.23,299.26,0.4,0.37,2026-09-29,729,n,2.72,D
23.73668,86.43343,342.98,298.98,0.41,0.37,2026-09-29,729,n,4.2,D
23.68939,86.08852,339.58,295.33,0.42,0.38,2026-09-29,729,n,6.63,D
23.76327,86.40352,338.01,298.6,0.41,0.37,2026-09-29,729,n,3.75,D
23.76666,86.40284,329.67,297.99,0.41,0.37,2026-09-29,729,n,3.75,D
23.77827,86.3882,339.51,300.46,0.41,0.37,2026-09-29,729,n,5.32,D
23.77429,86.36414,335.42,296.65,0.41,0.37,2026-09-29,729,n,3.62,D
23.77983,86.2097,340.78,300.54,0.42,0.37,2026-09-29,729,n,7.95,D
23.64721,85.43923,335.08,297.09,0.44,0.39,2026-09-29,729,n,4.66,D
23.80362,86.32985,344.67,302.2,0.41,0.37,2026-09-29,729,n,6.93,D
25.86854,96.6283,329.38,296.87,0.61,0.54,2026-09-29,729,n,5.87,D
25.86871,96.62617,330.53,296.99,0.61,0.54,2026-09-29,729,n,4.19,D
24.14644,82.65672,334.13,297.4,0.4,0.44,2026-09-29,729,n,3.17,D
25.86546,93.36233,332.04,297.62,0.39,0.44,2026-09-29,729,n,2.9,D
25.30898,86.49201,333.38,299.38,0.4,0.37,2026-09-29,729,n,3.4,D
23.1147,75.71581,330.8,302.51,0.55,0.68,2026-09-29,729,n,2.06,D
27.74833,96.32671,339.91,294.83,0.62,0.54,2026-09-29,731,n,6.51,D
27.74485,96.28925,345.97,295.87,0.61,0.54,2026-09-29,731,n,14.46,D
27.75332,96.32629,331.22,294.36,0.62,0.54,2026-09-29,731,n,3.16,D
27.76212,96.31268,335.87,295.14,0.62,0.54,2026-09-29,731,n,7.54,D
27.74866,96.33108,339.93,295.16,0.62,0.54,2026-09-29,731,n,9.87,D
27.7449,96.28738,342.57,296.29,0.61,0.54,2026-09-29,731,n,18.25,D
27.75366,96.3307,334.74,294.6,0.62,0.54,2026-09-29,731,n,9.87,D
27.762,96.31081,336.77,294.89,0.62,0.54,2026-09-29,731,n,5.82,D
27.76484,96.11652,341.28,295.42,0.6,0.53,2026-09-29,731,n,7.4,D
27.76529,96.01178,330.05,295.27,0.59,0.53,2026-09-29,731,n,4.77,D
27.89012,96.16331,333.19,294.86,0.61,0.53,2026-09-29,731,n,4.54,D
27.99357,95.51171,331.86,295.71,0.55,0.51,2026-09-29,731,n,4.13,D
27.99417,95.51117,331.56,295.5,0.55,0.51,2026-09-29,731,n,4.03,D
8.99556,77.27133,339.86,295.71,0.47,0.64,2026-09-29,907,n,2.59,D
9.39216,77.61321,340.83,295.92,0.5,0.66,2026-09-29,907,n,5.37,D
36.11086,97.80111,334.43,297.56,0.42,0.61,2026-09-29,553,n,5.27,D
36.10964,97.79659,330.37,297.35,0.42,0.61,2026-09-29,553,n,3.73,D
27.65409,77.45203,334.04,297.26,0.34,0.56,2026-09-29,729,n,3.11,D
28.12338,77.58401,331.92,297.87,0.33,0.55,2026-09-29,729,n,2.54,D
28.63075,76.15372,331.8,298.36,0.39,0.59,2026-09-29,729,n,2.12,D
30.50002,75.62022,348.99,294.75,0.38,0.59,2026-09-29,731,n,6.13,D
30.96744,74.19054,335.17,297.17,0.45,0.63,2026-09-29,731,n,3.71,D
31.05706,74.34778,340.49,297.81,0.44,0.62,2026-09-29,731,n,5.89,D
31.31392,75.34063,346.01,296.73,0.38,0.59,2026-09-29,731,n,8.13,D
31.05313,74.28538,351.22,299.02,0.44,0.62,2026-09-29,731,n,9.04,D
31.51509,75.03067,367.0,303.87,0.39,0.59,2026-09-29,731,h,7.64,D
31.33361,74.30579,334.79,299.42,0.43,0.62,2026-09-29,731,n,2.02,D
31.51638,75.03042,367.0,304.75,0.39,0.59,2026-09-29,731,h,10.44,D
31.60815,75.23576,351.81,302.28,0.38,0.58,2026-09-29,731,n,5.06,D
31.56274,74.75707,329.96,300.94,0.4,0.6,2026-09-29,731,n,1.61,D
31.59668,74.6134,340.61,301.2,0.41,0.61,2026-09-29,731,n,3.62,D
31.77238,74.68832,330.33,299.8,0.4,0.6,2026-09-29,731,n,1.91,D
31.84049,74.61057,346.86,300.19,0.4,0.6,2026-09-29,731,n,3.74,D
31.78729,74.22294,344.29,299.85,0.43,0.62,2026-09-29,731,n,7.5,D
31.80148,74.06763,333.97,298.42,0.43,0.62,2026-09-29,731,n,2.7,D
31.74793,73.62749,330.25,296.86,0.46,0.64,2026-09-29,731,n,2.44,D
31.89711,74.15167,335.57,298.6,0.43,0.62,2026-09-29,731,n,3.18,D
31.90263,74.14976,337.36,297.95,0.43,0.62,2026-09-29,731,n,6.2,D
31.89898,74.11232,367.0,300.11,0.43,0.62,2026-09-29,731,h,9.25,D
32.2818,75.29955,328.05,296.59,0.36,0.57,2026-09-29,731,n,1.9,D
32.18219,73.94493,339.77,298.78,0.43,0.62,2026-09-29,731,n,5.75,D
32.43046,73.93165,329.17,297.17,0.43,0.62,2026-09-29,731,n,0.66,D
11.14383,77.24282,332.6,294.01,0.5,0.66,2026-09-29,905,n,1.94,D
21.14508,75.94334,330.4,300.98,0.54,0.68,2026-09-29,907,l,3.74,D
21.04062,72.87466,347.12,295.42,0.34,0.56,2026-09-29,907,n,4.12,D
21.04028,72.87133,341.67,295.1,0.34,0.56,2026-09-29,907,n,4.12,D
21.1014,72.63807,341.15,297.61,0.33,0.55,2026-09-29,907,n,4.16,D
21.10107,72.63486,336.79,296.39,0.33,0.55,2026-09-29,907,n,4.17,D
21.10751,72.64716,335.73,297.85,0.33,0.55,2026-09-29,907,n,3.89,D
22.93834,69.18812,334.41,304.56,0.42,0.45,2026-09-29,909,l,1.59,D
23.91867,72.91904,338.71,300.39,0.37,0.58,2026-09-29,909,n,2.32,D
23.5273,68.92737,334.68,305.67,0.41,0.45,2026-09-29,909,l,3.01,D
25.46677,68.74697,330.34,299.47,0.43,0.46,2026-09-29,909,n,1.69,D
26.08568,72.40668,330.14,300.45,0.36,0.58,2026-09-29,909,l,3.0,D
27.18698,71.71606,330.14,301.84,0.34,0.56,2026-09-29,909,l,2.75,D
28.05299,69.36814,331.88,302.11,0.5,0.49,2026-09-29,909,n,4.4,D
30.76766,74.00786,367.0,298.5,0.51,0.66,2026-09-29,911,h,9.52,D
30.76731,74.01038,367.0,298.07,0.51,0.66,2026-09-29,911,h,12.81,D
31.00496,74.44086,332.83,298.13,0.54,0.68,2026-09-29,911,n,4.41,D
31.00466,74.43505,338.68,298.34,0.54,0.68,2026-09-29,911,n,4.41,D
31.09123,74.62504,330.08,297.38,0.55,0.68,2026-09-29,911,n,2.32,D
31.10598,74.66026,350.2,299.62,0.56,0.69,2026-09-29,911,n,6.37,D
31.09247,74.62752,332.04,297.05,0.55,0.68,2026-09-29,911,n,2.91,D
31.10701,74.6628,341.62,298.54,0.56,0.69,2026-09-29,911,n,9.16,D
31.75853,74.98412,329.73,300.44,0.59,0.7,2026-09-29,911,l,3.48,D
31.86007,74.00643,332.44,298.26,0.52,0.67,2026-09-29,911,n,3.96,D
31.89677,74.10643,339.86,298.15,0.52,0.67,2026-09-29,911,n,4.98,D
31.91891,73.85874,331.04,299.01,0.51,0.66,2026-09-29,911,n,3.82,D
32.10069,75.23662,334.34,296.98,0.61,0.71,2026-09-29,911,n,5.52,D
32.21089,73.80588,330.68,297.15,0.51,0.66,2026-09-29,911,n,4.57,D
32.35852,73.4714,339.85,297.49,0.49,0.65,2026-09-29,911,n,4.95,D
32.43173,73.93186,330.37,296.41,0.52,0.67,2026-09-29,911,n,2.26,D
34.24412,71.90479,331.77,298.22,0.41,0.61,2026-09-29,911,n,2.44,D
25.44352,97.31567,338.05,292.59,0.34,0.56,2026-09-29,608,n,2.13,D
25.4467,97.31372,336.79,292.72,0.34,0.56,2026-09-29,608,n,3.28,D
25.55583,96.56409,326.82,291.64,0.37,0.58,2026-09-29,608,n,2.18,D
25.8622,96.63002,336.08,293.7,0.36,0.58,2026-09-29,608,n,3.47,D
25.86736,96.62861,367.0,295.34,0.36,0.58,2026-09-29,608,h,7.92,D
25.86816,96.63206,336.81,293.15,0.36,0.58,2026-09-29,608,n,7.92,D
25.86656,96.62511,340.38,294.12,0.36,0.58,2026-09-29,608,n,8.03,D
26.36885,96.61267,326.73,293.37,0.36,0.57,2026-09-29,608,n,1.54,D
27.70373,96.19749,328.33,293.63,0.35,0.57,2026-09-29,608,n,1.77,D
27.76019,96.12885,350.89,293.49,0.35,0.57,2026-09-29,608,n,11.28,D
27.75938,96.12536,352.02,296.43,0.35,0.57,2026-09-29,608,n,11.28,D
27.78161,96.17458,326.84,293.7,0.35,0.57,2026-09-29,608,n,2.09,D
6.2087,80.85428,340.3,295.98,0.4,0.44,2026-09-29,744,n,3.23,D
6.26998,80.81895,334.32,294.8,0.4,0.44,2026-09-29,744,n,3.69,D
6.35103,81.13634,334.37,295.92,0.38,0.43,2026-09-29,744,n,3.23,D
6.3382,80.85527,341.16,296.81,0.4,0.44,2026-09-29,744,n,6.1,D
6.55959,81.00917,341.52,298.34,0.39,0.44,2026-09-29,744,n,3.48,D
6.60585,81.21908,331.77,301.03,0.56,0.43,2026-09-29,744,n,3.56,D
6.58515,81.01558,336.06,298.84,0.39,0.44,2026-09-29,744,n,2.5,D
7.18669,81.74257,335.72,297.55,0.51,0.41,2026-09-29,744,l,7.66,D
7.30504,81.75372,330.85,298.62,0.51,0.41,2026-09-29,744,l,7.12,D
7.86593,79.90137,331.74,296.26,0.43,0.46,2026-09-29,744,n,4.52,D
7.9283,80.06871,334.67,297.8,0.42,0.45,2026-09-29,744,n,2.15,D
7.95251,80.06062,330.27,296.18,0.42,0.45,2026-09-29,744,n,2.3,D
8.03135,80.062,342.18,283.12,0.42,0.45,2026-09-29,744,n,14.1,D
8.05402,80.14719,338.82,282.29,0.42,0.45,2026-09-29,744,n,4.16,D
21.09685,72.71104,334.39,293.64,0.37,0.58,2026-09-29,748,n,2.92,D
8.24131,80.76941,331.66,297.38,0.57,0.43,2026-09-29,744,n,4.16,D
23.55724,87.23998,343.69,295.35,0.39,0.44,2026-09-29,748,n,4.7,D
8.23759,80.72263,330.94,295.16,0.57,0.43,2026-09-29,744,n,4.53,D
8.10409,79.87289,341.61,292.53,0.43,0.46,2026-09-29,744,n,4.77,D
23.67652,86.39893,331.26,298.23,0.52,0.42,2026-09-29,748,n,7.82,D
8.27536,80.65558,336.13,296.61,0.38,0.43,2026-09-29,744,n,3.65,D
23.68351,86.39266,329.93,296.95,0.52,0.42,2026-09-29,748,n,4.97,D
8.30118,80.76441,337.23,297.04,0.57,0.43,2026-09-29,744,n,3.57,D
23.68081,86.09723,334.3,294.23,0.51,0.41,2026-09-29,748,n,6.22,D
8.28692,80.56387,347.17,298.32,0.39,0.44,2026-09-29,744,n,5.08,D
23.68019,86.09227,334.37,296.16,0.51,0.41,2026-09-29,748,n,6.22,D
8.30945,80.64914,341.81,298.26,0.38,0.43,2026-09-29,744,n,4.59,D
23.67957,86.08732,331.11,296.56,0.51,0.41,2026-09-29,748,n,6.06,D
23.1653,82.34086,339.74,304.31,0.38,0.36,2026-09-29,748,n,6.23,D
8.23071,80.18237,339.41,297.6,0.41,0.45,2026-09-29,744,n,4.71,D
23.16474,82.33713,330.58,301.8,0.38,0.36,2026-09-29,748,n,3.41,D
8.36436,80.48608,336.18,296.98,0.39,0.44,2026-09-29,744,n,3.89,D
23.68709,86.08624,333.06,294.6,0.51,0.41,2026-09-29,748,n,3.89,D
8.37656,80.27831,332.03,300.69,0.4,0.44,2026-09-29,744,n,3.62,D
23.77962,86.21001,345.24,296.18,0.51,0.41,2026-09-29,748,n,5.76,D
8.42104,80.51949,350.14,302.89,0.39,0.44,2026-09-29,744,n,14.22,D
23.77984,86.21276,334.11,296.45,0.51,0.41,2026-09-29,748,n,3.68,D
8.42969,80.54678,339.65,300.92,0.39,0.44,2026-09-29,744,n,5.25,D
22.49149,76.73888,341.46,304.13,0.39,0.44,2026-09-29,748,n,2.83,D
22.59205,76.71364,331.02,305.65,0.39,0.44,2026-09-29,748,l,1.32,D
8.46851,80.73171,330.2,299.61,0.57,0.43,2026-09-29,744,n,2.94,D
22.5474,75.42942,341.94,309.16,0.47,0.48,2026-09-29,748,n,3.14,D
8.44567,80.5691,336.64,299.71,0.39,0.44,2026-09-29,744,n,4.09,D
22.79021,76.44679,332.19,306.95,0.4,0.44,2026-09-29,748,l,1.93,D
8.5159,80.74982,331.15,301.0,0.56,0.43,2026-09-29,744,n,5.64,D
22.75153,76.07218,340.14,308.58,0.42,0.46,2026-09-29,748,n,3.76,D
22.72738,75.43676,338.3,308.15,0.46,0.47,2026-09-29,748,n,3.46,D
8.49563,80.48837,343.75,300.98,0.39,0.44,2026-09-29,744,n,6.6,D
22.81262,75.20267,338.75,309.0,0.48,0.48,2026-09-29,748,n,3.51,D
8.48484,80.17716,354.94,299.51,0.41,0.45,2026-09-29,744,n,11.37,D
23.08401,76.44513,334.4,308.51,0.4,0.44,2026-09-29,748,l,2.03,D
8.49866,80.23495,331.47,298.48,0.4,0.45,2026-09-29,744,n,1.39,D
23.04185,75.87617,333.34,307.88,0.43,0.46,2026-09-29,748,l,0.91,D
8.49177,80.16844,332.33,297.66,0.41,0.45,2026-09-29,744,n,2.13,D
23.09866,76.14652,333.83,308.59,0.41,0.45,2026-09-29,748,n,2.53,D
27.74904,96.32979,327.23,289.68,0.79,0.78,2026-09-29,748,n,8.44,D
8.57673,80.32469,331.29,301.04,0.4,0.44,2026-09-29,744,n,5.03,D
27.74186,96.28973,333.83,290.07,0.78,0.78,2026-09-29,748,n,8.48,D
8.64927,80.70632,331.59,296.18,0.56,0.43,2026-09-29,744,n,3.4,D
27.75081,96.329,327.7,290.18,0.79,0.78,2026-09-29,748,n,5.8,D
8.64532,80.51244,343.12,295.25,0.39,0.44,2026-09-29,744,n,4.52,D
26.91529,81.05634,342.89,300.56,0.38,0.36,2026-09-29,750,n,5.48,D
8.76177,80.20799,330.77,299.77,0.4,0.44,2026-09-29,744,n,5.24,D
26.91471,81.05251,331.98,298.76,0.38,0.36,2026-09-29,750,n,4.74,D
8.88203,80.45733,339.84,297.47,0.39,0.44,2026-09-29,744,n,6.49,D
26.52156,77.69675,331.11,304.45,0.46,0.39,2026-09-29,750,n,1.95,D
8.94287,80.06815,343.09,295.86,0.41,0.45,2026-09-29,744,n,7.89,D
25.6578,72.24281,343.83,299.6,0.32,0.55,2026-09-29,750,n,4.54,D
8.94226,80.06449,341.01,297.3,0.41,0.45,2026-09-29,744,n,7.89,D
25.65714,72.23977,346.83,305.39,0.32,0.55,2026-09-29,750,n,5.84,D
8.94268,80.06841,340.23,295.64,0.41,0.45,2026-09-29,744,n,7.62,D
25.65833,72.24123,367.0,299.51,0.32,0.54,2026-09-29,750,h,4.88,D
8.94205,80.06474,344.18,297.51,0.41,0.45,2026-09-29,744,n,7.62,D
25.65765,72.23819,330.29,303.71,0.32,0.55,2026-09-29,750,n,4.63,D
9.00094,80.06601,333.0,297.64,0.41,0.45,2026-09-29,744,n,2.24,D
28.19149,77.61999,331.89,301.88,0.44,0.38,2026-09-29,750,n,1.61,D
8.82293,78.12508,330.35,298.18,0.55,0.51,2026-09-29,744,n,2.96,D
28.19499,77.61921,330.03,301.18,0.44,0.38,2026-09-29,750,l,1.94,D
9.21624,80.25036,339.95,299.3,0.39,0.44,2026-09-29,744,n,4.4,D
8.86704,78.15784,331.42,298.68,0.55,0.51,2026-09-29,744,n,4.78,D
28.24633,76.66773,335.16,303.52,0.48,0.4,2026-09-29,750,n,3.07,D
28.62781,76.15293,337.69,305.75,0.5,0.41,2026-09-29,750,n,3.94,D
8.78926,77.69003,335.54,305.76,0.59,0.53,2026-09-29,744,l,4.65,D
28.6315,76.15203,338.55,305.3,0.5,0.41,2026-09-29,750,n,5.92,D
8.92647,77.48721,343.48,303.15,0.61,0.53,2026-09-29,744,n,9.2,D
29.62198,77.99657,331.7,300.4,0.42,0.37,2026-09-29,750,n,2.5,D
8.92473,77.4861,337.07,303.7,0.61,0.53,2026-09-29,744,n,5.86,D
29.87124,77.74375,342.16,300.37,0.42,0.38,2026-09-29,750,n,3.09,D
9.45077,80.37487,333.33,299.46,0.38,0.43,2026-09-29,744,n,2.48,D
29.53447,74.48869,334.41,300.35,0.39,0.44,2026-09-29,750,n,3.09,D
9.68816,80.2757,331.72,300.02,0.39,0.44,2026-09-29,744,n,4.24,D
30.05832,73.25651,339.52,296.4,0.45,0.47,2026-09-29,750,n,3.5,D
9.6946,78.82972,330.47,297.44,0.48,0.48,2026-09-29,744,n,2.34,D
30.94599,76.82039,354.26,299.96,0.44,0.38,2026-09-29,750,n,14.7,D
9.88835,78.82493,334.78,298.04,0.47,0.48,2026-09-29,744,n,2.2,D
30.48381,73.68839,341.0,299.1,0.42,0.45,2026-09-29,750,n,8.87,D
10.15889,78.61168,339.97,298.13,0.48,0.48,2026-09-29,744,n,4.34,D
30.56248,73.98853,338.33,299.61,0.4,0.44,2026-09-29,750,n,2.07,D
10.53391,79.64426,332.39,303.0,0.41,0.45,2026-09-29,744,l,2.39,D
30.85542,73.95421,343.8,301.07,0.4,0.44,2026-09-29,750,n,3.57,D
10.54987,79.61479,343.91,304.66,0.41,0.45,2026-09-29,744,n,3.52,D
30.85627,73.95464,340.2,301.77,0.4,0.44,2026-09-29,750,n,3.6,D
10.64989,79.66122,331.95,300.07,0.41,0.45,2026-09-29,744,n,1.33,D
30.829,73.80161,352.45,303.86,0.41,0.45,2026-09-29,750,n,15.1,D
10.67371,78.76625,339.29,300.64,0.46,0.47,2026-09-29,744,n,3.92,D
31.10948,74.64301,331.2,304.59,0.54,0.42,2026-09-29,750,n,2.34,D
10.80482,78.70608,335.86,296.27,0.47,0.47,2026-09-29,744,n,2.31,D
31.20181,74.55953,332.09,300.46,0.55,0.43,2026-09-29,750,n,2.89,D
10.72566,77.99836,335.75,299.1,0.52,0.5,2026-09-29,744,n,5.65,D
31.40313,75.06059,336.14,305.01,0.51,0.41,2026-09-29,750,n,3.93,D
10.93981,79.12971,343.7,304.55,0.44,0.46,2026-09-29,744,n,4.39,D
31.4032,75.05873,336.19,303.69,0.51,0.41,2026-09-29,750,n,3.54,D
10.91853,78.17508,332.18,295.58,0.5,0.49,2026-09-29,744,n,3.41,D
31.64517,74.99128,334.51,305.36,0.51,0.41,2026-09-29,750,n,3.28,D
11.25402,79.47878,333.7,297.27,0.41,0.45,2026-09-29,744,n,2.14,D
31.63489,74.93806,345.55,305.97,0.52,0.41,2026-09-29,750,n,6.29,D
11.75572,79.01936,330.21,300.13,0.43,0.46,2026-09-29,744,n,2.72,D
31.67799,74.9994,335.77,307.32,0.51,0.41,2026-09-29,750,n,3.23,D
11.65912,78.41797,342.05,298.47,0.47,0.48,2026-09-29,744,n,4.32,D
31.52016,74.02271,341.41,301.82,0.38,0.44,2026-09-29,750,n,4.54,D
11.66898,78.16704,333.44,296.83,0.49,0.48,2026-09-29,746,n,2.13,D
31.11901,72.06223,330.65,297.6,0.5,0.49,2026-09-29,750,n,2.63,D
11.70492,78.2152,336.75,297.26,0.48,0.48,2026-09-29,746,n,4.41,D
31.76988,75.0891,331.94,302.67,0.51,0.41,2026-09-29,750,n,3.3,D
14.00939,79.78369,333.68,305.71,0.53,0.42,2026-09-29,746,l,4.96,D
31.77913,74.79035,330.55,304.07,0.52,0.42,2026-09-29,750,n,2.58,D
14.07529,79.89146,336.2,301.67,0.53,0.42,2026-09-29,746,n,4.64,D
31.87343,74.79098,331.19,301.17,0.52,0.42,2026-09-29,750,n,2.84,D
14.14442,79.79692,335.76,302.68,0.53,0.42,2026-09-29,746,n,3.06,D
31.78347,74.22315,337.95,300.67,0.56,0.43,2026-09-29,750,n,11.4,D
14.25638,79.63275,330.01,301.83,0.54,0.42,2026-09-29,746,l,4.61,D
31.78733,74.2221,342.88,304.36,0.56,0.43,2026-09-29,750,n,11.4,D
15.11771,79.62009,351.06,312.0,0.53,0.42,2026-09-29,746,n,13.24,D
31.78327,74.22134,340.27,302.45,0.56,0.43,2026-09-29,750,n,7.81,D
14.93597,78.32538,336.25,300.02,0.42,0.45,2026-09-29,746,n,4.63,D
31.78713,74.22029,338.04,302.91,0.56,0.43,2026-09-29,750,n,8.85,D
15.04553,78.10429,336.4,301.35,0.43,0.46,2026-09-29,746,n,5.58,D
31.95382,74.96368,332.6,301.69,0.51,0.41,2026-09-29,750,n,3.32,D
15.04969,78.10345,337.14,298.41,0.43,0.46,2026-09-29,746,n,3.17,D
31.73813,73.7951,332.85,301.27,0.39,0.44,2026-09-29,750,n,2.32,D
15.22657,78.61636,332.44,297.55,0.4,0.44,2026-09-29,746,n,2.61,D
31.80175,74.06958,333.33,302.46,0.57,0.43,2026-09-29,750,n,5.51,D
15.25339,78.62666,332.44,300.03,0.4,0.44,2026-09-29,746,n,5.57,D
31.9014,74.13927,339.82,304.06,0.56,0.43,2026-09-29,750,n,7.85,D
15.25272,78.62293,338.99,302.09,0.4,0.44,2026-09-29,746,n,5.57,D
31.91951,73.86031,347.78,304.0,0.39,0.44,2026-09-29,750,n,7.3,D
15.4571,79.09087,330.02,302.99,0.56,0.43,2026-09-29,746,l,3.24,D
31.92376,73.62509,332.51,300.02,0.4,0.44,2026-09-29,750,n,3.05,D
15.62222,79.86205,337.51,304.09,0.5,0.41,2026-09-29,746,n,5.26,D
31.98701,73.91632,330.61,298.03,0.57,0.43,2026-09-29,750,n,6.49,D
16.35042,81.40434,335.29,301.77,0.42,0.38,2026-09-29,746,n,3.08,D
31.98582,73.9104,330.43,301.47,0.57,0.43,2026-09-29,750,n,6.49,D
16.35003,81.40497,339.82,302.4,0.42,0.38,2026-09-29,746,n,3.38,D
32.17649,73.94369,335.19,301.8,0.57,0.43,2026-09-29,750,n,6.7,D
16.29464,77.3526,331.48,298.43,0.46,0.47,2026-09-29,746,n,1.07,D
32.1765,73.94708,330.97,300.23,0.57,0.43,2026-09-29,750,n,4.41,D
16.29234,77.3502,331.34,297.58,0.46,0.47,2026-09-29,746,n,0.91,D
32.18039,73.94601,335.64,302.83,0.57,0.43,2026-09-29,750,n,5.34,D
16.57848,77.64194,330.31,297.88,0.44,0.46,2026-09-29,746,n,2.95,D
32.21074,73.83167,332.1,301.01,0.57,0.43,2026-09-29,750,n,7.13,D
16.70156,76.84869,330.88,298.19,0.49,0.48,2026-09-29,746,n,3.46,D
32.2237,73.79349,332.5,302.4,0.38,0.43,2026-09-29,750,n,2.94,D
17.59553,78.98637,332.0,298.95,0.53,0.42,2026-09-29,746,n,1.77,D
33.80629,74.93597,325.65,300.53,0.48,0.4,2026-09-29,752,l,2.3,D
17.65134,79.25768,344.76,300.92,0.51,0.41,2026-09-29,746,n,11.03,D
33.80534,74.93096,330.67,300.27,0.48,0.4,2026-09-29,752,n,2.47,D
17.78785,79.67275,332.41,298.14,0.48,0.4,2026-09-29,746,n,3.56,D
18.61534,83.2235,332.49,301.18,0.38,0.36,2026-09-29,746,n,2.49,D
19.35904,83.93087,330.42,298.57,0.39,0.36,2026-09-29,746,n,1.38,D
19.09761,82.1674,338.71,307.94,0.39,0.36,2026-09-29,746,n,4.6,D
18.78663,78.40167,333.4,303.41,0.54,0.42,2026-09-29,746,n,3.18,D
18.86722,78.39889,331.9,301.05,0.54,0.42,2026-09-29,746,n,4.02,D
20.53314,85.90697,331.99,292.45,0.46,0.39,2026-09-29,746,n,2.9,D
20.76124,85.29874,336.93,306.07,0.44,0.38,2026-09-29,748,n,6.64,D
20.79462,85.25541,335.5,302.9,0.43,0.38,2026-09-29,748,n,10.24,D
20.80569,85.25799,332.41,303.86,0.43,0.38,2026-09-29,748,l,5.38,D
20.86268,84.98952,338.43,299.83,0.43,0.38,2026-09-29,748,n,7.21,D
20.88634,84.98168,332.33,302.2,0.42,0.38,2026-09-29,748,n,4.5,D
20.96268,85.18859,346.68,307.12,0.43,0.38,2026-09-29,748,n,5.82,D
20.96212,85.18442,332.24,302.91,0.43,0.38,2026-09-29,748,l,5.82,D
20.96392,85.17146,335.19,303.19,0.43,0.38,2026-09-29,748,n,7.07,D
20.96797,85.17506,347.45,304.35,0.43,0.38,2026-09-29,748,n,9.06,D
20.97496,85.17401,331.06,302.44,0.43,0.38,2026-09-29,748,l,2.55,D
20.98032,85.13517,330.22,301.25,0.43,0.38,2026-09-29,748,l,3.28,D
21.07859,85.03606,344.01,305.93,0.43,0.38,2026-09-29,748,n,8.17,D
21.04826,80.82903,332.27,305.36,0.4,0.37,2026-09-29,748,l,5.18,D
21.67659,84.03939,333.93,305.84,0.4,0.37,2026-09-29,748,l,5.98,D
21.74679,83.8428,338.19,301.5,0.4,0.37,2026-09-29,748,n,4.06,D
22.37796,87.27955,343.75,302.5,0.57,0.43,2026-09-29,748,n,11.43,D
21.92001,83.35057,343.04,308.13,0.39,0.36,2026-09-29,748,n,5.5,D
21.92333,83.35001,333.6,304.71,0.39,0.36,2026-09-29,748,l,3.86,D
22.01636,83.75478,335.09,306.01,0.4,0.37,2026-09-29,748,l,5.18,D
22.03896,83.73139,339.58,306.72,0.4,0.37,2026-09-29,748,n,4.25,D
22.04231,83.73085,335.34,303.85,0.4,0.37,2026-09-29,748,n,4.25,D
21.98388,83.23184,330.01,303.83,0.39,0.36,2026-09-29,748,l,1.93,D
23.28979,92.81496,327.92,284.43,0.43,0.62,2026-09-29,748,n,3.02,D
22.32297,82.58841,342.38,298.56,0.39,0.36,2026-09-29,748,n,6.03,D
22.31907,82.56245,332.26,302.04,0.38,0.36,2026-09-29,748,n,3.19,D
22.35785,82.30492,337.85,307.36,0.38,0.36,2026-09-29,748,n,5.26,D
22.35728,82.30122,335.66,305.37,0.38,0.36,2026-09-29,748,n,5.26,D
27.73602,96.06626,343.47,288.96,0.39,0.59,2026-09-30,729,n,4.45,D
6.43276,81.29213,330.07,292.55,0.39,0.59,2026-09-30,724,n,3.52,D
27.73723,96.06511,341.58,289.42,0.39,0.59,2026-09-30,729,n,4.62,D
6.44447,80.75105,335.17,292.31,0.42,0.61,2026-09-30,724,n,3.27,D
26.81973,85.33169,337.63,296.69,0.39,0.36,2026-09-30,729,n,2.78,D
7.25259,81.84631,342.58,292.14,0.34,0.56,2026-09-30,724,n,3.36,D
7.25503,81.84763,335.69,291.96,0.34,0.56,2026-09-30,724,n,2.35,D
25.20335,76.73972,330.95,299.88,0.34,0.56,2026-09-30,729,n,2.15,D
7.36759,81.05714,330.09,294.46,0.39,0.59,2026-09-30,726,n,5.79,D
28.74946,71.15385,333.1,299.24,0.61,0.71,2026-09-30,731,n,4.97,D
7.58782,81.01924,344.98,294.22,0.39,0.59,2026-09-30,726,n,3.19,D
28.75048,71.15324,334.72,300.06,0.61,0.71,2026-09-30,731,n,5.22,D
7.82612,81.11343,349.43,296.76,0.38,0.59,2026-09-30,726,n,6.65,D
29.78814,72.8183,332.24,297.92,0.46,0.63,2026-09-30,731,n,3.16,D
7.77802,80.84462,338.14,295.58,0.4,0.6,2026-09-30,726,n,4.81,D
30.33188,73.56804,333.09,297.87,0.4,0.6,2026-09-30,731,n,1.93,D
7.83145,81.11246,343.18,297.4,0.38,0.59,2026-09-30,726,n,5.16,D
30.67275,74.70084,354.33,298.24,0.34,0.56,2026-09-30,731,n,5.06,D
7.75655,80.66175,351.62,291.41,0.41,0.6,2026-09-30,726,n,5.1,D
30.67774,74.69925,367.0,302.5,0.34,0.56,2026-09-30,731,h,20.65,D
7.84398,80.6418,333.04,292.57,0.41,0.6,2026-09-30,726,n,2.65,D
30.67692,74.69582,353.6,303.08,0.34,0.56,2026-09-30,731,n,13.66,D
8.04979,81.09496,330.23,294.91,0.38,0.58,2026-09-30,726,n,3.34,D
30.48984,73.85419,346.73,299.31,0.38,0.59,2026-09-30,731,n,5.88,D
8.21156,81.03739,330.74,295.14,0.38,0.59,2026-09-30,726,n,2.48,D
30.44163,73.6583,338.35,298.02,0.4,0.6,2026-09-30,731,n,2.76,D
30.98207,74.44752,335.33,298.99,0.35,0.56,2026-09-30,731,n,1.95,D
8.12462,80.43655,333.15,290.55,0.42,0.61,2026-09-30,726,n,4.01,D
30.98096,74.19095,342.28,299.14,0.36,0.57,2026-09-30,731,n,3.23,D
8.64707,80.49957,330.46,290.85,0.4,0.6,2026-09-30,726,n,4.93,D
30.98156,74.19049,342.01,299.65,0.36,0.57,2026-09-30,731,n,2.85,D
9.65265,80.30958,334.07,295.04,0.4,0.6,2026-09-30,726,n,4.9,D
31.10069,74.63891,335.32,299.59,0.33,0.56,2026-09-30,731,n,4.22,D
9.50483,77.58497,333.29,292.57,0.62,0.71,2026-09-30,726,n,5.27,D
31.12642,74.61254,334.65,300.65,0.34,0.56,2026-09-30,731,n,3.62,D
10.05331,79.01387,332.98,292.95,0.48,0.65,2026-09-30,726,n,8.03,D
31.55173,75.14087,329.78,301.87,0.61,0.54,2026-09-30,731,n,2.9,D
10.03709,78.71851,330.21,294.05,0.5,0.66,2026-09-30,726,n,3.12,D
31.48608,74.54945,330.8,300.75,0.33,0.55,2026-09-30,731,n,1.51,D
31.57648,74.59917,332.14,299.67,0.33,0.55,2026-09-30,731,n,1.54,D
31.66297,74.76675,341.14,301.93,0.32,0.55,2026-09-30,731,n,2.57,D
10.70892,78.89933,332.8,295.8,0.48,0.64,2026-09-30,726,n,3.04,D
31.66395,74.76625,339.35,301.19,0.32,0.55,2026-09-30,731,n,2.17,D
10.89286,79.01672,337.11,292.83,0.46,0.64,2026-09-30,726,n,8.74,D
31.72326,74.66262,338.76,299.98,0.32,0.55,2026-09-30,731,n,3.06,D
11.30108,77.31915,336.25,291.27,0.6,0.7,2026-09-30,726,n,5.21,D
31.83598,74.58247,330.01,299.7,0.32,0.55,2026-09-30,731,n,1.99,D
13.33345,80.07598,336.85,294.19,0.35,0.57,2026-09-30,726,n,2.59,D
31.38879,72.24094,344.75,296.29,0.45,0.63,2026-09-30,731,n,5.15,D
13.87048,79.62819,336.5,299.21,0.37,0.58,2026-09-30,726,n,2.03,D
31.93929,74.26233,333.5,300.29,0.34,0.56,2026-09-30,731,n,2.32,D
31.91984,73.85737,330.27,300.27,0.36,0.57,2026-09-30,731,l,2.83,D
14.06011,80.1069,332.64,298.48,0.34,0.56,2026-09-30,726,n,2.65,D
31.9855,73.92519,335.32,300.38,0.35,0.57,2026-09-30,731,n,2.87,D
14.11986,79.93661,333.99,297.89,0.35,0.57,2026-09-30,726,n,2.29,D
32.14616,74.021,342.14,302.53,0.34,0.56,2026-09-30,731,n,3.03,D
14.38589,79.73903,344.76,297.12,0.36,0.57,2026-09-30,726,n,3.34,D
32.14397,74.02208,341.68,303.52,0.34,0.56,2026-09-30,731,n,3.17,D
15.1231,79.62081,336.35,299.48,0.35,0.57,2026-09-30,729,n,2.93,D
32.28489,74.45009,338.41,300.66,0.32,0.55,2026-09-30,731,n,2.08,D
15.12245,79.61752,342.9,302.89,0.35,0.57,2026-09-30,729,n,5.96,D
34.08183,75.33435,325.21,295.27,0.53,0.5,2026-09-30,731,n,4.17,D
34.82942,70.72253,351.5,303.78,0.45,0.63,2026-09-30,731,n,72.24,D
15.14156,78.48534,367.0,296.06,0.42,0.61,2026-09-30,729,h,5.64,D
15.74283,80.33101,344.64,291.92,0.62,0.54,2026-09-30,729,n,11.5,D
15.92106,79.36684,342.75,300.09,0.35,0.57,2026-09-30,729,n,2.03,D
16.71242,79.56333,353.38,300.21,0.33,0.55,2026-09-30,729,n,5.25,D
16.95251,79.41331,338.77,297.5,0.34,0.56,2026-09-30,729,n,2.5,D
17.0808,79.3266,343.87,296.84,0.34,0.56,2026-09-30,729,n,3.25,D
17.08417,79.32526,343.86,297.67,0.34,0.56,2026-09-30,729,n,3.77,D
18.28592,78.57539,331.57,295.94,0.36,0.57,2026-09-30,729,n,5.1,D
18.82128,78.50321,329.18,296.65,0.35,0.57,2026-09-30,729,n,1.63,D
18.93197,78.43241,332.65,297.24,0.36,0.57,2026-09-30,729,n,2.11,D
20.76149,85.29932,331.62,302.43,0.41,0.37,2026-09-30,729,l,4.82,D
20.79244,85.25293,336.26,301.72,0.41,0.37,2026-09-30,729,n,7.04,D
20.79287,85.2535,338.25,301.19,0.41,0.37,2026-09-30,729,n,5.07,D
20.95461,86.05037,332.85,301.88,0.39,0.37,2026-09-30,729,n,4.0,D
20.99702,86.01556,336.67,301.23,0.4,0.37,2026-09-30,729,n,4.25,D
20.96137,85.18972,341.7,306.86,0.42,0.37,2026-09-30,729,n,4.6,D
20.96478,85.18909,331.52,305.41,0.42,0.37,2026-09-30,729,l,4.6,D
20.96413,85.18515,330.93,305.63,0.42,0.37,2026-09-30,729,l,7.22,D
20.96218,85.17331,331.76,302.75,0.42,0.37,2026-09-30,729,l,5.38,D
20.96493,85.16869,336.36,303.97,0.42,0.37,2026-09-30,729,n,5.35,D
20.96964,85.17596,352.26,305.38,0.42,0.37,2026-09-30,729,n,11.0,D
20.9758,85.1707,331.92,302.67,0.42,0.37,2026-09-30,729,l,4.55,D
21.07705,85.0377,340.98,306.34,0.42,0.38,2026-09-30,729,n,9.43,D
21.08047,85.03706,340.96,305.5,0.42,0.38,2026-09-30,729,n,6.31,D
22.05397,88.12537,332.7,294.4,0.39,0.36,2026-09-30,729,n,2.41,D
21.19019,81.41653,335.85,302.76,0.42,0.45,2026-09-30,729,n,2.39,D
21.19428,81.41567,336.85,303.53,0.42,0.45,2026-09-30,729,n,3.84,D
21.67693,84.04008,331.31,303.93,0.45,0.39,2026-09-30,729,l,7.04,D
21.30084,81.60406,330.92,301.98,0.41,0.45,2026-09-30,729,l,2.34,D
21.74903,83.84386,332.22,306.7,0.46,0.39,2026-09-30,729,l,5.97,D
21.75508,83.84382,334.01,305.55,0.46,0.39,2026-09-30,729,l,4.95,D
22.36956,87.30087,331.12,299.03,0.38,0.36,2026-09-30,729,n,2.18,D
22.37665,87.28062,332.34,300.73,0.38,0.36,2026-09-30,729,n,3.61,D
21.91996,83.3512,344.39,309.9,0.48,0.4,2026-09-30,729,n,10.31,D
22.20844,84.86346,338.54,303.22,0.42,0.37,2026-09-30,729,n,5.7,D
22.32176,82.59049,335.09,302.71,0.52,0.41,2026-09-30,729,n,9.47,D
22.35964,82.30135,334.69,307.05,0.53,0.42,2026-09-30,729,l,7.33,D
22.35862,82.30431,335.7,307.94,0.53,0.42,2026-09-30,729,l,8.44,D
23.68733,87.12164,334.38,302.0,0.39,0.36,2026-09-30,729,n,5.08,D
23.66677,86.9176,339.86,301.27,0.38,0.36,2026-09-30,729,n,4.3,D
23.6291,86.29134,336.42,297.12,0.38,0.36,2026-09-30,729,n,4.66,D
23.68533,86.3925,338.89,302.54,0.38,0.36,2026-09-30,729,n,5.5,D
23.67545,86.0864,331.57,304.34,0.39,0.36,2026-09-30,729,l,3.37,D
23.76547,86.40469,330.43,297.23,0.38,0.36,2026-09-30,729,n,1.91,D
23.77287,86.36491,337.65,302.28,0.38,0.36,2026-09-30,731,n,3.89,D
23.64773,85.43808,344.49,304.21,0.39,0.36,2026-09-30,731,n,6.06,D
23.77995,86.20992,345.34,304.36,0.38,0.36,2026-09-30,731,n,7.22,D
23.80181,86.32905,339.3,303.2,0.38,0.36,2026-09-30,731,n,5.68,D
23.80665,86.31663,333.06,300.71,0.38,0.36,2026-09-30,731,n,4.75,D
23.6949,85.28752,336.34,305.19,0.4,0.37,2026-09-30,731,n,5.39,D
21.14906,72.73802,329.95,290.48,0.74,0.76,2026-09-30,731,n,2.95,D
22.85707,75.72878,330.52,301.27,0.44,0.62,2026-09-30,731,l,2.87,D
26.20095,90.49501,333.19,292.84,0.52,0.41,2026-09-30,731,n,5.53,D
